0 verbose cli /usr/local/bin/node /usr/local/bin/npm
1 info using npm@10.9.3
2 info using node@v22.20.0
3 silly config load:file:/usr/local/lib/node_modules/npm/npmrc
4 silly config load:file:/Users/nixonpaul/.npmrc
5 silly config load:file:/Users/nixonpaul/.npm-global/etc/npmrc
6 verbose title npm install
7 verbose argv "install"
8 verbose logfile logs-max:10 dir:/Users/nixonpaul/code/nlp resume analyzer/NLP-based-Resume-Analyzer/.npm-cache/_logs/2026-10-08T21_04_55_059Z-
9 verbose logfile /Users/nixonpaul/code/nlp resume analyzer/NLP-based-Resume-Analyzer/.npm-cache/_logs/2026-10-08T21_04_55_059Z-debug-0.log
10 silly logfile done cleaning log files
11 silly packumentCache heap:4345298944 maxSize:1086324736 maxEntrySize:543162368
12 silly idealTree buildDeps
13 silly fetch manifest @google/genai@^2.19.0
14 silly packumentCache full:https://registry.npmjs.org/@google%2fgenai cache-miss
15 verbose shrinkwrap failed to load node_modules/.package-lock.json out of date, updated: node_modules
16 http fetch GET 200 https://registry.npmjs.org/npm 165ms
17 http fetch GET 200 https://registry.npmjs.org/@google%2fgenai 490ms (cache miss)
18 silly packumentCache full:https://registry.npmjs.org/@google%2fgenai set size:undefined disposed:false
19 silly fetch manifest @modelcontextprotocol/sdk@^1.25.2
20 silly packumentCache full:https://registry.npmjs.org/@modelcontextprotocol%2fsdk cache-miss
21 http fetch GET 200 https://registry.npmjs.org/@modelcontextprotocol%2fsdk 547ms (cache miss)
22 silly packumentCache full:https://registry.npmjs.org/@modelcontextprotocol%2fsdk set size:undefined disposed:false
23 silly fetch manifest @cfworker/json-schema@^4.1.1
24 silly packumentCache full:https://registry.npmjs.org/@cfworker%2fjson-schema cache-miss
25 http fetch GET 200 https://registry.npmjs.org/@cfworker%2fjson-schema 471ms (cache miss)
26 silly packumentCache full:https://registry.npmjs.org/@cfworker%2fjson-schema set size:undefined disposed:false
27 silly fetch manifest @prisma/orm-postgres@^8.0.0-rc.11
28 silly packumentCache full:https://registry.npmjs.org/@prisma%2form-postgres cache-miss
29 http fetch GET 200 https://registry.npmjs.org/@prisma%2form-postgres 731ms (cache miss)
30 silly packumentCache full:https://registry.npmjs.org/@prisma%2form-postgres set size:undefined disposed:false
31 silly fetch manifest temporal-polyfill@^1.0.4
32 silly packumentCache full:https://registry.npmjs.org/temporal-polyfill cache-miss
33 http fetch GET 200 https://registry.npmjs.org/temporal-polyfill 252ms (cache miss)
34 silly packumentCache full:https://registry.npmjs.org/temporal-polyfill set size:undefined disposed:false
35 silly fetch manifest typescript@^7.0.2
36 silly packumentCache full:https://registry.npmjs.org/typescript cache-miss
37 http fetch GET 200 https://registry.npmjs.org/typescript 272ms (cache miss)
38 silly packumentCache full:https://registry.npmjs.org/typescript set size:undefined disposed:false
39 silly fetch manifest @types/bcrypt@^6.0.0
40 silly packumentCache full:https://registry.npmjs.org/@types%2fbcrypt cache-miss
41 http fetch GET 200 https://registry.npmjs.org/@types%2fbcrypt 231ms (cache miss)
42 silly packumentCache full:https://registry.npmjs.org/@types%2fbcrypt set size:undefined disposed:false
43 silly fetch manifest @types/jsonwebtoken@^9.0.10
44 silly packumentCache full:https://registry.npmjs.org/@types%2fjsonwebtoken cache-miss
45 http fetch GET 200 https://registry.npmjs.org/@types%2fjsonwebtoken 26ms (cache miss)
46 silly packumentCache full:https://registry.npmjs.org/@types%2fjsonwebtoken set size:undefined disposed:false
47 silly fetch manifest axios@^1.19.0
48 silly packumentCache full:https://registry.npmjs.org/axios cache-miss
49 http fetch GET 200 https://registry.npmjs.org/axios 40ms (cache miss)
50 silly packumentCache full:https://registry.npmjs.org/axios set size:undefined disposed:false
51 silly fetch manifest bcrypt@^6.0.0
52 silly packumentCache full:https://registry.npmjs.org/bcrypt cache-miss
53 http fetch GET 200 https://registry.npmjs.org/bcrypt 29ms (cache miss)
54 silly packumentCache full:https://registry.npmjs.org/bcrypt set size:undefined disposed:false
55 silly fetch manifest jsonwebtoken@^9.0.3
56 silly packumentCache full:https://registry.npmjs.org/jsonwebtoken cache-miss
57 http fetch GET 200 https://registry.npmjs.org/jsonwebtoken 31ms (cache miss)
58 silly packumentCache full:https://registry.npmjs.org/jsonwebtoken set size:undefined disposed:false
59 silly fetch manifest prisma@^8.0.0-rc.15
60 silly packumentCache full:https://registry.npmjs.org/prisma cache-miss
61 http fetch GET 200 https://registry.npmjs.org/prisma 1021ms (cache miss)
62 silly packumentCache full:https://registry.npmjs.org/prisma set size:undefined disposed:false
63 silly fetch manifest zod@^4.4.3
64 silly packumentCache full:https://registry.npmjs.org/zod cache-miss
65 http fetch GET 200 https://registry.npmjs.org/zod 80ms (cache miss)
66 silly packumentCache full:https://registry.npmjs.org/zod set size:undefined disposed:false
67 silly fetch manifest @types/pg@^8.23.1
68 silly packumentCache full:https://registry.npmjs.org/@types%2fpg cache-miss
69 http fetch GET 200 https://registry.npmjs.org/@types%2fpg 32ms (cache miss)
70 silly packumentCache full:https://registry.npmjs.org/@types%2fpg set size:undefined disposed:false
71 silly placeDep ROOT @google/genai@2.28.0 OK for:  want: ^2.19.0
72 silly placeDep ROOT @prisma/orm-postgres@8.0.0-rc.17 OK for:  want: ^8.0.0-rc.11
73 silly placeDep ROOT temporal-polyfill@1.0.5 OK for: @prisma/orm-postgres@8.0.0-rc.17 want: ^1.0.4
74 silly placeDep ROOT @types/bcrypt@6.0.0 OK for:  want: ^6.0.0
75 silly placeDep ROOT @types/jsonwebtoken@9.0.10 OK for:  want: ^9.0.10
76 silly placeDep ROOT @types/pg@8.23.1 OK for:  want: ^8.23.1
77 silly placeDep ROOT axios@1.20.0 OK for:  want: ^1.19.0
78 silly placeDep ROOT bcrypt@6.0.0 OK for:  want: ^6.0.0
79 silly placeDep ROOT jsonwebtoken@9.0.3 OK for:  want: ^9.0.3
80 silly placeDep ROOT prisma@8.0.0-rc.22 OK for:  want: ^8.0.0-rc.15
81 silly placeDep ROOT typescript@7.0.2 REPLACE for:  want: ^7.0.2
82 silly placeDep ROOT zod@4.6.5 OK for:  want: ^4.4.3
83 silly fetch manifest ws@^8.18.0
84 silly packumentCache full:https://registry.npmjs.org/ws cache-miss
85 silly fetch manifest p-retry@^4.6.2
86 silly packumentCache full:https://registry.npmjs.org/p-retry cache-miss
87 silly fetch manifest protobufjs@^7.5.4
88 silly packumentCache full:https://registry.npmjs.org/protobufjs cache-miss
89 silly fetch manifest google-auth-library@^10.3.0
90 silly packumentCache full:https://registry.npmjs.org/google-auth-library cache-miss
91 silly fetch manifest pg@8.22.0
92 silly packumentCache full:https://registry.npmjs.org/pg cache-miss
93 silly fetch manifest pathe@^2.0.3
94 silly packumentCache full:https://registry.npmjs.org/pathe cache-miss
95 silly fetch manifest arktype@^2.2.2
96 silly packumentCache full:https://registry.npmjs.org/arktype cache-miss
97 silly fetch manifest @types/pg@8.20.4
98 silly packumentCache full:https://registry.npmjs.org/@types%2fpg cache-miss
99 silly fetch manifest tinyglobby@^0.2.17
100 silly packumentCache full:https://registry.npmjs.org/tinyglobby cache-miss
101 http cache https://registry.npmjs.org/@types%2fpg 6ms (cache hit)
102 silly packumentCache full:https://registry.npmjs.org/@types%2fpg set size:208335 disposed:false
103 silly fetch manifest @types/node@26.1.2
104 silly packumentCache full:https://registry.npmjs.org/@types%2fnode cache-miss
105 http fetch GET 200 https://registry.npmjs.org/ws 36ms (cache miss)
106 silly packumentCache full:https://registry.npmjs.org/ws set size:undefined disposed:false
107 silly fetch manifest @prisma/orm-framework@8.0.0-rc.17
108 silly packumentCache full:https://registry.npmjs.org/@prisma%2form-framework cache-miss
109 http fetch GET 200 https://registry.npmjs.org/pathe 56ms (cache miss)
110 silly packumentCache full:https://registry.npmjs.org/pathe set size:undefined disposed:false
111 silly fetch manifest @prisma/orm-toolchain@8.0.0-rc.17
112 silly packumentCache full:https://registry.npmjs.org/@prisma%2form-toolchain cache-miss
113 http fetch GET 200 https://registry.npmjs.org/tinyglobby 83ms (cache miss)
114 silly packumentCache full:https://registry.npmjs.org/tinyglobby set size:undefined disposed:false
115 silly fetch manifest @prisma/orm-family-sql@8.0.0-rc.17
116 silly packumentCache full:https://registry.npmjs.org/@prisma%2form-family-sql cache-miss
117 http fetch GET 200 https://registry.npmjs.org/protobufjs 91ms (cache miss)
118 silly packumentCache full:https://registry.npmjs.org/protobufjs set size:undefined disposed:false
119 silly fetch manifest @prisma/orm-target-postgres@8.0.0-rc.17
120 silly packumentCache full:https://registry.npmjs.org/@prisma%2form-target-postgres cache-miss
121 http fetch GET 200 https://registry.npmjs.org/pg 94ms (cache miss)
122 silly packumentCache full:https://registry.npmjs.org/pg set size:undefined disposed:false
123 silly fetch manifest temporal-spec@1.0.1
124 silly packumentCache full:https://registry.npmjs.org/temporal-spec cache-miss
125 http fetch GET 200 https://registry.npmjs.org/arktype 97ms (cache miss)
126 silly packumentCache full:https://registry.npmjs.org/arktype set size:undefined disposed:false
127 silly fetch manifest temporal-utils@1.0.3
128 silly packumentCache full:https://registry.npmjs.org/temporal-utils cache-miss
129 http fetch GET 200 https://registry.npmjs.org/google-auth-library 105ms (cache miss)
130 silly packumentCache full:https://registry.npmjs.org/google-auth-library set size:undefined disposed:false
131 silly fetch manifest @types/ms@*
132 silly packumentCache full:https://registry.npmjs.org/@types%2fms cache-miss
133 http fetch GET 200 https://registry.npmjs.org/@types%2fms 26ms (cache miss)
134 silly packumentCache full:https://registry.npmjs.org/@types%2fms set size:undefined disposed:false
135 silly fetch manifest pg-types@^2.2.0
136 silly packumentCache full:https://registry.npmjs.org/pg-types cache-miss
137 http fetch GET 200 https://registry.npmjs.org/pg-types 22ms (cache miss)
138 silly packumentCache full:https://registry.npmjs.org/pg-types set size:undefined disposed:false
139 silly fetch manifest pg-protocol@*
140 silly packumentCache full:https://registry.npmjs.org/pg-protocol cache-miss
141 http fetch GET 200 https://registry.npmjs.org/pg-protocol 21ms (cache miss)
142 silly packumentCache full:https://registry.npmjs.org/pg-protocol set size:undefined disposed:false
143 silly fetch manifest form-data@^4.0.6
144 silly packumentCache full:https://registry.npmjs.org/form-data cache-miss
145 http fetch GET 200 https://registry.npmjs.org/form-data 25ms (cache miss)
146 silly packumentCache full:https://registry.npmjs.org/form-data set size:undefined disposed:false
147 silly fetch manifest proxy-from-env@^2.1.0
148 silly packumentCache full:https://registry.npmjs.org/proxy-from-env cache-miss
149 http fetch GET 200 https://registry.npmjs.org/@types%2fnode 204ms (cache miss)
150 silly packumentCache full:https://registry.npmjs.org/@types%2fnode set size:undefined disposed:false
151 silly fetch manifest follow-redirects@^1.16.0
152 silly packumentCache full:https://registry.npmjs.org/follow-redirects cache-miss
153 http fetch GET 200 https://registry.npmjs.org/proxy-from-env 42ms (cache miss)
154 silly packumentCache full:https://registry.npmjs.org/proxy-from-env set size:undefined disposed:false
155 silly fetch manifest https-proxy-agent@^5.0.1
156 silly packumentCache full:https://registry.npmjs.org/https-proxy-agent cache-miss
157 http fetch GET 200 https://registry.npmjs.org/p-retry 247ms (cache miss)
158 silly packumentCache full:https://registry.npmjs.org/p-retry set size:undefined disposed:false
159 silly fetch manifest node-addon-api@^8.3.0
160 silly packumentCache full:https://registry.npmjs.org/node-addon-api cache-miss
161 http fetch GET 200 https://registry.npmjs.org/https-proxy-agent 25ms (cache miss)
162 silly packumentCache full:https://registry.npmjs.org/https-proxy-agent set size:undefined disposed:false
163 silly fetch manifest node-gyp-build@^4.8.4
164 silly packumentCache full:https://registry.npmjs.org/node-gyp-build cache-miss
165 http fetch GET 200 https://registry.npmjs.org/follow-redirects 28ms (cache miss)
166 silly packumentCache full:https://registry.npmjs.org/follow-redirects set size:undefined disposed:false
167 silly fetch manifest ms@^2.1.1
168 silly packumentCache full:https://registry.npmjs.org/ms cache-miss
169 http fetch GET 200 https://registry.npmjs.org/node-addon-api 30ms (cache miss)
170 silly packumentCache full:https://registry.npmjs.org/node-addon-api set size:undefined disposed:false
171 silly fetch manifest jws@^4.0.1
172 silly packumentCache full:https://registry.npmjs.org/jws cache-miss
173 http fetch GET 200 https://registry.npmjs.org/node-gyp-build 24ms (cache miss)
174 silly packumentCache full:https://registry.npmjs.org/node-gyp-build set size:undefined disposed:false
175 silly fetch manifest semver@^7.5.4
176 silly packumentCache full:https://registry.npmjs.org/semver cache-miss
177 http fetch GET 200 https://registry.npmjs.org/ms 26ms (cache miss)
178 silly packumentCache full:https://registry.npmjs.org/ms set size:undefined disposed:false
179 silly fetch manifest lodash.once@^4.0.0
180 silly packumentCache full:https://registry.npmjs.org/lodash.once cache-miss
181 http fetch GET 200 https://registry.npmjs.org/jws 27ms (cache miss)
182 silly packumentCache full:https://registry.npmjs.org/jws set size:undefined disposed:false
183 silly fetch manifest lodash.includes@^4.3.0
184 silly packumentCache full:https://registry.npmjs.org/lodash.includes cache-miss
185 http fetch GET 200 https://registry.npmjs.org/lodash.once 18ms (cache miss)
186 silly packumentCache full:https://registry.npmjs.org/lodash.once set size:undefined disposed:false
187 silly fetch manifest lodash.isnumber@^3.0.3
188 silly packumentCache full:https://registry.npmjs.org/lodash.isnumber cache-miss
189 http fetch GET 200 https://registry.npmjs.org/temporal-utils 226ms (cache miss)
190 silly packumentCache full:https://registry.npmjs.org/temporal-utils set size:undefined disposed:false
191 silly fetch manifest lodash.isstring@^4.0.1
192 silly packumentCache full:https://registry.npmjs.org/lodash.isstring cache-miss
193 http fetch GET 200 https://registry.npmjs.org/temporal-spec 231ms (cache miss)
194 silly packumentCache full:https://registry.npmjs.org/temporal-spec set size:undefined disposed:false
195 silly fetch manifest lodash.isboolean@^3.0.3
196 silly packumentCache full:https://registry.npmjs.org/lodash.isboolean cache-miss
197 http fetch GET 200 https://registry.npmjs.org/lodash.includes 23ms (cache miss)
198 silly packumentCache full:https://registry.npmjs.org/lodash.includes set size:undefined disposed:false
199 silly fetch manifest lodash.isinteger@^4.0.4
200 silly packumentCache full:https://registry.npmjs.org/lodash.isinteger cache-miss
201 http fetch GET 200 https://registry.npmjs.org/semver 33ms (cache miss)
202 silly packumentCache full:https://registry.npmjs.org/semver set size:undefined disposed:false
203 silly fetch manifest lodash.isplainobject@^4.0.6
204 silly packumentCache full:https://registry.npmjs.org/lodash.isplainobject cache-miss
205 http fetch GET 200 https://registry.npmjs.org/lodash.isnumber 29ms (cache miss)
206 silly packumentCache full:https://registry.npmjs.org/lodash.isnumber set size:undefined disposed:false
207 silly fetch manifest open@^11.0.0
208 silly packumentCache full:https://registry.npmjs.org/open cache-miss
209 http fetch GET 200 https://registry.npmjs.org/lodash.isstring 24ms (cache miss)
210 silly packumentCache full:https://registry.npmjs.org/lodash.isstring set size:undefined disposed:false
211 silly fetch manifest execa@^9.6.1
212 silly packumentCache full:https://registry.npmjs.org/execa cache-miss
213 http fetch GET 200 https://registry.npmjs.org/lodash.isboolean 23ms (cache miss)
214 silly packumentCache full:https://registry.npmjs.org/lodash.isboolean set size:undefined disposed:false
215 silly fetch manifest dotenv@^17.4.2
216 silly packumentCache full:https://registry.npmjs.org/dotenv cache-miss
217 http fetch GET 200 https://registry.npmjs.org/lodash.isinteger 25ms (cache miss)
218 silly packumentCache full:https://registry.npmjs.org/lodash.isinteger set size:undefined disposed:false
219 silly fetch manifest cross-spawn@^7.0.6
220 silly packumentCache full:https://registry.npmjs.org/cross-spawn cache-miss
221 http fetch GET 200 https://registry.npmjs.org/lodash.isplainobject 29ms (cache miss)
222 silly packumentCache full:https://registry.npmjs.org/lodash.isplainobject set size:undefined disposed:false
223 silly fetch manifest better-result@^2.9.2
224 silly packumentCache full:https://registry.npmjs.org/better-result cache-miss
225 http fetch GET 200 https://registry.npmjs.org/open 25ms (cache miss)
226 silly packumentCache full:https://registry.npmjs.org/open set size:undefined disposed:false
227 silly fetch manifest @manypkg/tools@^2.1.2
228 silly packumentCache full:https://registry.npmjs.org/@manypkg%2ftools cache-miss
229 http fetch GET 200 https://registry.npmjs.org/execa 25ms (cache miss)
230 silly packumentCache full:https://registry.npmjs.org/execa set size:undefined disposed:false
231 silly fetch manifest @prisma/cli-engine@0.7.0
232 silly packumentCache full:https://registry.npmjs.org/@prisma%2fcli-engine cache-miss
233 http fetch GET 200 https://registry.npmjs.org/dotenv 31ms (cache miss)
234 silly packumentCache full:https://registry.npmjs.org/dotenv set size:undefined disposed:false
235 silly fetch manifest @prisma/compute-sdk@0.43.0
236 silly packumentCache full:https://registry.npmjs.org/@prisma%2fcompute-sdk cache-miss
237 http fetch GET 200 https://registry.npmjs.org/cross-spawn 28ms (cache miss)
238 silly packumentCache full:https://registry.npmjs.org/cross-spawn set size:undefined disposed:false
239 silly fetch manifest @prisma/composer-cli@0.29.1
240 silly packumentCache full:https://registry.npmjs.org/@prisma%2fcomposer-cli cache-miss
241 http fetch GET 200 https://registry.npmjs.org/@prisma%2form-framework 460ms (cache miss)
242 silly packumentCache full:https://registry.npmjs.org/@prisma%2form-framework set size:undefined disposed:false
243 silly fetch manifest @vercel/detect-agent@^1.2.3
244 silly packumentCache full:https://registry.npmjs.org/@vercel%2fdetect-agent cache-miss
245 http fetch GET 200 https://registry.npmjs.org/@prisma%2fcomposer-cli 201ms (cache miss)
246 silly packumentCache full:https://registry.npmjs.org/@prisma%2fcomposer-cli set size:undefined disposed:false
247 silly fetch manifest @prisma/orm-toolchain@8.0.0-rc.17
248 silly packumentCache full:https://registry.npmjs.org/@prisma%2form-toolchain cache-miss
249 http fetch GET 200 https://registry.npmjs.org/better-result 232ms (cache miss)
250 silly packumentCache full:https://registry.npmjs.org/better-result set size:undefined disposed:false
251 silly fetch manifest @prisma/management-api-sdk@1.80.0
252 silly packumentCache full:https://registry.npmjs.org/@prisma%2fmanagement-api-sdk cache-miss
253 http fetch GET 200 https://registry.npmjs.org/@prisma%2form-toolchain 643ms (cache miss)
254 silly packumentCache full:https://registry.npmjs.org/@prisma%2form-toolchain set size:undefined disposed:false
255 silly fetch manifest @typescript/typescript-aix-ppc64@7.0.2
256 silly packumentCache full:https://registry.npmjs.org/@typescript%2ftypescript-aix-ppc64 cache-miss
257 http fetch GET 200 https://registry.npmjs.org/@prisma%2form-toolchain 119ms (cache miss)
258 silly packumentCache full:https://registry.npmjs.org/@prisma%2form-toolchain set size:undefined disposed:false
259 silly fetch manifest @typescript/typescript-linux-arm@7.0.2
260 silly packumentCache full:https://registry.npmjs.org/@typescript%2ftypescript-linux-arm cache-miss
261 http fetch GET 200 https://registry.npmjs.org/@typescript%2ftypescript-aix-ppc64 33ms (cache miss)
262 silly packumentCache full:https://registry.npmjs.org/@typescript%2ftypescript-aix-ppc64 set size:undefined disposed:false
263 silly fetch manifest @typescript/typescript-linux-x64@7.0.2
264 silly packumentCache full:https://registry.npmjs.org/@typescript%2ftypescript-linux-x64 cache-miss
265 http fetch GET 200 https://registry.npmjs.org/@typescript%2ftypescript-linux-arm 41ms (cache miss)
266 silly packumentCache full:https://registry.npmjs.org/@typescript%2ftypescript-linux-arm set size:undefined disposed:false
267 silly fetch manifest @typescript/typescript-sunos-x64@7.0.2
268 silly packumentCache full:https://registry.npmjs.org/@typescript%2ftypescript-sunos-x64 cache-miss
269 http fetch GET 200 https://registry.npmjs.org/@typescript%2ftypescript-linux-x64 30ms (cache miss)
270 silly packumentCache full:https://registry.npmjs.org/@typescript%2ftypescript-linux-x64 set size:undefined disposed:false
271 silly fetch manifest @typescript/typescript-win32-x64@7.0.2
272 silly packumentCache full:https://registry.npmjs.org/@typescript%2ftypescript-win32-x64 cache-miss
273 http fetch GET 200 https://registry.npmjs.org/@prisma%2form-target-postgres 678ms (cache miss)
274 silly packumentCache full:https://registry.npmjs.org/@prisma%2form-target-postgres set size:undefined disposed:false
275 silly fetch manifest @typescript/typescript-darwin-x64@7.0.2
276 silly packumentCache full:https://registry.npmjs.org/@typescript%2ftypescript-darwin-x64 cache-miss
277 http fetch GET 200 https://registry.npmjs.org/@prisma%2form-family-sql 695ms (cache miss)
278 silly packumentCache full:https://registry.npmjs.org/@prisma%2form-family-sql set size:undefined disposed:false
279 silly fetch manifest @typescript/typescript-netbsd-x64@7.0.2
280 silly packumentCache full:https://registry.npmjs.org/@typescript%2ftypescript-netbsd-x64 cache-miss
281 http fetch GET 200 https://registry.npmjs.org/@prisma%2fmanagement-api-sdk 190ms (cache miss)
282 silly packumentCache full:https://registry.npmjs.org/@prisma%2fmanagement-api-sdk set size:undefined disposed:false
283 silly fetch manifest @typescript/typescript-freebsd-x64@7.0.2
284 silly packumentCache full:https://registry.npmjs.org/@typescript%2ftypescript-freebsd-x64 cache-miss
285 http fetch GET 200 https://registry.npmjs.org/@prisma%2fcompute-sdk 416ms (cache miss)
286 silly packumentCache full:https://registry.npmjs.org/@prisma%2fcompute-sdk set size:undefined disposed:false
287 silly fetch manifest @typescript/typescript-linux-arm64@7.0.2
288 silly packumentCache full:https://registry.npmjs.org/@typescript%2ftypescript-linux-arm64 cache-miss
289 http fetch GET 200 https://registry.npmjs.org/@typescript%2ftypescript-win32-x64 36ms (cache miss)
290 silly packumentCache full:https://registry.npmjs.org/@typescript%2ftypescript-win32-x64 set size:undefined disposed:false
291 silly fetch manifest @typescript/typescript-linux-ppc64@7.0.2
292 silly packumentCache full:https://registry.npmjs.org/@typescript%2ftypescript-linux-ppc64 cache-miss
293 http fetch GET 200 https://registry.npmjs.org/@typescript%2ftypescript-linux-ppc64 25ms (cache miss)
294 silly packumentCache full:https://registry.npmjs.org/@typescript%2ftypescript-linux-ppc64 set size:undefined disposed:false
295 silly fetch manifest @typescript/typescript-linux-s390x@7.0.2
296 silly packumentCache full:https://registry.npmjs.org/@typescript%2ftypescript-linux-s390x cache-miss
297 http fetch GET 200 https://registry.npmjs.org/@typescript%2ftypescript-linux-arm64 36ms (cache miss)
298 silly packumentCache full:https://registry.npmjs.org/@typescript%2ftypescript-linux-arm64 set size:undefined disposed:false
299 silly fetch manifest @typescript/typescript-openbsd-x64@7.0.2
300 silly packumentCache full:https://registry.npmjs.org/@typescript%2ftypescript-openbsd-x64 cache-miss
301 http fetch GET 200 https://registry.npmjs.org/@typescript%2ftypescript-linux-s390x 31ms (cache miss)
302 silly packumentCache full:https://registry.npmjs.org/@typescript%2ftypescript-linux-s390x set size:undefined disposed:false
303 silly fetch manifest @typescript/typescript-win32-arm64@7.0.2
304 silly packumentCache full:https://registry.npmjs.org/@typescript%2ftypescript-win32-arm64 cache-miss
305 http fetch GET 200 https://registry.npmjs.org/@typescript%2ftypescript-openbsd-x64 26ms (cache miss)
306 silly packumentCache full:https://registry.npmjs.org/@typescript%2ftypescript-openbsd-x64 set size:undefined disposed:false
307 silly fetch manifest @typescript/typescript-darwin-arm64@7.0.2
308 silly packumentCache full:https://registry.npmjs.org/@typescript%2ftypescript-darwin-arm64 cache-miss
309 http fetch GET 200 https://registry.npmjs.org/@typescript%2ftypescript-win32-arm64 37ms (cache miss)
310 silly packumentCache full:https://registry.npmjs.org/@typescript%2ftypescript-win32-arm64 set size:undefined disposed:false
311 silly fetch manifest @typescript/typescript-netbsd-arm64@7.0.2
312 silly packumentCache full:https://registry.npmjs.org/@typescript%2ftypescript-netbsd-arm64 cache-miss
313 http fetch GET 200 https://registry.npmjs.org/@typescript%2ftypescript-darwin-arm64 37ms (cache miss)
314 silly packumentCache full:https://registry.npmjs.org/@typescript%2ftypescript-darwin-arm64 set size:undefined disposed:false
315 silly fetch manifest @typescript/typescript-freebsd-arm64@7.0.2
316 silly packumentCache full:https://registry.npmjs.org/@typescript%2ftypescript-freebsd-arm64 cache-miss
317 http fetch GET 200 https://registry.npmjs.org/@typescript%2ftypescript-netbsd-arm64 32ms (cache miss)
318 silly packumentCache full:https://registry.npmjs.org/@typescript%2ftypescript-netbsd-arm64 set size:undefined disposed:false
319 silly fetch manifest @typescript/typescript-linux-loong64@7.0.2
320 silly packumentCache full:https://registry.npmjs.org/@typescript%2ftypescript-linux-loong64 cache-miss
321 http fetch GET 200 https://registry.npmjs.org/@manypkg%2ftools 605ms (cache miss)
322 silly packumentCache full:https://registry.npmjs.org/@manypkg%2ftools set size:undefined disposed:false
323 silly fetch manifest @typescript/typescript-linux-riscv64@7.0.2
324 silly packumentCache full:https://registry.npmjs.org/@typescript%2ftypescript-linux-riscv64 cache-miss
325 http fetch GET 200 https://registry.npmjs.org/@prisma%2fcli-engine 608ms (cache miss)
326 silly packumentCache full:https://registry.npmjs.org/@prisma%2fcli-engine set size:undefined disposed:false
327 silly fetch manifest @typescript/typescript-openbsd-arm64@7.0.2
328 silly packumentCache full:https://registry.npmjs.org/@typescript%2ftypescript-openbsd-arm64 cache-miss
329 http fetch GET 200 https://registry.npmjs.org/@typescript%2ftypescript-sunos-x64 248ms (cache miss)
330 silly packumentCache full:https://registry.npmjs.org/@typescript%2ftypescript-sunos-x64 set size:undefined disposed:false
331 silly fetch manifest @typescript/typescript-linux-mips64el@7.0.2
332 silly packumentCache full:https://registry.npmjs.org/@typescript%2ftypescript-linux-mips64el cache-miss
333 http fetch GET 200 https://registry.npmjs.org/@typescript%2ftypescript-linux-riscv64 30ms (cache miss)
334 silly packumentCache full:https://registry.npmjs.org/@typescript%2ftypescript-linux-riscv64 set size:undefined disposed:false
335 http fetch GET 200 https://registry.npmjs.org/@typescript%2ftypescript-openbsd-arm64 32ms (cache miss)
336 silly packumentCache full:https://registry.npmjs.org/@typescript%2ftypescript-openbsd-arm64 set size:undefined disposed:false
337 http fetch GET 200 https://registry.npmjs.org/@typescript%2ftypescript-darwin-x64 243ms (cache miss)
338 silly packumentCache full:https://registry.npmjs.org/@typescript%2ftypescript-darwin-x64 set size:undefined disposed:false
339 http fetch GET 200 https://registry.npmjs.org/@typescript%2ftypescript-freebsd-x64 239ms (cache miss)
340 silly packumentCache full:https://registry.npmjs.org/@typescript%2ftypescript-freebsd-x64 set size:undefined disposed:false
341 http fetch GET 200 https://registry.npmjs.org/@typescript%2ftypescript-linux-mips64el 32ms (cache miss)
342 silly packumentCache full:https://registry.npmjs.org/@typescript%2ftypescript-linux-mips64el set size:undefined disposed:false
343 http fetch GET 200 https://registry.npmjs.org/@vercel%2fdetect-agent 629ms (cache miss)
344 silly packumentCache full:https://registry.npmjs.org/@vercel%2fdetect-agent set size:undefined disposed:false
345 http fetch GET 200 https://registry.npmjs.org/@typescript%2ftypescript-freebsd-arm64 246ms (cache miss)
346 silly packumentCache full:https://registry.npmjs.org/@typescript%2ftypescript-freebsd-arm64 set size:undefined disposed:false
347 http fetch GET 200 https://registry.npmjs.org/@typescript%2ftypescript-linux-loong64 220ms (cache miss)
348 silly packumentCache full:https://registry.npmjs.org/@typescript%2ftypescript-linux-loong64 set size:undefined disposed:false
349 http fetch GET 200 https://registry.npmjs.org/@typescript%2ftypescript-netbsd-x64 442ms (cache miss)
350 silly packumentCache full:https://registry.npmjs.org/@typescript%2ftypescript-netbsd-x64 set size:undefined disposed:false
351 silly fetch manifest bufferutil@^4.0.1
352 silly packumentCache full:https://registry.npmjs.org/bufferutil cache-miss
353 http fetch GET 200 https://registry.npmjs.org/bufferutil 23ms (cache miss)
354 silly packumentCache full:https://registry.npmjs.org/bufferutil set size:undefined disposed:false
355 silly fetch manifest utf-8-validate@>=5.0.2
356 silly packumentCache full:https://registry.npmjs.org/utf-8-validate cache-miss
357 http fetch GET 200 https://registry.npmjs.org/utf-8-validate 20ms (cache miss)
358 silly packumentCache full:https://registry.npmjs.org/utf-8-validate set size:undefined disposed:false
359 silly placeDep ROOT google-auth-library@10.9.1 OK for: @google/genai@2.28.0 want: ^10.3.0
360 silly placeDep ROOT p-retry@4.6.2 OK for: @google/genai@2.28.0 want: ^4.6.2
361 silly placeDep ROOT protobufjs@7.6.6 OK for: @google/genai@2.28.0 want: ^7.5.4
362 silly placeDep ROOT ws@8.22.0 OK for: @google/genai@2.28.0 want: ^8.18.0
363 silly fetch manifest jws@^4.0.0
364 silly packumentCache full:https://registry.npmjs.org/jws cache-miss
365 silly fetch manifest gaxios@^7.1.4
366 silly packumentCache full:https://registry.npmjs.org/gaxios cache-miss
367 silly fetch manifest base64-js@^1.3.0
368 silly packumentCache full:https://registry.npmjs.org/base64-js cache-miss
369 silly fetch manifest gcp-metadata@8.1.2
370 silly packumentCache full:https://registry.npmjs.org/gcp-metadata cache-miss
371 silly fetch manifest ecdsa-sig-formatter@^1.0.11
372 silly packumentCache full:https://registry.npmjs.org/ecdsa-sig-formatter cache-miss
373 silly fetch manifest google-logging-utils@1.1.3
374 silly packumentCache full:https://registry.npmjs.org/google-logging-utils cache-miss
375 silly fetch manifest retry@^0.13.1
376 silly packumentCache full:https://registry.npmjs.org/retry cache-miss
377 silly fetch manifest @types/retry@0.12.0
378 silly packumentCache full:https://registry.npmjs.org/@types%2fretry cache-miss
379 silly fetch manifest long@^5.3.2
380 silly packumentCache full:https://registry.npmjs.org/long cache-miss
381 http cache https://registry.npmjs.org/jws 3ms (cache hit)
382 silly packumentCache full:https://registry.npmjs.org/jws set size:48740 disposed:false
383 silly fetch manifest @protobufjs/path@^1.1.2
384 silly packumentCache full:https://registry.npmjs.org/@protobufjs%2fpath cache-miss
385 http fetch GET 200 https://registry.npmjs.org/base64-js 19ms (cache miss)
386 silly packumentCache full:https://registry.npmjs.org/base64-js set size:undefined disposed:false
387 silly fetch manifest @protobufjs/pool@^1.1.0
388 silly packumentCache full:https://registry.npmjs.org/@protobufjs%2fpool cache-miss
389 http fetch GET 200 https://registry.npmjs.org/ecdsa-sig-formatter 22ms (cache miss)
390 silly packumentCache full:https://registry.npmjs.org/ecdsa-sig-formatter set size:undefined disposed:false
391 silly fetch manifest @protobufjs/utf8@^1.1.1
392 silly packumentCache full:https://registry.npmjs.org/@protobufjs%2futf8 cache-miss
393 http fetch GET 200 https://registry.npmjs.org/gcp-metadata 24ms (cache miss)
394 silly packumentCache full:https://registry.npmjs.org/gcp-metadata set size:undefined disposed:false
395 silly fetch manifest @protobufjs/fetch@^1.1.1
396 silly packumentCache full:https://registry.npmjs.org/@protobufjs%2ffetch cache-miss
397 http fetch GET 200 https://registry.npmjs.org/google-logging-utils 27ms (cache miss)
398 silly packumentCache full:https://registry.npmjs.org/google-logging-utils set size:undefined disposed:false
399 silly fetch manifest @protobufjs/float@^1.0.2
400 silly packumentCache full:https://registry.npmjs.org/@protobufjs%2ffloat cache-miss
401 http fetch GET 200 https://registry.npmjs.org/long 27ms (cache miss)
402 silly packumentCache full:https://registry.npmjs.org/long set size:undefined disposed:false
403 silly fetch manifest @protobufjs/base64@^1.1.2
404 silly packumentCache full:https://registry.npmjs.org/@protobufjs%2fbase64 cache-miss
405 http fetch GET 200 https://registry.npmjs.org/retry 29ms (cache miss)
406 silly packumentCache full:https://registry.npmjs.org/retry set size:undefined disposed:false
407 silly fetch manifest @protobufjs/codegen@^2.0.5
408 silly packumentCache full:https://registry.npmjs.org/@protobufjs%2fcodegen cache-miss
409 http fetch GET 200 https://registry.npmjs.org/gaxios 36ms (cache miss)
410 silly packumentCache full:https://registry.npmjs.org/gaxios set size:undefined disposed:false
411 silly fetch manifest @protobufjs/aspromise@^1.1.2
412 silly packumentCache full:https://registry.npmjs.org/@protobufjs%2faspromise cache-miss
413 http fetch GET 200 https://registry.npmjs.org/@protobufjs%2fpool 24ms (cache miss)
414 silly packumentCache full:https://registry.npmjs.org/@protobufjs%2fpool set size:undefined disposed:false
415 silly fetch manifest @protobufjs/eventemitter@^1.1.1
416 silly packumentCache full:https://registry.npmjs.org/@protobufjs%2feventemitter cache-miss
417 http fetch GET 200 https://registry.npmjs.org/@protobufjs%2futf8 30ms (cache miss)
418 silly packumentCache full:https://registry.npmjs.org/@protobufjs%2futf8 set size:undefined disposed:false
419 http fetch GET 200 https://registry.npmjs.org/@protobufjs%2ffloat 28ms (cache miss)
420 silly packumentCache full:https://registry.npmjs.org/@protobufjs%2ffloat set size:undefined disposed:false
421 http fetch GET 200 https://registry.npmjs.org/@protobufjs%2fcodegen 25ms (cache miss)
422 silly packumentCache full:https://registry.npmjs.org/@protobufjs%2fcodegen set size:undefined disposed:false
423 http fetch GET 200 https://registry.npmjs.org/@protobufjs%2ffetch 29ms (cache miss)
424 silly packumentCache full:https://registry.npmjs.org/@protobufjs%2ffetch set size:undefined disposed:false
425 http fetch GET 200 https://registry.npmjs.org/@protobufjs%2fbase64 28ms (cache miss)
426 silly packumentCache full:https://registry.npmjs.org/@protobufjs%2fbase64 set size:undefined disposed:false
427 http fetch GET 200 https://registry.npmjs.org/@protobufjs%2feventemitter 24ms (cache miss)
428 silly packumentCache full:https://registry.npmjs.org/@protobufjs%2feventemitter set size:undefined disposed:false
429 http fetch GET 200 https://registry.npmjs.org/@protobufjs%2faspromise 30ms (cache miss)
430 silly packumentCache full:https://registry.npmjs.org/@protobufjs%2faspromise set size:undefined disposed:false
431 http fetch GET 200 https://registry.npmjs.org/@types%2fretry 239ms (cache miss)
432 silly packumentCache full:https://registry.npmjs.org/@types%2fretry set size:undefined disposed:false
433 http fetch GET 200 https://registry.npmjs.org/@protobufjs%2fpath 251ms (cache miss)
434 silly packumentCache full:https://registry.npmjs.org/@protobufjs%2fpath set size:undefined disposed:false
435 silly fetch manifest pg-native@>=3.0.1
436 silly packumentCache full:https://registry.npmjs.org/pg-native cache-miss
437 http fetch GET 200 https://registry.npmjs.org/pg-native 25ms (cache miss)
438 silly packumentCache full:https://registry.npmjs.org/pg-native set size:undefined disposed:false
439 silly fetch manifest typescript@>=5.9
440 silly packumentCache full:https://registry.npmjs.org/typescript cache-miss
441 http cache https://registry.npmjs.org/typescript 22ms (cache hit)
442 silly packumentCache full:https://registry.npmjs.org/typescript set size:15770879 disposed:false
443 silly fetch manifest @prisma/management-api-sdk@^1.55.0
444 silly packumentCache full:https://registry.npmjs.org/@prisma%2fmanagement-api-sdk cache-miss
445 http cache https://registry.npmjs.org/@prisma%2fmanagement-api-sdk 4ms (cache hit)
446 silly packumentCache full:https://registry.npmjs.org/@prisma%2fmanagement-api-sdk set size:225605 disposed:false
447 silly fetch manifest vite@^7.0.0 || ^8.0.0
448 silly packumentCache full:https://registry.npmjs.org/vite cache-miss
449 http fetch GET 200 https://registry.npmjs.org/vite 1248ms (cache miss)
450 silly packumentCache full:https://registry.npmjs.org/vite set size:undefined disposed:false
451 silly fetch manifest @vitejs/devtools@^0.7.1
452 silly packumentCache full:https://registry.npmjs.org/@vitejs%2fdevtools cache-miss
453 http fetch GET 200 https://registry.npmjs.org/@vitejs%2fdevtools 40ms (cache miss)
454 silly packumentCache full:https://registry.npmjs.org/@vitejs%2fdevtools set size:undefined disposed:false
455 silly fetch manifest @vitejs/devtools-oxc@^0.7.6
456 silly packumentCache full:https://registry.npmjs.org/@vitejs%2fdevtools-oxc cache-miss
457 http fetch GET 200 https://registry.npmjs.org/@vitejs%2fdevtools-oxc 25ms (cache miss)
458 silly packumentCache full:https://registry.npmjs.org/@vitejs%2fdevtools-oxc set size:undefined disposed:false
459 silly fetch manifest @vitejs/devtools-rolldown@^0.7.6
460 silly packumentCache full:https://registry.npmjs.org/@vitejs%2fdevtools-rolldown cache-miss
461 http fetch GET 200 https://registry.npmjs.org/@vitejs%2fdevtools-rolldown 40ms (cache miss)
462 silly packumentCache full:https://registry.npmjs.org/@vitejs%2fdevtools-rolldown set size:undefined disposed:false
463 silly fetch manifest @vitejs/devtools-vite@^0.7.6
464 silly packumentCache full:https://registry.npmjs.org/@vitejs%2fdevtools-vite cache-miss
465 http fetch GET 200 https://registry.npmjs.org/@vitejs%2fdevtools-vite 38ms (cache miss)
466 silly packumentCache full:https://registry.npmjs.org/@vitejs%2fdevtools-vite set size:undefined disposed:false
467 silly fetch manifest @vitejs/devtools-vitest@^0.7.6
468 silly packumentCache full:https://registry.npmjs.org/@vitejs%2fdevtools-vitest cache-miss
469 http fetch GET 200 https://registry.npmjs.org/@vitejs%2fdevtools-vitest 30ms (cache miss)
470 silly packumentCache full:https://registry.npmjs.org/@vitejs%2fdevtools-vitest set size:undefined disposed:false
471 silly fetch manifest vitest@*
472 silly packumentCache full:https://registry.npmjs.org/vitest cache-miss
473 http fetch GET 200 https://registry.npmjs.org/vitest 80ms (cache miss)
474 silly packumentCache full:https://registry.npmjs.org/vitest set size:undefined disposed:false
475 silly fetch manifest @edge-runtime/vm@*
476 silly packumentCache full:https://registry.npmjs.org/@edge-runtime%2fvm cache-miss
477 http fetch GET 200 https://registry.npmjs.org/@edge-runtime%2fvm 31ms (cache miss)
478 silly packumentCache full:https://registry.npmjs.org/@edge-runtime%2fvm set size:undefined disposed:false
479 silly fetch manifest @opentelemetry/api@^1.9.0
480 silly packumentCache full:https://registry.npmjs.org/@opentelemetry%2fapi cache-miss
481 http fetch GET 200 https://registry.npmjs.org/@opentelemetry%2fapi 34ms (cache miss)
482 silly packumentCache full:https://registry.npmjs.org/@opentelemetry%2fapi set size:undefined disposed:false
483 silly fetch manifest @vitest/browser-playwright@5.0.3
484 silly packumentCache full:https://registry.npmjs.org/@vitest%2fbrowser-playwright cache-miss
485 http fetch GET 200 https://registry.npmjs.org/@vitest%2fbrowser-playwright 214ms (cache miss)
486 silly packumentCache full:https://registry.npmjs.org/@vitest%2fbrowser-playwright set size:undefined disposed:false
487 silly fetch manifest playwright@*
488 silly packumentCache full:https://registry.npmjs.org/playwright cache-miss
489 http fetch GET 200 https://registry.npmjs.org/playwright 360ms (cache miss)
490 silly packumentCache full:https://registry.npmjs.org/playwright set size:undefined disposed:false
491 silly fetch manifest @vitest/browser-preview@5.0.3
492 silly packumentCache full:https://registry.npmjs.org/@vitest%2fbrowser-preview cache-miss
493 http fetch GET 200 https://registry.npmjs.org/@vitest%2fbrowser-preview 28ms (cache miss)
494 silly packumentCache full:https://registry.npmjs.org/@vitest%2fbrowser-preview set size:undefined disposed:false
495 silly fetch manifest @vitest/browser-webdriverio@^5.0.0-beta.5 || >=5.0.0
496 silly packumentCache full:https://registry.npmjs.org/@vitest%2fbrowser-webdriverio cache-miss
497 http fetch GET 200 https://registry.npmjs.org/@vitest%2fbrowser-webdriverio 35ms (cache miss)
498 silly packumentCache full:https://registry.npmjs.org/@vitest%2fbrowser-webdriverio set size:undefined disposed:false
499 silly fetch manifest webdriverio@*
500 silly packumentCache full:https://registry.npmjs.org/webdriverio cache-miss
501 http fetch GET 200 https://registry.npmjs.org/webdriverio 84ms (cache miss)
502 silly packumentCache full:https://registry.npmjs.org/webdriverio set size:undefined disposed:false
503 silly fetch manifest puppeteer-core@>=24 <26
504 silly packumentCache full:https://registry.npmjs.org/puppeteer-core cache-miss
505 http fetch GET 200 https://registry.npmjs.org/puppeteer-core 52ms (cache miss)
506 silly packumentCache full:https://registry.npmjs.org/puppeteer-core set size:undefined disposed:false
507 silly fetch manifest @vitest/coverage-istanbul@5.0.3
508 silly packumentCache full:https://registry.npmjs.org/@vitest%2fcoverage-istanbul cache-miss
509 http fetch GET 200 https://registry.npmjs.org/@vitest%2fcoverage-istanbul 39ms (cache miss)
510 silly packumentCache full:https://registry.npmjs.org/@vitest%2fcoverage-istanbul set size:undefined disposed:false
511 silly fetch manifest @vitest/coverage-v8@5.0.3
512 silly packumentCache full:https://registry.npmjs.org/@vitest%2fcoverage-v8 cache-miss
513 http fetch GET 200 https://registry.npmjs.org/@vitest%2fcoverage-v8 35ms (cache miss)
514 silly packumentCache full:https://registry.npmjs.org/@vitest%2fcoverage-v8 set size:undefined disposed:false
515 silly fetch manifest @vitest/browser@5.0.3
516 silly packumentCache full:https://registry.npmjs.org/@vitest%2fbrowser cache-miss
517 http fetch GET 200 https://registry.npmjs.org/@vitest%2fbrowser 264ms (cache miss)
518 silly packumentCache full:https://registry.npmjs.org/@vitest%2fbrowser set size:undefined disposed:false
519 silly fetch manifest @vitest/ui@5.0.3
520 silly packumentCache full:https://registry.npmjs.org/@vitest%2fui cache-miss
521 http fetch GET 200 https://registry.npmjs.org/@vitest%2fui 80ms (cache miss)
522 silly packumentCache full:https://registry.npmjs.org/@vitest%2fui set size:undefined disposed:false
523 silly fetch manifest happy-dom@*
524 silly packumentCache full:https://registry.npmjs.org/happy-dom cache-miss
525 http fetch GET 200 https://registry.npmjs.org/happy-dom 79ms (cache miss)
526 silly packumentCache full:https://registry.npmjs.org/happy-dom set size:undefined disposed:false
527 silly fetch manifest jsdom@*
528 silly packumentCache full:https://registry.npmjs.org/jsdom cache-miss
529 http fetch GET 200 https://registry.npmjs.org/jsdom 47ms (cache miss)
530 silly packumentCache full:https://registry.npmjs.org/jsdom set size:undefined disposed:false
531 silly fetch manifest canvas@^3.0.0
532 silly packumentCache full:https://registry.npmjs.org/canvas cache-miss
533 http fetch GET 200 https://registry.npmjs.org/canvas 33ms (cache miss)
534 silly packumentCache full:https://registry.npmjs.org/canvas set size:undefined disposed:false
535 silly fetch manifest esbuild@^0.27.0 || ^0.28.0
536 silly packumentCache full:https://registry.npmjs.org/esbuild cache-miss
537 http fetch GET 200 https://registry.npmjs.org/esbuild 77ms (cache miss)
538 silly packumentCache full:https://registry.npmjs.org/esbuild set size:undefined disposed:false
539 silly fetch manifest jiti@>=1.21.0
540 silly packumentCache full:https://registry.npmjs.org/jiti cache-miss
541 http fetch GET 200 https://registry.npmjs.org/jiti 34ms (cache miss)
542 silly packumentCache full:https://registry.npmjs.org/jiti set size:undefined disposed:false
543 silly fetch manifest less@^4.0.0
544 silly packumentCache full:https://registry.npmjs.org/less cache-miss
545 http fetch GET 200 https://registry.npmjs.org/less 243ms (cache miss)
546 silly packumentCache full:https://registry.npmjs.org/less set size:undefined disposed:false
547 silly fetch manifest sass@^1.70.0
548 silly packumentCache full:https://registry.npmjs.org/sass cache-miss
549 http fetch GET 200 https://registry.npmjs.org/sass 48ms (cache miss)
550 silly packumentCache full:https://registry.npmjs.org/sass set size:undefined disposed:false
551 silly fetch manifest sass-embedded@^1.70.0
552 silly packumentCache full:https://registry.npmjs.org/sass-embedded cache-miss
553 http fetch GET 200 https://registry.npmjs.org/sass-embedded 38ms (cache miss)
554 silly packumentCache full:https://registry.npmjs.org/sass-embedded set size:undefined disposed:false
555 silly fetch manifest stylus@>=0.54.8
556 silly packumentCache full:https://registry.npmjs.org/stylus cache-miss
557 http fetch GET 200 https://registry.npmjs.org/stylus 32ms (cache miss)
558 silly packumentCache full:https://registry.npmjs.org/stylus set size:undefined disposed:false
559 silly fetch manifest sugarss@^5.0.0
560 silly packumentCache full:https://registry.npmjs.org/sugarss cache-miss
561 http fetch GET 200 https://registry.npmjs.org/sugarss 24ms (cache miss)
562 silly packumentCache full:https://registry.npmjs.org/sugarss set size:undefined disposed:false
563 silly fetch manifest postcss@^8.3.3
564 silly packumentCache full:https://registry.npmjs.org/postcss cache-miss
565 http fetch GET 200 https://registry.npmjs.org/postcss 44ms (cache miss)
566 silly packumentCache full:https://registry.npmjs.org/postcss set size:undefined disposed:false
567 silly fetch manifest terser@^5.16.0
568 silly packumentCache full:https://registry.npmjs.org/terser cache-miss
569 http fetch GET 200 https://registry.npmjs.org/terser 48ms (cache miss)
570 silly packumentCache full:https://registry.npmjs.org/terser set size:undefined disposed:false
571 silly fetch manifest tsx@^4.8.1
572 silly packumentCache full:https://registry.npmjs.org/tsx cache-miss
573 http fetch GET 200 https://registry.npmjs.org/tsx 23ms (cache miss)
574 silly packumentCache full:https://registry.npmjs.org/tsx set size:undefined disposed:false
575 silly fetch manifest yaml@^2.4.2
576 silly packumentCache full:https://registry.npmjs.org/yaml cache-miss
577 http fetch GET 200 https://registry.npmjs.org/yaml 32ms (cache miss)
578 silly packumentCache full:https://registry.npmjs.org/yaml set size:undefined disposed:false
579 silly placeDep ROOT @prisma/orm-family-sql@8.0.0-rc.17 OK for: @prisma/orm-postgres@8.0.0-rc.17 want: 8.0.0-rc.17
580 silly placeDep ROOT @prisma/orm-framework@8.0.0-rc.17 OK for: @prisma/orm-postgres@8.0.0-rc.17 want: 8.0.0-rc.17
581 silly placeDep ROOT @prisma/orm-target-postgres@8.0.0-rc.17 OK for: @prisma/orm-postgres@8.0.0-rc.17 want: 8.0.0-rc.17
582 silly placeDep ROOT @prisma/orm-toolchain@8.0.0-rc.17 OK for: @prisma/orm-postgres@8.0.0-rc.17 want: 8.0.0-rc.17
583 silly placeDep ROOT @prisma/cli-engine@0.7.0 OK for: @prisma/orm-toolchain@8.0.0-rc.17 want: 0.7.0
584 silly placeDep ROOT @prisma/management-api-sdk@1.82.0 OK for: @prisma/cli-engine@0.7.0 want: ^1.55.0
585 silly placeDep ROOT @types/node@26.1.2 REPLACE for: @prisma/orm-postgres@8.0.0-rc.17 want: 26.1.2
586 silly placeDep node_modules/@prisma/orm-postgres @types/pg@8.20.4 OK for: @prisma/orm-postgres@8.0.0-rc.17 want: 8.20.4
587 silly placeDep ROOT arktype@2.2.8 OK for: @prisma/orm-postgres@8.0.0-rc.17 want: ^2.2.2
588 silly placeDep ROOT pathe@2.0.3 OK for: @prisma/orm-postgres@8.0.0-rc.17 want: ^2.0.3
589 silly placeDep ROOT pg@8.22.0 OK for: @prisma/orm-postgres@8.0.0-rc.17 want: 8.22.0
590 silly placeDep ROOT tinyglobby@0.2.17 OK for: @prisma/orm-postgres@8.0.0-rc.17 want: ^0.2.17
591 silly fetch manifest pluralize@^8.0.0
592 silly packumentCache full:https://registry.npmjs.org/pluralize cache-miss
593 silly fetch manifest ts-toolbelt@^9.6.0
594 silly packumentCache full:https://registry.npmjs.org/ts-toolbelt cache-miss
595 silly fetch manifest @standard-schema/spec@^1.1.0
596 silly packumentCache full:https://registry.npmjs.org/@standard-schema%2fspec cache-miss
597 silly fetch manifest uniku@^0.5.0
598 silly packumentCache full:https://registry.npmjs.org/uniku cache-miss
599 silly fetch manifest @standard-schema/spec@^1.1.0
600 silly packumentCache full:https://registry.npmjs.org/@standard-schema%2fspec cache-miss
601 silly fetch manifest pg-cursor@^2.21.0
602 silly packumentCache full:https://registry.npmjs.org/pg-cursor cache-miss
603 silly fetch manifest postgres-array@2.0.0
604 silly packumentCache full:https://registry.npmjs.org/postgres-array cache-miss
605 silly fetch manifest @standard-schema/spec@^1.1.0
606 silly packumentCache full:https://registry.npmjs.org/@standard-schema%2fspec cache-miss
607 silly fetch manifest c12@^3.3.4
608 silly packumentCache full:https://registry.npmjs.org/c12 cache-miss
609 http fetch GET 200 https://registry.npmjs.org/postgres-array 26ms (cache miss)
610 silly packumentCache full:https://registry.npmjs.org/postgres-array set size:undefined disposed:false
611 silly fetch manifest ci-info@^4.3.1
612 silly packumentCache full:https://registry.npmjs.org/ci-info cache-miss
613 http fetch GET 200 https://registry.npmjs.org/pluralize 28ms (cache miss)
614 silly packumentCache full:https://registry.npmjs.org/pluralize set size:undefined disposed:false
615 silly fetch manifest esbuild@^0.28.2
616 silly packumentCache full:https://registry.npmjs.org/esbuild cache-miss
617 http fetch GET 200 https://registry.npmjs.org/c12 27ms (cache miss)
618 silly packumentCache full:https://registry.npmjs.org/c12 set size:undefined disposed:false
619 silly fetch manifest prettier@^3.9.6
620 silly packumentCache full:https://registry.npmjs.org/prettier cache-miss
621 http cache https://registry.npmjs.org/esbuild 4ms (cache hit)
622 silly packumentCache full:https://registry.npmjs.org/esbuild set size:1264676 disposed:false
623 silly fetch manifest clipanion@4.0.0-rc.4
624 silly packumentCache full:https://registry.npmjs.org/clipanion cache-miss
625 http fetch GET 200 https://registry.npmjs.org/@standard-schema%2fspec 44ms (cache miss)
626 silly packumentCache full:https://registry.npmjs.org/@standard-schema%2fspec set size:undefined disposed:false
627 silly fetch manifest colorette@^2.0.20
628 silly packumentCache full:https://registry.npmjs.org/colorette cache-miss
629 http fetch GET 200 https://registry.npmjs.org/@standard-schema%2fspec 44ms (cache miss)
630 silly packumentCache full:https://registry.npmjs.org/@standard-schema%2fspec set size:undefined disposed:false
631 silly fetch manifest wrap-ansi@^10.0.0
632 silly packumentCache full:https://registry.npmjs.org/wrap-ansi cache-miss
633 http fetch GET 200 https://registry.npmjs.org/@standard-schema%2fspec 43ms (cache miss)
634 silly packumentCache full:https://registry.npmjs.org/@standard-schema%2fspec set size:undefined disposed:false
635 silly fetch manifest strip-ansi@^7.2.0
636 silly packumentCache full:https://registry.npmjs.org/strip-ansi cache-miss
637 http fetch GET 200 https://registry.npmjs.org/ci-info 22ms (cache miss)
638 silly packumentCache full:https://registry.npmjs.org/ci-info set size:undefined disposed:false
639 silly fetch manifest jsonc-parser@^3.3.1
640 silly packumentCache full:https://registry.npmjs.org/jsonc-parser cache-miss
641 http fetch GET 200 https://registry.npmjs.org/prettier 34ms (cache miss)
642 silly packumentCache full:https://registry.npmjs.org/prettier set size:undefined disposed:false
643 silly fetch manifest string-width@^8.2.2
644 silly packumentCache full:https://registry.npmjs.org/string-width cache-miss
645 http fetch GET 200 https://registry.npmjs.org/wrap-ansi 22ms (cache miss)
646 silly packumentCache full:https://registry.npmjs.org/wrap-ansi set size:undefined disposed:false
647 silly fetch manifest closest-match@^1.3.3
648 silly packumentCache full:https://registry.npmjs.org/closest-match cache-miss
649 http fetch GET 200 https://registry.npmjs.org/strip-ansi 23ms (cache miss)
650 silly packumentCache full:https://registry.npmjs.org/strip-ansi set size:undefined disposed:false
651 silly fetch manifest @vercel/detect-agent@^1.2.4
652 silly packumentCache full:https://registry.npmjs.org/@vercel%2fdetect-agent cache-miss
653 http cache https://registry.npmjs.org/@vercel%2fdetect-agent 1ms (cache hit)
654 silly packumentCache full:https://registry.npmjs.org/@vercel%2fdetect-agent set size:52999 disposed:false
655 silly fetch manifest vscode-languageserver@10.1.0
656 silly packumentCache full:https://registry.npmjs.org/vscode-languageserver cache-miss
657 http fetch GET 200 https://registry.npmjs.org/colorette 26ms (cache miss)
658 silly packumentCache full:https://registry.npmjs.org/colorette set size:undefined disposed:false
659 silly fetch manifest package-manager-detector@^1.8.0
660 silly packumentCache full:https://registry.npmjs.org/package-manager-detector cache-miss
661 http fetch GET 200 https://registry.npmjs.org/jsonc-parser 23ms (cache miss)
662 silly packumentCache full:https://registry.npmjs.org/jsonc-parser set size:undefined disposed:false
663 silly fetch manifest vscode-languageserver-textdocument@1.0.12
664 silly packumentCache full:https://registry.npmjs.org/vscode-languageserver-textdocument cache-miss
665 http fetch GET 200 https://registry.npmjs.org/string-width 25ms (cache miss)
666 silly packumentCache full:https://registry.npmjs.org/string-width set size:undefined disposed:false
667 silly fetch manifest c12@3.3.4
668 silly packumentCache full:https://registry.npmjs.org/c12 cache-miss
669 http fetch GET 200 https://registry.npmjs.org/package-manager-detector 19ms (cache miss)
670 silly packumentCache full:https://registry.npmjs.org/package-manager-detector set size:undefined disposed:false
671 silly fetch manifest arktype@^2.2.7
672 silly packumentCache full:https://registry.npmjs.org/arktype cache-miss
673 http cache https://registry.npmjs.org/c12 2ms (cache hit)
674 silly packumentCache full:https://registry.npmjs.org/c12 set size:199210 disposed:false
675 silly fetch manifest string-width@^8.2.1
676 silly packumentCache full:https://registry.npmjs.org/string-width cache-miss
677 http cache https://registry.npmjs.org/arktype 2ms (cache hit)
678 silly packumentCache full:https://registry.npmjs.org/arktype set size:433592 disposed:false
679 silly fetch manifest @stricli/core@1.3.0
680 silly packumentCache full:https://registry.npmjs.org/@stricli%2fcore cache-miss
681 http cache https://registry.npmjs.org/string-width 3ms (cache hit)
682 silly packumentCache full:https://registry.npmjs.org/string-width set size:74702 disposed:false
683 silly fetch manifest @clack/prompts@1.5.0
684 silly packumentCache full:https://registry.npmjs.org/@clack%2fprompts cache-miss
685 http fetch GET 200 https://registry.npmjs.org/vscode-languageserver 31ms (cache miss)
686 silly packumentCache full:https://registry.npmjs.org/vscode-languageserver set size:undefined disposed:false
687 silly fetch manifest package-manager-detector@1.8.0
688 silly packumentCache full:https://registry.npmjs.org/package-manager-detector cache-miss
689 http cache https://registry.npmjs.org/package-manager-detector 1ms (cache hit)
690 silly packumentCache full:https://registry.npmjs.org/package-manager-detector set size:73883 disposed:false
691 silly fetch manifest openapi-fetch@0.14.0
692 silly packumentCache full:https://registry.npmjs.org/openapi-fetch cache-miss
693 http fetch GET 200 https://registry.npmjs.org/openapi-fetch 28ms (cache miss)
694 silly packumentCache full:https://registry.npmjs.org/openapi-fetch set size:undefined disposed:false
695 silly fetch manifest undici-types@~8.3.0
696 silly packumentCache full:https://registry.npmjs.org/undici-types cache-miss
697 http fetch GET 200 https://registry.npmjs.org/undici-types 32ms (cache miss)
698 silly packumentCache full:https://registry.npmjs.org/undici-types set size:undefined disposed:false
699 silly fetch manifest arkregex@0.0.13
700 silly packumentCache full:https://registry.npmjs.org/arkregex cache-miss
701 http fetch GET 200 https://registry.npmjs.org/arkregex 23ms (cache miss)
702 silly packumentCache full:https://registry.npmjs.org/arkregex set size:undefined disposed:false
703 silly fetch manifest @ark/util@0.56.7
704 silly packumentCache full:https://registry.npmjs.org/@ark%2futil cache-miss
705 http fetch GET 200 https://registry.npmjs.org/pg-cursor 236ms (cache miss)
706 silly packumentCache full:https://registry.npmjs.org/pg-cursor set size:undefined disposed:false
707 silly fetch manifest @ark/schema@0.56.7
708 silly packumentCache full:https://registry.npmjs.org/@ark%2fschema cache-miss
709 http fetch GET 200 https://registry.npmjs.org/uniku 242ms (cache miss)
710 silly packumentCache full:https://registry.npmjs.org/uniku set size:undefined disposed:false
711 silly fetch manifest pgpass@1.0.5
712 silly packumentCache full:https://registry.npmjs.org/pgpass cache-miss
713 http fetch GET 200 https://registry.npmjs.org/clipanion 229ms (cache miss)
714 silly packumentCache full:https://registry.npmjs.org/clipanion set size:undefined disposed:false
715 silly fetch manifest pg-pool@^3.14.0
716 silly packumentCache full:https://registry.npmjs.org/pg-pool cache-miss
717 http fetch GET 200 https://registry.npmjs.org/pgpass 28ms (cache miss)
718 silly packumentCache full:https://registry.npmjs.org/pgpass set size:undefined disposed:false
719 silly fetch manifest pg-types@2.2.0
720 silly packumentCache full:https://registry.npmjs.org/pg-types cache-miss
721 http cache https://registry.npmjs.org/pg-types 1ms (cache hit)
722 silly packumentCache full:https://registry.npmjs.org/pg-types set size:51397 disposed:false
723 silly fetch manifest pg-protocol@^1.15.0
724 silly packumentCache full:https://registry.npmjs.org/pg-protocol cache-miss
725 http cache https://registry.npmjs.org/pg-protocol 1ms (cache hit)
726 silly packumentCache full:https://registry.npmjs.org/pg-protocol set size:59407 disposed:false
727 silly fetch manifest pg-connection-string@^2.14.0
728 silly packumentCache full:https://registry.npmjs.org/pg-connection-string cache-miss
729 http fetch GET 200 https://registry.npmjs.org/@clack%2fprompts 187ms (cache miss)
730 silly packumentCache full:https://registry.npmjs.org/@clack%2fprompts set size:undefined disposed:false
731 silly fetch manifest pg-cloudflare@^1.4.0
732 silly packumentCache full:https://registry.npmjs.org/pg-cloudflare cache-miss
733 http fetch GET 200 https://registry.npmjs.org/closest-match 231ms (cache miss)
734 silly packumentCache full:https://registry.npmjs.org/closest-match set size:undefined disposed:false
735 silly fetch manifest fdir@^6.5.0
736 silly packumentCache full:https://registry.npmjs.org/fdir cache-miss
737 http fetch GET 200 https://registry.npmjs.org/vscode-languageserver-textdocument 226ms (cache miss)
738 silly packumentCache full:https://registry.npmjs.org/vscode-languageserver-textdocument set size:undefined disposed:false
739 silly fetch manifest picomatch@^4.0.4
740 silly packumentCache full:https://registry.npmjs.org/picomatch cache-miss
741 http fetch GET 200 https://registry.npmjs.org/pg-connection-string 26ms (cache miss)
742 silly packumentCache full:https://registry.npmjs.org/pg-connection-string set size:undefined disposed:false
743 http fetch GET 200 https://registry.npmjs.org/fdir 29ms (cache miss)
744 silly packumentCache full:https://registry.npmjs.org/fdir set size:undefined disposed:false
745 http fetch GET 200 https://registry.npmjs.org/picomatch 30ms (cache miss)
746 silly packumentCache full:https://registry.npmjs.org/picomatch set size:undefined disposed:false
747 http fetch GET 200 https://registry.npmjs.org/ts-toolbelt 330ms (cache miss)
748 silly packumentCache full:https://registry.npmjs.org/ts-toolbelt set size:undefined disposed:false
749 http fetch GET 200 https://registry.npmjs.org/@ark%2fschema 214ms (cache miss)
750 silly packumentCache full:https://registry.npmjs.org/@ark%2fschema set size:undefined disposed:false
751 http fetch GET 200 https://registry.npmjs.org/@stricli%2fcore 407ms (cache miss)
752 silly packumentCache full:https://registry.npmjs.org/@stricli%2fcore set size:undefined disposed:false
753 http fetch GET 200 https://registry.npmjs.org/pg-pool 237ms (cache miss)
754 silly packumentCache full:https://registry.npmjs.org/pg-pool set size:undefined disposed:false
755 http fetch GET 200 https://registry.npmjs.org/pg-cloudflare 259ms (cache miss)
756 silly packumentCache full:https://registry.npmjs.org/pg-cloudflare set size:undefined disposed:false
757 http fetch GET 200 https://registry.npmjs.org/@ark%2futil 636ms (cache miss)
758 silly packumentCache full:https://registry.npmjs.org/@ark%2futil set size:undefined disposed:false
759 silly fetch manifest magicast@*
760 silly packumentCache full:https://registry.npmjs.org/magicast cache-miss
761 http fetch GET 200 https://registry.npmjs.org/magicast 29ms (cache miss)
762 silly packumentCache full:https://registry.npmjs.org/magicast set size:undefined disposed:false
763 silly placeDep ROOT @clack/prompts@1.5.0 OK for: @prisma/cli-engine@0.7.0 want: 1.5.0
764 silly placeDep ROOT @stricli/core@1.3.0 OK for: @prisma/cli-engine@0.7.0 want: 1.3.0
765 silly placeDep ROOT c12@3.3.4 OK for: @prisma/cli-engine@0.7.0 want: 3.3.4
766 silly placeDep ROOT colorette@2.0.20 OK for: @prisma/cli-engine@0.7.0 want: ^2.0.20
767 silly placeDep ROOT package-manager-detector@1.8.0 OK for: @prisma/cli-engine@0.7.0 want: 1.8.0
768 silly placeDep node_modules/@prisma/cli-engine string-width@8.3.0 OK for: @prisma/cli-engine@0.7.0 want: ^8.2.1
769 silly fetch manifest sisteransi@^1.0.5
770 silly packumentCache full:https://registry.npmjs.org/sisteransi cache-miss
771 silly fetch manifest @clack/core@1.4.0
772 silly packumentCache full:https://registry.npmjs.org/@clack%2fcore cache-miss
773 silly fetch manifest fast-wrap-ansi@^0.2.0
774 silly packumentCache full:https://registry.npmjs.org/fast-wrap-ansi cache-miss
775 silly fetch manifest fast-string-width@^3.0.2
776 silly packumentCache full:https://registry.npmjs.org/fast-string-width cache-miss
777 silly fetch manifest rc9@^3.0.1
778 silly packumentCache full:https://registry.npmjs.org/rc9 cache-miss
779 silly fetch manifest defu@^6.1.6
780 silly packumentCache full:https://registry.npmjs.org/defu cache-miss
781 silly fetch manifest jiti@^2.6.1
782 silly packumentCache full:https://registry.npmjs.org/jiti cache-miss
783 silly fetch manifest giget@^3.2.0
784 silly packumentCache full:https://registry.npmjs.org/giget cache-miss
785 silly fetch manifest ohash@^2.0.11
786 silly packumentCache full:https://registry.npmjs.org/ohash cache-miss
787 http cache https://registry.npmjs.org/jiti 8ms (cache hit)
788 silly packumentCache full:https://registry.npmjs.org/jiti set size:387989 disposed:false
789 silly fetch manifest dotenv@^17.3.1
790 silly packumentCache full:https://registry.npmjs.org/dotenv cache-miss
791 http cache https://registry.npmjs.org/dotenv 2ms (cache hit)
792 silly packumentCache full:https://registry.npmjs.org/dotenv set size:298088 disposed:false
793 silly fetch manifest confbox@^0.2.4
794 silly packumentCache full:https://registry.npmjs.org/confbox cache-miss
795 http fetch GET 200 https://registry.npmjs.org/sisteransi 22ms (cache miss)
796 silly packumentCache full:https://registry.npmjs.org/sisteransi set size:undefined disposed:false
797 silly fetch manifest exsolve@^1.0.8
798 silly packumentCache full:https://registry.npmjs.org/exsolve cache-miss
799 http fetch GET 200 https://registry.npmjs.org/fast-wrap-ansi 24ms (cache miss)
800 silly packumentCache full:https://registry.npmjs.org/fast-wrap-ansi set size:undefined disposed:false
801 silly fetch manifest chokidar@^5.0.0
802 silly packumentCache full:https://registry.npmjs.org/chokidar cache-miss
803 http fetch GET 200 https://registry.npmjs.org/defu 27ms (cache miss)
804 silly packumentCache full:https://registry.npmjs.org/defu set size:undefined disposed:false
805 silly fetch manifest pkg-types@^2.3.0
806 silly packumentCache full:https://registry.npmjs.org/pkg-types cache-miss
807 http fetch GET 200 https://registry.npmjs.org/giget 30ms (cache miss)
808 silly packumentCache full:https://registry.npmjs.org/giget set size:undefined disposed:false
809 silly fetch manifest perfect-debounce@^2.1.0
810 silly packumentCache full:https://registry.npmjs.org/perfect-debounce cache-miss
811 http fetch GET 200 https://registry.npmjs.org/fast-string-width 31ms (cache miss)
812 silly packumentCache full:https://registry.npmjs.org/fast-string-width set size:undefined disposed:false
813 silly fetch manifest strip-ansi@^7.1.2
814 silly packumentCache full:https://registry.npmjs.org/strip-ansi cache-miss
815 http fetch GET 200 https://registry.npmjs.org/rc9 32ms (cache miss)
816 silly packumentCache full:https://registry.npmjs.org/rc9 set size:undefined disposed:false
817 silly fetch manifest get-east-asian-width@^1.5.0
818 silly packumentCache full:https://registry.npmjs.org/get-east-asian-width cache-miss
819 http fetch GET 200 https://registry.npmjs.org/ohash 32ms (cache miss)
820 silly packumentCache full:https://registry.npmjs.org/ohash set size:undefined disposed:false
821 http cache https://registry.npmjs.org/strip-ansi 2ms (cache hit)
822 silly packumentCache full:https://registry.npmjs.org/strip-ansi set size:44998 disposed:false
823 http fetch GET 200 https://registry.npmjs.org/confbox 19ms (cache miss)
824 silly packumentCache full:https://registry.npmjs.org/confbox set size:undefined disposed:false
825 http fetch GET 200 https://registry.npmjs.org/@clack%2fcore 40ms (cache miss)
826 silly packumentCache full:https://registry.npmjs.org/@clack%2fcore set size:undefined disposed:false
827 http fetch GET 200 https://registry.npmjs.org/exsolve 24ms (cache miss)
828 silly packumentCache full:https://registry.npmjs.org/exsolve set size:undefined disposed:false
829 http fetch GET 200 https://registry.npmjs.org/perfect-debounce 18ms (cache miss)
830 silly packumentCache full:https://registry.npmjs.org/perfect-debounce set size:undefined disposed:false
831 http fetch GET 200 https://registry.npmjs.org/pkg-types 21ms (cache miss)
832 silly packumentCache full:https://registry.npmjs.org/pkg-types set size:undefined disposed:false
833 http fetch GET 200 https://registry.npmjs.org/chokidar 28ms (cache miss)
834 silly packumentCache full:https://registry.npmjs.org/chokidar set size:undefined disposed:false
835 http fetch GET 200 https://registry.npmjs.org/get-east-asian-width 22ms (cache miss)
836 silly packumentCache full:https://registry.npmjs.org/get-east-asian-width set size:undefined disposed:false
837 silly placeDep ROOT @clack/core@1.4.0 OK for: @clack/prompts@1.5.0 want: 1.4.0
838 silly placeDep ROOT fast-string-width@3.0.2 OK for: @clack/prompts@1.5.0 want: ^3.0.2
839 silly placeDep ROOT fast-wrap-ansi@0.2.2 OK for: @clack/prompts@1.5.0 want: ^0.2.0
840 silly placeDep ROOT sisteransi@1.0.5 OK for: @clack/prompts@1.5.0 want: ^1.0.5
841 silly fetch manifest fast-string-truncated-width@^3.0.2
842 silly packumentCache full:https://registry.npmjs.org/fast-string-truncated-width cache-miss
843 http fetch GET 200 https://registry.npmjs.org/fast-string-truncated-width 18ms (cache miss)
844 silly packumentCache full:https://registry.npmjs.org/fast-string-truncated-width set size:undefined disposed:false
845 silly placeDep ROOT openapi-fetch@0.14.0 OK for: @prisma/management-api-sdk@1.82.0 want: 0.14.0
846 silly fetch manifest openapi-typescript-helpers@^0.0.15
847 silly packumentCache full:https://registry.npmjs.org/openapi-typescript-helpers cache-miss
848 http fetch GET 200 https://registry.npmjs.org/openapi-typescript-helpers 23ms (cache miss)
849 silly packumentCache full:https://registry.npmjs.org/openapi-typescript-helpers set size:undefined disposed:false
850 silly placeDep ROOT @standard-schema/spec@1.1.0 OK for: @prisma/orm-family-sql@8.0.0-rc.17 want: ^1.1.0
851 silly placeDep ROOT pluralize@8.0.0 OK for: @prisma/orm-family-sql@8.0.0-rc.17 want: ^8.0.0
852 silly placeDep ROOT ts-toolbelt@9.6.0 OK for: @prisma/orm-family-sql@8.0.0-rc.17 want: ^9.6.0
853 silly placeDep ROOT uniku@0.5.0 OK for: @prisma/orm-framework@8.0.0-rc.17 want: ^0.5.0
854 silly fetch manifest @noble/hashes@^2.2.0
855 silly packumentCache full:https://registry.npmjs.org/@noble%2fhashes cache-miss
856 http fetch GET 200 https://registry.npmjs.org/@noble%2fhashes 29ms (cache miss)
857 silly packumentCache full:https://registry.npmjs.org/@noble%2fhashes set size:undefined disposed:false
858 silly placeDep node_modules/@prisma/orm-target-postgres @types/pg@8.20.4 OK for: @prisma/orm-target-postgres@8.0.0-rc.17 want: 8.20.4
859 silly placeDep ROOT pg-cursor@2.22.1 OK for: @prisma/orm-target-postgres@8.0.0-rc.17 want: ^2.21.0
860 silly placeDep ROOT postgres-array@2.0.0 OK for: @prisma/orm-target-postgres@8.0.0-rc.17 want: 2.0.0
861 silly placeDep ROOT @vercel/detect-agent@1.2.5 OK for: @prisma/orm-toolchain@8.0.0-rc.17 want: ^1.2.4
862 silly placeDep ROOT ci-info@4.4.0 OK for: @prisma/orm-toolchain@8.0.0-rc.17 want: ^4.3.1
863 silly placeDep ROOT clipanion@4.0.0-rc.4 OK for: @prisma/orm-toolchain@8.0.0-rc.17 want: 4.0.0-rc.4
864 silly placeDep ROOT closest-match@1.3.3 OK for: @prisma/orm-toolchain@8.0.0-rc.17 want: ^1.3.3
865 silly placeDep ROOT esbuild@0.28.2 OK for: @prisma/orm-toolchain@8.0.0-rc.17 want: ^0.28.2
866 silly placeDep ROOT jsonc-parser@3.3.1 OK for: @prisma/orm-toolchain@8.0.0-rc.17 want: ^3.3.1
867 silly placeDep ROOT prettier@3.9.9 OK for: @prisma/orm-toolchain@8.0.0-rc.17 want: ^3.9.6
868 silly placeDep node_modules/@prisma/orm-toolchain string-width@8.3.0 OK for: @prisma/orm-toolchain@8.0.0-rc.17 want: ^8.2.2
869 silly placeDep node_modules/@prisma/orm-toolchain strip-ansi@7.2.0 OK for: @prisma/orm-toolchain@8.0.0-rc.17 want: ^7.2.0
870 silly placeDep ROOT vscode-languageserver@10.1.0 OK for: @prisma/orm-toolchain@8.0.0-rc.17 want: 10.1.0
871 silly placeDep ROOT vscode-languageserver-textdocument@1.0.12 OK for: @prisma/orm-toolchain@8.0.0-rc.17 want: 1.0.12
872 silly placeDep node_modules/@prisma/orm-toolchain wrap-ansi@10.0.2 OK for: @prisma/orm-toolchain@8.0.0-rc.17 want: ^10.0.0
873 silly fetch manifest typanion@^3.8.0
874 silly packumentCache full:https://registry.npmjs.org/typanion cache-miss
875 silly fetch manifest @esbuild/aix-ppc64@0.28.2
876 silly packumentCache full:https://registry.npmjs.org/@esbuild%2faix-ppc64 cache-miss
877 silly fetch manifest @esbuild/linux-arm@0.28.2
878 silly packumentCache full:https://registry.npmjs.org/@esbuild%2flinux-arm cache-miss
879 silly fetch manifest @esbuild/linux-x64@0.28.2
880 silly packumentCache full:https://registry.npmjs.org/@esbuild%2flinux-x64 cache-miss
881 silly fetch manifest @esbuild/sunos-x64@0.28.2
882 silly packumentCache full:https://registry.npmjs.org/@esbuild%2fsunos-x64 cache-miss
883 silly fetch manifest @esbuild/win32-x64@0.28.2
884 silly packumentCache full:https://registry.npmjs.org/@esbuild%2fwin32-x64 cache-miss
885 silly fetch manifest @esbuild/darwin-x64@0.28.2
886 silly packumentCache full:https://registry.npmjs.org/@esbuild%2fdarwin-x64 cache-miss
887 silly fetch manifest @esbuild/linux-ia32@0.28.2
888 silly packumentCache full:https://registry.npmjs.org/@esbuild%2flinux-ia32 cache-miss
889 silly fetch manifest @esbuild/netbsd-x64@0.28.2
890 silly packumentCache full:https://registry.npmjs.org/@esbuild%2fnetbsd-x64 cache-miss
891 http fetch GET 200 https://registry.npmjs.org/typanion 25ms (cache miss)
892 silly packumentCache full:https://registry.npmjs.org/typanion set size:undefined disposed:false
893 silly fetch manifest @esbuild/win32-ia32@0.28.2
894 silly packumentCache full:https://registry.npmjs.org/@esbuild%2fwin32-ia32 cache-miss
895 http fetch GET 200 https://registry.npmjs.org/@esbuild%2fnetbsd-x64 28ms (cache miss)
896 silly packumentCache full:https://registry.npmjs.org/@esbuild%2fnetbsd-x64 set size:undefined disposed:false
897 silly fetch manifest @esbuild/android-arm@0.28.2
898 silly packumentCache full:https://registry.npmjs.org/@esbuild%2fandroid-arm cache-miss
899 http fetch GET 200 https://registry.npmjs.org/@esbuild%2flinux-x64 33ms (cache miss)
900 silly packumentCache full:https://registry.npmjs.org/@esbuild%2flinux-x64 set size:undefined disposed:false
901 silly fetch manifest @esbuild/android-x64@0.28.2
902 silly packumentCache full:https://registry.npmjs.org/@esbuild%2fandroid-x64 cache-miss
903 http fetch GET 200 https://registry.npmjs.org/@esbuild%2faix-ppc64 36ms (cache miss)
904 silly packumentCache full:https://registry.npmjs.org/@esbuild%2faix-ppc64 set size:undefined disposed:false
905 silly fetch manifest @esbuild/freebsd-x64@0.28.2
906 silly packumentCache full:https://registry.npmjs.org/@esbuild%2ffreebsd-x64 cache-miss
907 http fetch GET 200 https://registry.npmjs.org/@esbuild%2fdarwin-x64 38ms (cache miss)
908 silly packumentCache full:https://registry.npmjs.org/@esbuild%2fdarwin-x64 set size:undefined disposed:false
909 silly fetch manifest @esbuild/linux-arm64@0.28.2
910 silly packumentCache full:https://registry.npmjs.org/@esbuild%2flinux-arm64 cache-miss
911 http fetch GET 200 https://registry.npmjs.org/@esbuild%2fwin32-x64 42ms (cache miss)
912 silly packumentCache full:https://registry.npmjs.org/@esbuild%2fwin32-x64 set size:undefined disposed:false
913 silly fetch manifest @esbuild/linux-ppc64@0.28.2
914 silly packumentCache full:https://registry.npmjs.org/@esbuild%2flinux-ppc64 cache-miss
915 http fetch GET 200 https://registry.npmjs.org/@esbuild%2flinux-ia32 41ms (cache miss)
916 silly packumentCache full:https://registry.npmjs.org/@esbuild%2flinux-ia32 set size:undefined disposed:false
917 silly fetch manifest @esbuild/linux-s390x@0.28.2
918 silly packumentCache full:https://registry.npmjs.org/@esbuild%2flinux-s390x cache-miss
919 http fetch GET 200 https://registry.npmjs.org/@esbuild%2fsunos-x64 43ms (cache miss)
920 silly packumentCache full:https://registry.npmjs.org/@esbuild%2fsunos-x64 set size:undefined disposed:false
921 silly fetch manifest @esbuild/openbsd-x64@0.28.2
922 silly packumentCache full:https://registry.npmjs.org/@esbuild%2fopenbsd-x64 cache-miss
923 http fetch GET 200 https://registry.npmjs.org/@esbuild%2flinux-arm 44ms (cache miss)
924 silly packumentCache full:https://registry.npmjs.org/@esbuild%2flinux-arm set size:undefined disposed:false
925 silly fetch manifest @esbuild/win32-arm64@0.28.2
926 silly packumentCache full:https://registry.npmjs.org/@esbuild%2fwin32-arm64 cache-miss
927 http fetch GET 200 https://registry.npmjs.org/@esbuild%2fwin32-ia32 41ms (cache miss)
928 silly packumentCache full:https://registry.npmjs.org/@esbuild%2fwin32-ia32 set size:undefined disposed:false
929 silly fetch manifest @esbuild/darwin-arm64@0.28.2
930 silly packumentCache full:https://registry.npmjs.org/@esbuild%2fdarwin-arm64 cache-miss
931 http fetch GET 200 https://registry.npmjs.org/@esbuild%2ffreebsd-x64 33ms (cache miss)
932 silly packumentCache full:https://registry.npmjs.org/@esbuild%2ffreebsd-x64 set size:undefined disposed:false
933 silly fetch manifest @esbuild/netbsd-arm64@0.28.2
934 silly packumentCache full:https://registry.npmjs.org/@esbuild%2fnetbsd-arm64 cache-miss
935 http fetch GET 200 https://registry.npmjs.org/@esbuild%2fandroid-arm 40ms (cache miss)
936 silly packumentCache full:https://registry.npmjs.org/@esbuild%2fandroid-arm set size:undefined disposed:false
937 silly fetch manifest @esbuild/android-arm64@0.28.2
938 silly packumentCache full:https://registry.npmjs.org/@esbuild%2fandroid-arm64 cache-miss
939 http fetch GET 200 https://registry.npmjs.org/@esbuild%2fandroid-x64 39ms (cache miss)
940 silly packumentCache full:https://registry.npmjs.org/@esbuild%2fandroid-x64 set size:undefined disposed:false
941 silly fetch manifest @esbuild/freebsd-arm64@0.28.2
942 silly packumentCache full:https://registry.npmjs.org/@esbuild%2ffreebsd-arm64 cache-miss
943 http fetch GET 200 https://registry.npmjs.org/@esbuild%2flinux-s390x 31ms (cache miss)
944 silly packumentCache full:https://registry.npmjs.org/@esbuild%2flinux-s390x set size:undefined disposed:false
945 silly fetch manifest @esbuild/linux-loong64@0.28.2
946 silly packumentCache full:https://registry.npmjs.org/@esbuild%2flinux-loong64 cache-miss
947 http fetch GET 200 https://registry.npmjs.org/@esbuild%2flinux-arm64 36ms (cache miss)
948 silly packumentCache full:https://registry.npmjs.org/@esbuild%2flinux-arm64 set size:undefined disposed:false
949 silly fetch manifest @esbuild/linux-riscv64@0.28.2
950 silly packumentCache full:https://registry.npmjs.org/@esbuild%2flinux-riscv64 cache-miss
951 http fetch GET 200 https://registry.npmjs.org/@esbuild%2flinux-ppc64 36ms (cache miss)
952 silly packumentCache full:https://registry.npmjs.org/@esbuild%2flinux-ppc64 set size:undefined disposed:false
953 silly fetch manifest @esbuild/openbsd-arm64@0.28.2
954 silly packumentCache full:https://registry.npmjs.org/@esbuild%2fopenbsd-arm64 cache-miss
955 http fetch GET 200 https://registry.npmjs.org/@esbuild%2fopenbsd-x64 38ms (cache miss)
956 silly packumentCache full:https://registry.npmjs.org/@esbuild%2fopenbsd-x64 set size:undefined disposed:false
957 silly fetch manifest @esbuild/linux-mips64el@0.28.2
958 silly packumentCache full:https://registry.npmjs.org/@esbuild%2flinux-mips64el cache-miss
959 http fetch GET 200 https://registry.npmjs.org/@esbuild%2fwin32-arm64 37ms (cache miss)
960 silly packumentCache full:https://registry.npmjs.org/@esbuild%2fwin32-arm64 set size:undefined disposed:false
961 silly fetch manifest @esbuild/openharmony-arm64@0.28.2
962 silly packumentCache full:https://registry.npmjs.org/@esbuild%2fopenharmony-arm64 cache-miss
963 http fetch GET 200 https://registry.npmjs.org/@esbuild%2fandroid-arm64 29ms (cache miss)
964 silly packumentCache full:https://registry.npmjs.org/@esbuild%2fandroid-arm64 set size:undefined disposed:false
965 silly fetch manifest ansi-regex@^6.2.2
966 silly packumentCache full:https://registry.npmjs.org/ansi-regex cache-miss
967 http fetch GET 200 https://registry.npmjs.org/@esbuild%2fopenbsd-arm64 25ms (cache miss)
968 silly packumentCache full:https://registry.npmjs.org/@esbuild%2fopenbsd-arm64 set size:undefined disposed:false
969 silly fetch manifest vscode-languageserver-protocol@3.18.2
970 silly packumentCache full:https://registry.npmjs.org/vscode-languageserver-protocol cache-miss
971 http fetch GET 200 https://registry.npmjs.org/@esbuild%2fnetbsd-arm64 35ms (cache miss)
972 silly packumentCache full:https://registry.npmjs.org/@esbuild%2fnetbsd-arm64 set size:undefined disposed:false
973 silly fetch manifest ansi-styles@^6.2.3
974 silly packumentCache full:https://registry.npmjs.org/ansi-styles cache-miss
975 http fetch GET 200 https://registry.npmjs.org/@esbuild%2fdarwin-arm64 38ms (cache miss)
976 silly packumentCache full:https://registry.npmjs.org/@esbuild%2fdarwin-arm64 set size:undefined disposed:false
977 http fetch GET 200 https://registry.npmjs.org/@esbuild%2ffreebsd-arm64 36ms (cache miss)
978 silly packumentCache full:https://registry.npmjs.org/@esbuild%2ffreebsd-arm64 set size:undefined disposed:false
979 http fetch GET 200 https://registry.npmjs.org/@esbuild%2flinux-loong64 39ms (cache miss)
980 silly packumentCache full:https://registry.npmjs.org/@esbuild%2flinux-loong64 set size:undefined disposed:false
981 http fetch GET 200 https://registry.npmjs.org/@esbuild%2fopenharmony-arm64 32ms (cache miss)
982 silly packumentCache full:https://registry.npmjs.org/@esbuild%2fopenharmony-arm64 set size:undefined disposed:false
983 http fetch GET 200 https://registry.npmjs.org/@esbuild%2flinux-riscv64 40ms (cache miss)
984 silly packumentCache full:https://registry.npmjs.org/@esbuild%2flinux-riscv64 set size:undefined disposed:false
985 http fetch GET 200 https://registry.npmjs.org/ansi-regex 19ms (cache miss)
986 silly packumentCache full:https://registry.npmjs.org/ansi-regex set size:undefined disposed:false
987 http fetch GET 200 https://registry.npmjs.org/@esbuild%2flinux-mips64el 37ms (cache miss)
988 silly packumentCache full:https://registry.npmjs.org/@esbuild%2flinux-mips64el set size:undefined disposed:false
989 http fetch GET 200 https://registry.npmjs.org/ansi-styles 23ms (cache miss)
990 silly packumentCache full:https://registry.npmjs.org/ansi-styles set size:undefined disposed:false
991 http fetch GET 200 https://registry.npmjs.org/vscode-languageserver-protocol 36ms (cache miss)
992 silly packumentCache full:https://registry.npmjs.org/vscode-languageserver-protocol set size:undefined disposed:false
993 silly placeDep ROOT @types/ms@2.1.0 OK for: @types/jsonwebtoken@9.0.10 want: *
994 silly placeDep ROOT undici-types@8.3.0 OK for: @types/node@26.1.2 want: ~8.3.0
995 silly placeDep ROOT pg-protocol@1.16.1 OK for: @types/pg@8.23.1 want: *
996 silly placeDep ROOT pg-types@2.2.0 OK for: @types/pg@8.23.1 want: ^2.2.0
997 silly fetch manifest pg-int8@1.0.1
998 silly packumentCache full:https://registry.npmjs.org/pg-int8 cache-miss
999 silly fetch manifest postgres-date@~1.0.4
1000 silly packumentCache full:https://registry.npmjs.org/postgres-date cache-miss
1001 silly fetch manifest postgres-bytea@~1.0.0
1002 silly packumentCache full:https://registry.npmjs.org/postgres-bytea cache-miss
1003 silly fetch manifest postgres-interval@^1.1.0
1004 silly packumentCache full:https://registry.npmjs.org/postgres-interval cache-miss
1005 http fetch GET 200 https://registry.npmjs.org/postgres-date 20ms (cache miss)
1006 silly packumentCache full:https://registry.npmjs.org/postgres-date set size:undefined disposed:false
1007 http fetch GET 200 https://registry.npmjs.org/pg-int8 21ms (cache miss)
1008 silly packumentCache full:https://registry.npmjs.org/pg-int8 set size:undefined disposed:false
1009 http fetch GET 200 https://registry.npmjs.org/postgres-bytea 23ms (cache miss)
1010 silly packumentCache full:https://registry.npmjs.org/postgres-bytea set size:undefined disposed:false
1011 http fetch GET 200 https://registry.npmjs.org/postgres-interval 25ms (cache miss)
1012 silly packumentCache full:https://registry.npmjs.org/postgres-interval set size:undefined disposed:false
1013 silly placeDep ROOT @ark/schema@0.56.7 OK for: arktype@2.2.8 want: 0.56.7
1014 silly placeDep ROOT @ark/util@0.56.7 OK for: arktype@2.2.8 want: 0.56.7
1015 silly placeDep ROOT arkregex@0.0.13 OK for: arktype@2.2.8 want: 0.0.13
1016 silly placeDep ROOT follow-redirects@1.16.1 OK for: axios@1.20.0 want: ^1.16.0
1017 silly placeDep ROOT form-data@4.0.6 REPLACE for: axios@1.20.0 want: ^4.0.6
1018 silly placeDep ROOT https-proxy-agent@5.0.1 OK for: axios@1.20.0 want: ^5.0.1
1019 silly placeDep ROOT proxy-from-env@2.1.0 OK for: axios@1.20.0 want: ^2.1.0
1020 silly fetch manifest hasown@^2.0.4
1021 silly packumentCache full:https://registry.npmjs.org/hasown cache-miss
1022 silly fetch manifest debug@4
1023 silly packumentCache full:https://registry.npmjs.org/debug cache-miss
1024 silly fetch manifest agent-base@6
1025 silly packumentCache full:https://registry.npmjs.org/agent-base cache-miss
1026 http fetch GET 200 https://registry.npmjs.org/hasown 21ms (cache miss)
1027 silly packumentCache full:https://registry.npmjs.org/hasown set size:undefined disposed:false
1028 http fetch GET 200 https://registry.npmjs.org/debug 24ms (cache miss)
1029 silly packumentCache full:https://registry.npmjs.org/debug set size:undefined disposed:false
1030 http fetch GET 200 https://registry.npmjs.org/agent-base 26ms (cache miss)
1031 silly packumentCache full:https://registry.npmjs.org/agent-base set size:undefined disposed:false
1032 silly placeDep ROOT node-addon-api@8.9.2 OK for: bcrypt@6.0.0 want: ^8.3.0
1033 silly placeDep ROOT node-gyp-build@4.8.4 OK for: bcrypt@6.0.0 want: ^4.8.4
1034 silly placeDep ROOT chokidar@5.0.0 OK for: c12@3.3.4 want: ^5.0.0
1035 silly placeDep ROOT confbox@0.2.4 OK for: c12@3.3.4 want: ^0.2.4
1036 silly placeDep ROOT defu@6.1.7 OK for: c12@3.3.4 want: ^6.1.6
1037 silly placeDep ROOT dotenv@17.4.2 OK for: c12@3.3.4 want: ^17.3.1
1038 silly placeDep ROOT exsolve@1.1.3 OK for: c12@3.3.4 want: ^1.0.8
1039 silly placeDep ROOT giget@3.3.1 OK for: c12@3.3.4 want: ^3.2.0
1040 silly placeDep ROOT jiti@2.7.0 OK for: c12@3.3.4 want: ^2.6.1
1041 silly placeDep ROOT ohash@2.0.12 OK for: c12@3.3.4 want: ^2.0.11
1042 silly placeDep ROOT perfect-debounce@2.1.0 OK for: c12@3.3.4 want: ^2.1.0
1043 silly placeDep ROOT pkg-types@2.3.3 OK for: c12@3.3.4 want: ^2.3.0
1044 silly placeDep ROOT rc9@3.1.0 OK for: c12@3.3.4 want: ^3.0.1
1045 silly fetch manifest readdirp@^5.0.0
1046 silly packumentCache full:https://registry.npmjs.org/readdirp cache-miss
1047 silly fetch manifest confbox@^0.3.1
1048 silly packumentCache full:https://registry.npmjs.org/confbox cache-miss
1049 silly fetch manifest destr@^2.0.5
1050 silly packumentCache full:https://registry.npmjs.org/destr cache-miss
1051 http cache https://registry.npmjs.org/confbox 2ms (cache hit)
1052 silly packumentCache full:https://registry.npmjs.org/confbox set size:49622 disposed:false
1053 http fetch GET 200 https://registry.npmjs.org/destr 20ms (cache miss)
1054 silly packumentCache full:https://registry.npmjs.org/destr set size:undefined disposed:false
1055 http fetch GET 200 https://registry.npmjs.org/readdirp 25ms (cache miss)
1056 silly packumentCache full:https://registry.npmjs.org/readdirp set size:undefined disposed:false
1057 silly placeDep ROOT readdirp@5.1.1 OK for: chokidar@5.0.0 want: ^5.0.0
1058 silly placeDep ROOT typanion@3.14.0 OK for: clipanion@4.0.0-rc.4 want: ^3.8.0
1059 silly placeDep ROOT @esbuild/aix-ppc64@0.28.2 OK for: esbuild@0.28.2 want: 0.28.2
1060 silly placeDep ROOT @esbuild/android-arm@0.28.2 OK for: esbuild@0.28.2 want: 0.28.2
1061 silly placeDep ROOT @esbuild/android-arm64@0.28.2 OK for: esbuild@0.28.2 want: 0.28.2
1062 silly placeDep ROOT @esbuild/android-x64@0.28.2 OK for: esbuild@0.28.2 want: 0.28.2
1063 silly placeDep ROOT @esbuild/darwin-arm64@0.28.2 OK for: esbuild@0.28.2 want: 0.28.2
1064 silly placeDep ROOT @esbuild/darwin-x64@0.28.2 OK for: esbuild@0.28.2 want: 0.28.2
1065 silly placeDep ROOT @esbuild/freebsd-arm64@0.28.2 OK for: esbuild@0.28.2 want: 0.28.2
1066 silly placeDep ROOT @esbuild/freebsd-x64@0.28.2 OK for: esbuild@0.28.2 want: 0.28.2
1067 silly placeDep ROOT @esbuild/linux-arm@0.28.2 OK for: esbuild@0.28.2 want: 0.28.2
1068 silly placeDep ROOT @esbuild/linux-arm64@0.28.2 OK for: esbuild@0.28.2 want: 0.28.2
1069 silly placeDep ROOT @esbuild/linux-ia32@0.28.2 OK for: esbuild@0.28.2 want: 0.28.2
1070 silly placeDep ROOT @esbuild/linux-loong64@0.28.2 OK for: esbuild@0.28.2 want: 0.28.2
1071 silly placeDep ROOT @esbuild/linux-mips64el@0.28.2 OK for: esbuild@0.28.2 want: 0.28.2
1072 silly placeDep ROOT @esbuild/linux-ppc64@0.28.2 OK for: esbuild@0.28.2 want: 0.28.2
1073 silly placeDep ROOT @esbuild/linux-riscv64@0.28.2 OK for: esbuild@0.28.2 want: 0.28.2
1074 silly placeDep ROOT @esbuild/linux-s390x@0.28.2 OK for: esbuild@0.28.2 want: 0.28.2
1075 silly placeDep ROOT @esbuild/linux-x64@0.28.2 OK for: esbuild@0.28.2 want: 0.28.2
1076 silly placeDep ROOT @esbuild/netbsd-arm64@0.28.2 OK for: esbuild@0.28.2 want: 0.28.2
1077 silly placeDep ROOT @esbuild/netbsd-x64@0.28.2 OK for: esbuild@0.28.2 want: 0.28.2
1078 silly placeDep ROOT @esbuild/openbsd-arm64@0.28.2 OK for: esbuild@0.28.2 want: 0.28.2
1079 silly placeDep ROOT @esbuild/openbsd-x64@0.28.2 OK for: esbuild@0.28.2 want: 0.28.2
1080 silly placeDep ROOT @esbuild/openharmony-arm64@0.28.2 OK for: esbuild@0.28.2 want: 0.28.2
1081 silly placeDep ROOT @esbuild/sunos-x64@0.28.2 OK for: esbuild@0.28.2 want: 0.28.2
1082 silly placeDep ROOT @esbuild/win32-arm64@0.28.2 OK for: esbuild@0.28.2 want: 0.28.2
1083 silly placeDep ROOT @esbuild/win32-ia32@0.28.2 OK for: esbuild@0.28.2 want: 0.28.2
1084 silly placeDep ROOT @esbuild/win32-x64@0.28.2 OK for: esbuild@0.28.2 want: 0.28.2
1085 silly placeDep ROOT fast-string-truncated-width@3.0.3 OK for: fast-string-width@3.0.2 want: ^3.0.2
1086 silly placeDep ROOT hasown@2.0.4 REPLACE for: form-data@4.0.6 want: ^2.0.4
1087 silly placeDep ROOT base64-js@1.5.1 OK for: google-auth-library@10.9.1 want: ^1.3.0
1088 silly placeDep ROOT ecdsa-sig-formatter@1.0.11 OK for: google-auth-library@10.9.1 want: ^1.0.11
1089 silly placeDep ROOT gaxios@7.3.1 OK for: google-auth-library@10.9.1 want: ^7.1.4
1090 silly placeDep ROOT gcp-metadata@8.1.2 OK for: google-auth-library@10.9.1 want: 8.1.2
1091 silly placeDep ROOT google-logging-utils@1.1.3 OK for: google-auth-library@10.9.1 want: 1.1.3
1092 silly placeDep ROOT jws@4.0.1 OK for: google-auth-library@10.9.1 want: ^4.0.0
1093 silly fetch manifest extend@^3.0.2
1094 silly packumentCache full:https://registry.npmjs.org/extend cache-miss
1095 silly fetch manifest node-fetch@^3.3.2
1096 silly packumentCache full:https://registry.npmjs.org/node-fetch cache-miss
1097 silly fetch manifest https-proxy-agent@^7.0.1
1098 silly packumentCache full:https://registry.npmjs.org/https-proxy-agent cache-miss
1099 silly fetch manifest json-bigint@^1.0.0
1100 silly packumentCache full:https://registry.npmjs.org/json-bigint cache-miss
1101 silly fetch manifest google-logging-utils@^1.0.0
1102 silly packumentCache full:https://registry.npmjs.org/google-logging-utils cache-miss
1103 silly fetch manifest jwa@^2.0.1
1104 silly packumentCache full:https://registry.npmjs.org/jwa cache-miss
1105 http cache https://registry.npmjs.org/https-proxy-agent 2ms (cache hit)
1106 silly packumentCache full:https://registry.npmjs.org/https-proxy-agent set size:83792 disposed:false
1107 http cache https://registry.npmjs.org/google-logging-utils 1ms (cache hit)
1108 silly packumentCache full:https://registry.npmjs.org/google-logging-utils set size:31146 disposed:false
1109 http fetch GET 200 https://registry.npmjs.org/json-bigint 20ms (cache miss)
1110 silly packumentCache full:https://registry.npmjs.org/json-bigint set size:undefined disposed:false
1111 http fetch GET 200 https://registry.npmjs.org/extend 21ms (cache miss)
1112 silly packumentCache full:https://registry.npmjs.org/extend set size:undefined disposed:false
1113 http fetch GET 200 https://registry.npmjs.org/jwa 23ms (cache miss)
1114 silly packumentCache full:https://registry.npmjs.org/jwa set size:undefined disposed:false
1115 http fetch GET 200 https://registry.npmjs.org/node-fetch 48ms (cache miss)
1116 silly packumentCache full:https://registry.npmjs.org/node-fetch set size:undefined disposed:false
1117 silly placeDep ROOT extend@3.0.2 OK for: gaxios@7.3.1 want: ^3.0.2
1118 silly placeDep node_modules/gaxios https-proxy-agent@7.0.6 OK for: gaxios@7.3.1 want: ^7.0.1
1119 silly placeDep node_modules/gaxios node-fetch@3.3.2 OK for: gaxios@7.3.1 want: ^3.3.2
1120 silly fetch manifest agent-base@^7.1.2
1121 silly packumentCache full:https://registry.npmjs.org/agent-base cache-miss
1122 silly fetch manifest data-uri-to-buffer@^4.0.0
1123 silly packumentCache full:https://registry.npmjs.org/data-uri-to-buffer cache-miss
1124 silly fetch manifest fetch-blob@^3.1.4
1125 silly packumentCache full:https://registry.npmjs.org/fetch-blob cache-miss
1126 silly fetch manifest formdata-polyfill@^4.0.10
1127 silly packumentCache full:https://registry.npmjs.org/formdata-polyfill cache-miss
1128 http cache https://registry.npmjs.org/agent-base 1ms (cache hit)
1129 silly packumentCache full:https://registry.npmjs.org/agent-base set size:72085 disposed:false
1130 http fetch GET 200 https://registry.npmjs.org/fetch-blob 22ms (cache miss)
1131 silly packumentCache full:https://registry.npmjs.org/fetch-blob set size:undefined disposed:false
1132 http fetch GET 200 https://registry.npmjs.org/data-uri-to-buffer 25ms (cache miss)
1133 silly packumentCache full:https://registry.npmjs.org/data-uri-to-buffer set size:undefined disposed:false
1134 http fetch GET 200 https://registry.npmjs.org/formdata-polyfill 26ms (cache miss)
1135 silly packumentCache full:https://registry.npmjs.org/formdata-polyfill set size:undefined disposed:false
1136 silly placeDep ROOT json-bigint@1.0.0 OK for: gcp-metadata@8.1.2 want: ^1.0.0
1137 silly fetch manifest bignumber.js@^9.0.0
1138 silly packumentCache full:https://registry.npmjs.org/bignumber.js cache-miss
1139 http fetch GET 200 https://registry.npmjs.org/bignumber.js 241ms (cache miss)
1140 silly packumentCache full:https://registry.npmjs.org/bignumber.js set size:undefined disposed:false
1141 silly placeDep ROOT agent-base@6.0.2 OK for: https-proxy-agent@5.0.1 want: 6
1142 silly placeDep ROOT debug@4.4.3 OK for: https-proxy-agent@5.0.1 want: 4
1143 silly fetch manifest ms@^2.1.3
1144 silly packumentCache full:https://registry.npmjs.org/ms cache-miss
1145 http cache https://registry.npmjs.org/ms 2ms (cache hit)
1146 silly packumentCache full:https://registry.npmjs.org/ms set size:92208 disposed:false
1147 silly placeDep ROOT ms@2.1.3 OK for: debug@4.4.3 want: ^2.1.3
1148 silly placeDep ROOT bignumber.js@9.3.1 OK for: json-bigint@1.0.0 want: ^9.0.0
1149 silly placeDep ROOT lodash.includes@4.3.0 OK for: jsonwebtoken@9.0.3 want: ^4.3.0
1150 silly placeDep ROOT lodash.isboolean@3.0.3 OK for: jsonwebtoken@9.0.3 want: ^3.0.3
1151 silly placeDep ROOT lodash.isinteger@4.0.4 OK for: jsonwebtoken@9.0.3 want: ^4.0.4
1152 silly placeDep ROOT lodash.isnumber@3.0.3 OK for: jsonwebtoken@9.0.3 want: ^3.0.3
1153 silly placeDep ROOT lodash.isplainobject@4.0.6 OK for: jsonwebtoken@9.0.3 want: ^4.0.6
1154 silly placeDep ROOT lodash.isstring@4.0.1 OK for: jsonwebtoken@9.0.3 want: ^4.0.1
1155 silly placeDep ROOT lodash.once@4.1.1 OK for: jsonwebtoken@9.0.3 want: ^4.0.0
1156 silly placeDep ROOT semver@7.8.5 OK for: jsonwebtoken@9.0.3 want: ^7.5.4
1157 silly placeDep ROOT jwa@2.0.1 OK for: jws@4.0.1 want: ^2.0.1
1158 silly fetch manifest buffer-equal-constant-time@^1.0.1
1159 silly packumentCache full:https://registry.npmjs.org/buffer-equal-constant-time cache-miss
1160 http fetch GET 200 https://registry.npmjs.org/buffer-equal-constant-time 19ms (cache miss)
1161 silly packumentCache full:https://registry.npmjs.org/buffer-equal-constant-time set size:undefined disposed:false
1162 silly placeDep ROOT buffer-equal-constant-time@1.0.1 OK for: jwa@2.0.1 want: ^1.0.1
1163 silly placeDep ROOT openapi-typescript-helpers@0.0.15 OK for: openapi-fetch@0.14.0 want: ^0.0.15
1164 silly placeDep ROOT @types/retry@0.12.0 OK for: p-retry@4.6.2 want: 0.12.0
1165 silly placeDep ROOT retry@0.13.1 OK for: p-retry@4.6.2 want: ^0.13.1
1166 silly fetch manifest pg@>=8.0
1167 silly packumentCache full:https://registry.npmjs.org/pg cache-miss
1168 http cache https://registry.npmjs.org/pg 1ms (cache hit)
1169 silly packumentCache full:https://registry.npmjs.org/pg set size:484837 disposed:false
1170 silly placeDep ROOT pg-cloudflare@1.4.1 OK for: pg@8.22.0 want: ^1.4.0
1171 silly placeDep ROOT pg-connection-string@2.14.1 OK for: pg@8.22.0 want: ^2.14.0
1172 silly placeDep ROOT pg-pool@3.14.0 OK for: pg@8.22.0 want: ^3.14.0
1173 silly placeDep ROOT pgpass@1.0.5 OK for: pg@8.22.0 want: 1.0.5
1174 silly fetch manifest split2@^4.1.0
1175 silly packumentCache full:https://registry.npmjs.org/split2 cache-miss
1176 http fetch GET 200 https://registry.npmjs.org/split2 25ms (cache miss)
1177 silly packumentCache full:https://registry.npmjs.org/split2 set size:undefined disposed:false
1178 silly placeDep ROOT pg-int8@1.0.1 OK for: pg-types@2.2.0 want: 1.0.1
1179 silly placeDep ROOT postgres-bytea@1.0.1 OK for: pg-types@2.2.0 want: ~1.0.0
1180 silly placeDep ROOT postgres-date@1.0.7 OK for: pg-types@2.2.0 want: ~1.0.4
1181 silly placeDep ROOT postgres-interval@1.2.0 OK for: pg-types@2.2.0 want: ^1.1.0
1182 silly fetch manifest xtend@^4.0.0
1183 silly packumentCache full:https://registry.npmjs.org/xtend cache-miss
1184 http fetch GET 200 https://registry.npmjs.org/xtend 19ms (cache miss)
1185 silly packumentCache full:https://registry.npmjs.org/xtend set size:undefined disposed:false
1186 silly placeDep ROOT split2@4.2.0 OK for: pgpass@1.0.5 want: ^4.1.0
1187 silly placeDep node_modules/pkg-types confbox@0.3.1 OK for: pkg-types@2.3.3 want: ^0.3.1
1188 silly placeDep ROOT xtend@4.0.2 OK for: postgres-interval@1.2.0 want: ^4.0.0
1189 silly placeDep ROOT @manypkg/tools@2.1.2 OK for: prisma@8.0.0-rc.22 want: ^2.1.2
1190 silly placeDep ROOT @prisma/composer-cli@0.29.1 OK for: prisma@8.0.0-rc.22 want: 0.29.1
1191 silly placeDep ROOT @prisma/compute-sdk@0.43.0 OK for: prisma@8.0.0-rc.22 want: 0.43.0
1192 silly placeDep node_modules/prisma @prisma/management-api-sdk@1.80.0 OK for: prisma@8.0.0-rc.22 want: 1.80.0
1193 silly placeDep ROOT better-result@2.10.0 OK for: prisma@8.0.0-rc.22 want: ^2.9.2
1194 silly placeDep ROOT cross-spawn@7.0.6 OK for: prisma@8.0.0-rc.22 want: ^7.0.6
1195 silly placeDep ROOT execa@9.6.1 OK for: prisma@8.0.0-rc.22 want: ^9.6.1
1196 silly placeDep ROOT open@11.0.4 OK for: prisma@8.0.0-rc.22 want: ^11.0.0
1197 silly fetch manifest jju@^1.4.0
1198 silly packumentCache full:https://registry.npmjs.org/jju cache-miss
1199 silly fetch manifest yaml@^2.9.0
1200 silly packumentCache full:https://registry.npmjs.org/yaml cache-miss
1201 silly fetch manifest effect@4.0.0-rc.115
1202 silly packumentCache full:https://registry.npmjs.org/effect cache-miss
1203 silly fetch manifest alchemy@2.0.0-beta.78
1204 silly packumentCache full:https://registry.npmjs.org/alchemy cache-miss
1205 silly fetch manifest @prisma/composer@0.29.1
1206 silly packumentCache full:https://registry.npmjs.org/@prisma%2fcomposer cache-miss
1207 silly fetch manifest @vercel/nft@^1.10.2
1208 silly packumentCache full:https://registry.npmjs.org/@vercel%2fnft cache-miss
1209 silly fetch manifest better-result@^2.7.0
1210 silly packumentCache full:https://registry.npmjs.org/better-result cache-miss
1211 silly fetch manifest magicast@^0.5.3
1212 silly packumentCache full:https://registry.npmjs.org/magicast cache-miss
1213 silly fetch manifest tar-stream@^3.1.8
1214 silly packumentCache full:https://registry.npmjs.org/tar-stream cache-miss
1215 http cache https://registry.npmjs.org/magicast 4ms (cache hit)
1216 silly packumentCache full:https://registry.npmjs.org/magicast set size:90121 disposed:false
1217 silly fetch manifest tiny-invariant@1.3.3
1218 silly packumentCache full:https://registry.npmjs.org/tiny-invariant cache-miss
1219 http cache https://registry.npmjs.org/better-result 5ms (cache hit)
1220 silly packumentCache full:https://registry.npmjs.org/better-result set size:86996 disposed:false
1221 silly fetch manifest yaml@^2.8.2
1222 silly packumentCache full:https://registry.npmjs.org/yaml cache-miss
1223 http cache https://registry.npmjs.org/yaml 6ms (cache hit)
1224 silly packumentCache full:https://registry.npmjs.org/yaml set size:386415 disposed:false
1225 silly fetch manifest which@^2.0.1
1226 silly packumentCache full:https://registry.npmjs.org/which cache-miss
1227 http cache https://registry.npmjs.org/yaml 4ms (cache hit)
1228 silly packumentCache full:https://registry.npmjs.org/yaml set size:386415 disposed:false
1229 silly packumentCache full:https://registry.npmjs.org/yaml dispose
1230 silly fetch manifest path-key@^3.1.0
1231 silly packumentCache full:https://registry.npmjs.org/path-key cache-miss
1232 http fetch GET 200 https://registry.npmjs.org/tar-stream 21ms (cache miss)
1233 silly packumentCache full:https://registry.npmjs.org/tar-stream set size:undefined disposed:false
1234 silly fetch manifest shebang-command@^2.0.0
1235 silly packumentCache full:https://registry.npmjs.org/shebang-command cache-miss
1236 http fetch GET 200 https://registry.npmjs.org/jju 24ms (cache miss)
1237 silly packumentCache full:https://registry.npmjs.org/jju set size:undefined disposed:false
1238 silly fetch manifest figures@^6.1.0
1239 silly packumentCache full:https://registry.npmjs.org/figures cache-miss
1240 http fetch GET 200 https://registry.npmjs.org/path-key 18ms (cache miss)
1241 silly packumentCache full:https://registry.npmjs.org/path-key set size:undefined disposed:false
1242 silly fetch manifest is-stream@^4.0.1
1243 silly packumentCache full:https://registry.npmjs.org/is-stream cache-miss
1244 http fetch GET 200 https://registry.npmjs.org/which 25ms (cache miss)
1245 silly packumentCache full:https://registry.npmjs.org/which set size:undefined disposed:false
1246 silly fetch manifest pretty-ms@^9.2.0
1247 silly packumentCache full:https://registry.npmjs.org/pretty-ms cache-miss
1248 http fetch GET 200 https://registry.npmjs.org/tiny-invariant 30ms (cache miss)
1249 silly packumentCache full:https://registry.npmjs.org/tiny-invariant set size:undefined disposed:false
1250 silly fetch manifest get-stream@^9.0.0
1251 silly packumentCache full:https://registry.npmjs.org/get-stream cache-miss
1252 http fetch GET 200 https://registry.npmjs.org/shebang-command 18ms (cache miss)
1253 silly packumentCache full:https://registry.npmjs.org/shebang-command set size:undefined disposed:false
1254 silly fetch manifest signal-exit@^4.1.0
1255 silly packumentCache full:https://registry.npmjs.org/signal-exit cache-miss
1256 http fetch GET 200 https://registry.npmjs.org/is-stream 17ms (cache miss)
1257 silly packumentCache full:https://registry.npmjs.org/is-stream set size:undefined disposed:false
1258 silly fetch manifest yoctocolors@^2.1.1
1259 silly packumentCache full:https://registry.npmjs.org/yoctocolors cache-miss
1260 http fetch GET 200 https://registry.npmjs.org/figures 24ms (cache miss)
1261 silly packumentCache full:https://registry.npmjs.org/figures set size:undefined disposed:false
1262 silly fetch manifest is-plain-obj@^4.1.0
1263 silly packumentCache full:https://registry.npmjs.org/is-plain-obj cache-miss
1264 http fetch GET 200 https://registry.npmjs.org/pretty-ms 23ms (cache miss)
1265 silly packumentCache full:https://registry.npmjs.org/pretty-ms set size:undefined disposed:false
1266 silly fetch manifest npm-run-path@^6.0.0
1267 silly packumentCache full:https://registry.npmjs.org/npm-run-path cache-miss
1268 http fetch GET 200 https://registry.npmjs.org/signal-exit 19ms (cache miss)
1269 silly packumentCache full:https://registry.npmjs.org/signal-exit set size:undefined disposed:false
1270 silly fetch manifest human-signals@^8.0.1
1271 silly packumentCache full:https://registry.npmjs.org/human-signals cache-miss
1272 http fetch GET 200 https://registry.npmjs.org/yoctocolors 17ms (cache miss)
1273 silly packumentCache full:https://registry.npmjs.org/yoctocolors set size:undefined disposed:false
1274 silly fetch manifest strip-final-newline@^4.0.0
1275 silly packumentCache full:https://registry.npmjs.org/strip-final-newline cache-miss
1276 http fetch GET 200 https://registry.npmjs.org/is-plain-obj 24ms (cache miss)
1277 silly packumentCache full:https://registry.npmjs.org/is-plain-obj set size:undefined disposed:false
1278 silly fetch manifest @sindresorhus/merge-streams@^4.0.0
1279 silly packumentCache full:https://registry.npmjs.org/@sindresorhus%2fmerge-streams cache-miss
1280 http fetch GET 200 https://registry.npmjs.org/npm-run-path 22ms (cache miss)
1281 silly packumentCache full:https://registry.npmjs.org/npm-run-path set size:undefined disposed:false
1282 silly fetch manifest is-in-ssh@^1.0.0
1283 silly packumentCache full:https://registry.npmjs.org/is-in-ssh cache-miss
1284 http fetch GET 200 https://registry.npmjs.org/human-signals 23ms (cache miss)
1285 silly packumentCache full:https://registry.npmjs.org/human-signals set size:undefined disposed:false
1286 silly fetch manifest wsl-utils@^1.0.0
1287 silly packumentCache full:https://registry.npmjs.org/wsl-utils cache-miss
1288 http fetch GET 200 https://registry.npmjs.org/strip-final-newline 21ms (cache miss)
1289 silly packumentCache full:https://registry.npmjs.org/strip-final-newline set size:undefined disposed:false
1290 silly fetch manifest default-browser@^5.5.1
1291 silly packumentCache full:https://registry.npmjs.org/default-browser cache-miss
1292 http fetch GET 200 https://registry.npmjs.org/wsl-utils 17ms (cache miss)
1293 silly packumentCache full:https://registry.npmjs.org/wsl-utils set size:undefined disposed:false
1294 silly fetch manifest define-lazy-prop@^3.0.0
1295 silly packumentCache full:https://registry.npmjs.org/define-lazy-prop cache-miss
1296 http fetch GET 200 https://registry.npmjs.org/is-in-ssh 21ms (cache miss)
1297 silly packumentCache full:https://registry.npmjs.org/is-in-ssh set size:undefined disposed:false
1298 silly fetch manifest powershell-utils@^0.2.1
1299 silly packumentCache full:https://registry.npmjs.org/powershell-utils cache-miss
1300 http fetch GET 200 https://registry.npmjs.org/default-browser 24ms (cache miss)
1301 silly packumentCache full:https://registry.npmjs.org/default-browser set size:undefined disposed:false
1302 silly fetch manifest is-inside-container@^1.0.0
1303 silly packumentCache full:https://registry.npmjs.org/is-inside-container cache-miss
1304 http fetch GET 200 https://registry.npmjs.org/@sindresorhus%2fmerge-streams 35ms (cache miss)
1305 silly packumentCache full:https://registry.npmjs.org/@sindresorhus%2fmerge-streams set size:undefined disposed:false
1306 http fetch GET 200 https://registry.npmjs.org/define-lazy-prop 20ms (cache miss)
1307 silly packumentCache full:https://registry.npmjs.org/define-lazy-prop set size:undefined disposed:false
1308 http fetch GET 200 https://registry.npmjs.org/powershell-utils 23ms (cache miss)
1309 silly packumentCache full:https://registry.npmjs.org/powershell-utils set size:undefined disposed:false
1310 http fetch GET 200 https://registry.npmjs.org/is-inside-container 18ms (cache miss)
1311 silly packumentCache full:https://registry.npmjs.org/is-inside-container set size:undefined disposed:false
1312 http fetch GET 200 https://registry.npmjs.org/get-stream 127ms (cache miss)
1313 silly packumentCache full:https://registry.npmjs.org/get-stream set size:undefined disposed:false
1314 http fetch GET 200 https://registry.npmjs.org/effect 175ms (cache miss)
1315 silly packumentCache full:https://registry.npmjs.org/effect set size:undefined disposed:false
1316 http fetch GET 200 https://registry.npmjs.org/@vercel%2fnft 244ms (cache miss)
1317 silly packumentCache full:https://registry.npmjs.org/@vercel%2fnft set size:undefined disposed:false
1318 http fetch GET 200 https://registry.npmjs.org/alchemy 281ms (cache miss)
1319 silly packumentCache full:https://registry.npmjs.org/alchemy set size:undefined disposed:false
1320 http fetch GET 200 https://registry.npmjs.org/@prisma%2fcomposer 463ms (cache miss)
1321 silly packumentCache full:https://registry.npmjs.org/@prisma%2fcomposer set size:undefined disposed:false
1322 silly placeDep ROOT jju@1.4.0 OK for: @manypkg/tools@2.1.2 want: ^1.4.0
1323 silly placeDep ROOT yaml@2.9.1 OK for: @manypkg/tools@2.1.2 want: ^2.9.0
1324 silly fetch manifest @alchemy.run/frontend-frameworks@2.0.0-beta.78
1325 silly packumentCache full:https://registry.npmjs.org/@alchemy.run%2ffrontend-frameworks cache-miss
1326 http fetch GET 200 https://registry.npmjs.org/@alchemy.run%2ffrontend-frameworks 525ms (cache miss)
1327 silly packumentCache full:https://registry.npmjs.org/@alchemy.run%2ffrontend-frameworks set size:undefined disposed:false
1328 silly fetch manifest @effect/platform-bun@>=4.0.0-rc.115 || >=4.0.0
1329 silly packumentCache full:https://registry.npmjs.org/@effect%2fplatform-bun cache-miss
1330 http fetch GET 200 https://registry.npmjs.org/@effect%2fplatform-bun 478ms (cache miss)
1331 silly packumentCache full:https://registry.npmjs.org/@effect%2fplatform-bun set size:undefined disposed:false
1332 silly fetch manifest effect@^4.0.2
1333 silly packumentCache full:https://registry.npmjs.org/effect cache-miss
1334 http cache https://registry.npmjs.org/effect 15ms (cache hit)
1335 silly packumentCache full:https://registry.npmjs.org/effect set size:10390809 disposed:false
1336 silly fetch manifest @octanejs/vite-plugin@>=0.1.22
1337 silly packumentCache full:https://registry.npmjs.org/@octanejs%2fvite-plugin cache-miss
1338 http fetch GET 200 https://registry.npmjs.org/@octanejs%2fvite-plugin 486ms (cache miss)
1339 silly packumentCache full:https://registry.npmjs.org/@octanejs%2fvite-plugin set size:undefined disposed:false
1340 silly fetch manifest octane@0.1.24
1341 silly packumentCache full:https://registry.npmjs.org/octane cache-miss
1342 http fetch GET 200 https://registry.npmjs.org/octane 249ms (cache miss)
1343 silly packumentCache full:https://registry.npmjs.org/octane set size:undefined disposed:false
1344 silly fetch manifest react@^19.0.0
1345 silly packumentCache full:https://registry.npmjs.org/react cache-miss
1346 http fetch GET 200 https://registry.npmjs.org/react 169ms (cache miss)
1347 silly packumentCache full:https://registry.npmjs.org/react set size:undefined disposed:false
1348 silly fetch manifest react-dom@^19.0.0
1349 silly packumentCache full:https://registry.npmjs.org/react-dom cache-miss
1350 http fetch GET 200 https://registry.npmjs.org/react-dom 141ms (cache miss)
1351 silly packumentCache full:https://registry.npmjs.org/react-dom set size:undefined disposed:false
1352 silly fetch manifest vite@^8.0.16
1353 silly packumentCache full:https://registry.npmjs.org/vite cache-miss
1354 http cache https://registry.npmjs.org/vite 30ms (cache hit)
1355 silly packumentCache full:https://registry.npmjs.org/vite set size:38988699 disposed:false
1356 silly fetch manifest @types/node@^20.19.0 || >=22.12.0
1357 silly packumentCache full:https://registry.npmjs.org/@types%2fnode cache-miss
1358 http cache https://registry.npmjs.org/@types%2fnode 12ms (cache hit)
1359 silly packumentCache full:https://registry.npmjs.org/@types%2fnode set size:11171832 disposed:false
1360 silly fetch manifest esbuild@^0.28.1
1361 silly packumentCache full:https://registry.npmjs.org/esbuild cache-miss
1362 http cache https://registry.npmjs.org/esbuild 1ms (cache hit)
1363 silly packumentCache full:https://registry.npmjs.org/esbuild set size:1264676 disposed:false
1364 silly fetch manifest @opennextjs/cloudflare@1.20.1
1365 silly packumentCache full:https://registry.npmjs.org/@opennextjs%2fcloudflare cache-miss
1366 http fetch GET 200 https://registry.npmjs.org/@opennextjs%2fcloudflare 645ms (cache miss)
1367 silly packumentCache full:https://registry.npmjs.org/@opennextjs%2fcloudflare set size:undefined disposed:false
1368 silly fetch manifest next@>=15.5.18 <16 || >=16.2.6
1369 silly packumentCache full:https://registry.npmjs.org/next cache-miss
1370 http fetch GET 200 https://registry.npmjs.org/next 472ms (cache miss)
1371 silly packumentCache full:https://registry.npmjs.org/next set size:undefined disposed:false
1372 silly fetch manifest @playwright/test@^1.51.1
1373 silly packumentCache full:https://registry.npmjs.org/@playwright%2ftest cache-miss
1374 http fetch GET 200 https://registry.npmjs.org/@playwright%2ftest 170ms (cache miss)
1375 silly packumentCache full:https://registry.npmjs.org/@playwright%2ftest set size:undefined disposed:false
1376 silly fetch manifest babel-plugin-react-compiler@*
1377 silly packumentCache full:https://registry.npmjs.org/babel-plugin-react-compiler cache-miss
1378 http fetch GET 200 https://registry.npmjs.org/babel-plugin-react-compiler 44ms (cache miss)
1379 silly packumentCache full:https://registry.npmjs.org/babel-plugin-react-compiler set size:undefined disposed:false
1380 silly fetch manifest rclone.js@^0.6.6
1381 silly packumentCache full:https://registry.npmjs.org/rclone.js cache-miss
1382 http fetch GET 200 https://registry.npmjs.org/rclone.js 226ms (cache miss)
1383 silly packumentCache full:https://registry.npmjs.org/rclone.js set size:undefined disposed:false
1384 silly fetch manifest wrangler@^4.86.0
1385 silly packumentCache full:https://registry.npmjs.org/wrangler cache-miss
1386 http fetch GET 200 https://registry.npmjs.org/wrangler 464ms (cache miss)
1387 silly packumentCache full:https://registry.npmjs.org/wrangler set size:undefined disposed:false
1388 silly fetch manifest @cloudflare/workers-types@^5.20261006.1
1389 silly packumentCache full:https://registry.npmjs.org/@cloudflare%2fworkers-types cache-miss
1390 http fetch GET 200 https://registry.npmjs.org/@cloudflare%2fworkers-types 47ms (cache miss)
1391 silly packumentCache full:https://registry.npmjs.org/@cloudflare%2fworkers-types set size:undefined disposed:false
1392 silly fetch manifest @sveltejs/kit@>=3.0.0-next.9
1393 silly packumentCache full:https://registry.npmjs.org/@sveltejs%2fkit cache-miss
1394 http fetch GET 200 https://registry.npmjs.org/@sveltejs%2fkit 287ms (cache miss)
1395 silly packumentCache full:https://registry.npmjs.org/@sveltejs%2fkit set size:undefined disposed:false
1396 silly fetch manifest @sveltejs/vite-plugin-svelte@^7.0.0
1397 silly packumentCache full:https://registry.npmjs.org/@sveltejs%2fvite-plugin-svelte cache-miss
1398 http fetch GET 200 https://registry.npmjs.org/@sveltejs%2fvite-plugin-svelte 196ms (cache miss)
1399 silly packumentCache full:https://registry.npmjs.org/@sveltejs%2fvite-plugin-svelte set size:undefined disposed:false
1400 silly fetch manifest svelte@^5.46.4
1401 silly packumentCache full:https://registry.npmjs.org/svelte cache-miss
1402 http fetch GET 200 https://registry.npmjs.org/svelte 104ms (cache miss)
1403 silly packumentCache full:https://registry.npmjs.org/svelte set size:undefined disposed:false
1404 silly fetch manifest typescript@^6.0.0
1405 silly packumentCache full:https://registry.npmjs.org/typescript cache-miss
1406 http cache https://registry.npmjs.org/typescript 17ms (cache hit)
1407 silly packumentCache full:https://registry.npmjs.org/typescript set size:15770879 disposed:false
1408 silly fetch manifest @vitejs/plugin-react@^6.0.2
1409 silly packumentCache full:https://registry.npmjs.org/@vitejs%2fplugin-react cache-miss
1410 http fetch GET 200 https://registry.npmjs.org/@vitejs%2fplugin-react 31ms (cache miss)
1411 silly packumentCache full:https://registry.npmjs.org/@vitejs%2fplugin-react set size:undefined disposed:false
1412 silly fetch manifest @rolldown/plugin-babel@^0.1.7 || ^0.2.0
1413 silly packumentCache full:https://registry.npmjs.org/@rolldown%2fplugin-babel cache-miss
1414 http fetch GET 200 https://registry.npmjs.org/@rolldown%2fplugin-babel 33ms (cache miss)
1415 silly packumentCache full:https://registry.npmjs.org/@rolldown%2fplugin-babel set size:undefined disposed:false
1416 silly fetch manifest @babel/core@^7.29.0 || ^8.0.0-rc.1
1417 silly packumentCache full:https://registry.npmjs.org/@babel%2fcore cache-miss
1418 http fetch GET 200 https://registry.npmjs.org/@babel%2fcore 47ms (cache miss)
1419 silly packumentCache full:https://registry.npmjs.org/@babel%2fcore set size:undefined disposed:false
1420 silly fetch manifest @babel/plugin-transform-runtime@^7.29.0 || ^8.0.0-rc.1
1421 silly packumentCache full:https://registry.npmjs.org/@babel%2fplugin-transform-runtime cache-miss
1422 http fetch GET 200 https://registry.npmjs.org/@babel%2fplugin-transform-runtime 42ms (cache miss)
1423 silly packumentCache full:https://registry.npmjs.org/@babel%2fplugin-transform-runtime set size:undefined disposed:false
1424 silly fetch manifest @babel/runtime@^7.27.0 || ^8.0.0-rc.1
1425 silly packumentCache full:https://registry.npmjs.org/@babel%2fruntime cache-miss
1426 http fetch GET 200 https://registry.npmjs.org/@babel%2fruntime 123ms (cache miss)
1427 silly packumentCache full:https://registry.npmjs.org/@babel%2fruntime set size:undefined disposed:false
1428 silly fetch manifest rolldown@^1.0.0-rc.5
1429 silly packumentCache full:https://registry.npmjs.org/rolldown cache-miss
1430 http fetch GET 200 https://registry.npmjs.org/rolldown 93ms (cache miss)
1431 silly packumentCache full:https://registry.npmjs.org/rolldown set size:undefined disposed:false
1432 silly fetch manifest oxc-transform-react@^0.152.0
1433 silly packumentCache full:https://registry.npmjs.org/oxc-transform-react cache-miss
1434 http fetch GET 200 https://registry.npmjs.org/oxc-transform-react 26ms (cache miss)
1435 silly packumentCache full:https://registry.npmjs.org/oxc-transform-react set size:undefined disposed:false
1436 silly fetch manifest astro@^7.0.0
1437 silly packumentCache full:https://registry.npmjs.org/astro cache-miss
1438 http fetch GET 200 https://registry.npmjs.org/astro 149ms (cache miss)
1439 silly packumentCache full:https://registry.npmjs.org/astro set size:undefined disposed:false
1440 silly fetch manifest @astrojs/markdown-remark@^7.3.0
1441 silly packumentCache full:https://registry.npmjs.org/@astrojs%2fmarkdown-remark cache-miss
1442 http fetch GET 200 https://registry.npmjs.org/@astrojs%2fmarkdown-remark 50ms (cache miss)
1443 silly packumentCache full:https://registry.npmjs.org/@astrojs%2fmarkdown-remark set size:undefined disposed:false
1444 silly fetch manifest hono@^4.12.14
1445 silly packumentCache full:https://registry.npmjs.org/hono cache-miss
1446 http fetch GET 200 https://registry.npmjs.org/hono 97ms (cache miss)
1447 silly packumentCache full:https://registry.npmjs.org/hono set size:undefined disposed:false
1448 silly fetch manifest nuxt@>=4.5.0
1449 silly packumentCache full:https://registry.npmjs.org/nuxt cache-miss
1450 http fetch GET 200 https://registry.npmjs.org/nuxt 45ms (cache miss)
1451 silly packumentCache full:https://registry.npmjs.org/nuxt set size:undefined disposed:false
1452 silly fetch manifest @parcel/watcher@^2.1.0
1453 silly packumentCache full:https://registry.npmjs.org/@parcel%2fwatcher cache-miss
1454 http fetch GET 200 https://registry.npmjs.org/@parcel%2fwatcher 32ms (cache miss)
1455 silly packumentCache full:https://registry.npmjs.org/@parcel%2fwatcher set size:undefined disposed:false
1456 silly fetch manifest vocs@2.8.2
1457 silly packumentCache full:https://registry.npmjs.org/vocs cache-miss
1458 http fetch GET 200 https://registry.npmjs.org/vocs 262ms (cache miss)
1459 silly packumentCache full:https://registry.npmjs.org/vocs set size:undefined disposed:false
1460 silly fetch manifest @vocs/twoslash-rust@^0.1.0
1461 silly packumentCache full:https://registry.npmjs.org/@vocs%2ftwoslash-rust cache-miss
1462 http fetch GET 200 https://registry.npmjs.org/@vocs%2ftwoslash-rust 406ms (cache miss)
1463 silly packumentCache full:https://registry.npmjs.org/@vocs%2ftwoslash-rust set size:undefined disposed:false
1464 silly fetch manifest mermaid@^11
1465 silly packumentCache full:https://registry.npmjs.org/mermaid cache-miss
1466 http fetch GET 200 https://registry.npmjs.org/mermaid 42ms (cache miss)
1467 silly packumentCache full:https://registry.npmjs.org/mermaid set size:undefined disposed:false
1468 silly fetch manifest waku@^1.0.0-beta.6
1469 silly packumentCache full:https://registry.npmjs.org/waku cache-miss
1470 http fetch GET 200 https://registry.npmjs.org/waku 37ms (cache miss)
1471 silly packumentCache full:https://registry.npmjs.org/waku set size:undefined disposed:false
1472 silly fetch manifest react-server-dom-webpack@~19.3.0
1473 silly packumentCache full:https://registry.npmjs.org/react-server-dom-webpack cache-miss
1474 http fetch GET 200 https://registry.npmjs.org/react-server-dom-webpack 145ms (cache miss)
1475 silly packumentCache full:https://registry.npmjs.org/react-server-dom-webpack set size:undefined disposed:false
1476 silly fetch manifest webpack@^5.59.0
1477 silly packumentCache full:https://registry.npmjs.org/webpack cache-miss
1478 http fetch GET 200 https://registry.npmjs.org/webpack 101ms (cache miss)
1479 silly packumentCache full:https://registry.npmjs.org/webpack set size:undefined disposed:false
1480 silly fetch manifest waku@1.0.0-beta.7
1481 silly packumentCache full:https://registry.npmjs.org/waku cache-miss
1482 http cache https://registry.npmjs.org/waku 1ms (cache hit)
1483 silly packumentCache full:https://registry.npmjs.org/waku set size:472171 disposed:false
1484 silly fetch manifest react@~19.2.4
1485 silly packumentCache full:https://registry.npmjs.org/react cache-miss
1486 http cache https://registry.npmjs.org/react 6ms (cache hit)
1487 silly packumentCache full:https://registry.npmjs.org/react set size:7030932 disposed:false
1488 silly fetch manifest react-dom@~19.2.4
1489 silly packumentCache full:https://registry.npmjs.org/react-dom cache-miss
1490 http cache https://registry.npmjs.org/react-dom 9ms (cache hit)
1491 silly packumentCache full:https://registry.npmjs.org/react-dom set size:9478341 disposed:false
1492 silly fetch manifest react-server-dom-webpack@~19.2.4
1493 silly packumentCache full:https://registry.npmjs.org/react-server-dom-webpack cache-miss
1494 http cache https://registry.npmjs.org/react-server-dom-webpack 7ms (cache hit)
1495 silly packumentCache full:https://registry.npmjs.org/react-server-dom-webpack set size:7772061 disposed:false
1496 silly fetch manifest @aws/durable-execution-sdk-js@^2.1.0
1497 silly packumentCache full:https://registry.npmjs.org/@aws%2fdurable-execution-sdk-js cache-miss
1498 http fetch GET 200 https://registry.npmjs.org/@aws%2fdurable-execution-sdk-js 420ms (cache miss)
1499 silly packumentCache full:https://registry.npmjs.org/@aws%2fdurable-execution-sdk-js set size:undefined disposed:false
1500 silly fetch manifest @effect/platform-node@>=4.0.0-rc.115 || >=4.0.0
1501 silly packumentCache full:https://registry.npmjs.org/@effect%2fplatform-node cache-miss
1502 http fetch GET 200 https://registry.npmjs.org/@effect%2fplatform-node 506ms (cache miss)
1503 silly packumentCache full:https://registry.npmjs.org/@effect%2fplatform-node set size:undefined disposed:false
1504 silly fetch manifest redis@>=5.0.0 <7.0.0
1505 silly packumentCache full:https://registry.npmjs.org/redis cache-miss
1506 http fetch GET 200 https://registry.npmjs.org/redis 34ms (cache miss)
1507 silly packumentCache full:https://registry.npmjs.org/redis set size:undefined disposed:false
1508 silly fetch manifest @effect/sql-mysql2@>=4.0.0-rc.115 || >=4.0.0
1509 silly packumentCache full:https://registry.npmjs.org/@effect%2fsql-mysql2 cache-miss
1510 http fetch GET 200 https://registry.npmjs.org/@effect%2fsql-mysql2 451ms (cache miss)
1511 silly packumentCache full:https://registry.npmjs.org/@effect%2fsql-mysql2 set size:undefined disposed:false
1512 silly fetch manifest @effect/sql-pg@>=4.0.0-rc.115 || >=4.0.0
1513 silly packumentCache full:https://registry.npmjs.org/@effect%2fsql-pg cache-miss
1514 http fetch GET 200 https://registry.npmjs.org/@effect%2fsql-pg 463ms (cache miss)
1515 silly packumentCache full:https://registry.npmjs.org/@effect%2fsql-pg set size:undefined disposed:false
1516 silly fetch manifest drizzle-kit@1.0.0-rc.5-ab785fc
1517 silly packumentCache full:https://registry.npmjs.org/drizzle-kit cache-miss
1518 http fetch GET 200 https://registry.npmjs.org/drizzle-kit 277ms (cache miss)
1519 silly packumentCache full:https://registry.npmjs.org/drizzle-kit set size:undefined disposed:false
1520 silly fetch manifest drizzle-orm@1.0.0-rc.5-ab785fc
1521 silly packumentCache full:https://registry.npmjs.org/drizzle-orm cache-miss
1522 http fetch GET 200 https://registry.npmjs.org/drizzle-orm 3978ms (cache miss)
1523 silly packumentCache full:https://registry.npmjs.org/drizzle-orm set size:undefined disposed:false
1524 silly fetch manifest @aws-sdk/client-rds-data@>=3
1525 silly packumentCache full:https://registry.npmjs.org/@aws-sdk%2fclient-rds-data cache-miss
1526 http fetch GET 200 https://registry.npmjs.org/@aws-sdk%2fclient-rds-data 69ms (cache miss)
1527 silly packumentCache full:https://registry.npmjs.org/@aws-sdk%2fclient-rds-data set size:undefined disposed:false
1528 silly fetch manifest @effect/sql-d1@>=4.0.0-beta.105 || >=4.0.0
1529 silly packumentCache full:https://registry.npmjs.org/@effect%2fsql-d1 cache-miss
1530 http fetch GET 200 https://registry.npmjs.org/@effect%2fsql-d1 462ms (cache miss)
1531 silly packumentCache full:https://registry.npmjs.org/@effect%2fsql-d1 set size:undefined disposed:false
1532 silly fetch manifest @effect/sql-libsql@>=4.0.0-beta.105 || >=4.0.0
1533 silly packumentCache full:https://registry.npmjs.org/@effect%2fsql-libsql cache-miss
1534 http fetch GET 200 https://registry.npmjs.org/@effect%2fsql-libsql 645ms (cache miss)
1535 silly packumentCache full:https://registry.npmjs.org/@effect%2fsql-libsql set size:undefined disposed:false
1536 silly fetch manifest @effect/sql-pglite@>=4.0.0-beta.105 || >=4.0.0
1537 silly packumentCache full:https://registry.npmjs.org/@effect%2fsql-pglite cache-miss
1538 http fetch GET 200 https://registry.npmjs.org/@effect%2fsql-pglite 438ms (cache miss)
1539 silly packumentCache full:https://registry.npmjs.org/@effect%2fsql-pglite set size:undefined disposed:false
1540 silly fetch manifest @effect/sql-sqlite-bun@>=4.0.0-beta.105 || >=4.0.0
1541 silly packumentCache full:https://registry.npmjs.org/@effect%2fsql-sqlite-bun cache-miss
1542 http fetch GET 200 https://registry.npmjs.org/@effect%2fsql-sqlite-bun 693ms (cache miss)
1543 silly packumentCache full:https://registry.npmjs.org/@effect%2fsql-sqlite-bun set size:undefined disposed:false
1544 silly fetch manifest @effect/sql-sqlite-do@>=4.0.0-beta.105 || >=4.0.0
1545 silly packumentCache full:https://registry.npmjs.org/@effect%2fsql-sqlite-do cache-miss
1546 http fetch GET 200 https://registry.npmjs.org/@effect%2fsql-sqlite-do 467ms (cache miss)
1547 silly packumentCache full:https://registry.npmjs.org/@effect%2fsql-sqlite-do set size:undefined disposed:false
1548 silly fetch manifest @effect/sql-sqlite-node@>=4.0.0-beta.105 || >=4.0.0
1549 silly packumentCache full:https://registry.npmjs.org/@effect%2fsql-sqlite-node cache-miss
1550 http fetch GET 200 https://registry.npmjs.org/@effect%2fsql-sqlite-node 644ms (cache miss)
1551 silly packumentCache full:https://registry.npmjs.org/@effect%2fsql-sqlite-node set size:undefined disposed:false
1552 silly fetch manifest @effect/sql-sqlite-wasm@>=4.0.0-beta.105 || >=4.0.0
1553 silly packumentCache full:https://registry.npmjs.org/@effect%2fsql-sqlite-wasm cache-miss
1554 http fetch GET 200 https://registry.npmjs.org/@effect%2fsql-sqlite-wasm 210ms (cache miss)
1555 silly packumentCache full:https://registry.npmjs.org/@effect%2fsql-sqlite-wasm set size:undefined disposed:false
1556 silly fetch manifest @effect/wa-sqlite@>=0.1.2 <0.2.0
1557 silly packumentCache full:https://registry.npmjs.org/@effect%2fwa-sqlite cache-miss
1558 http fetch GET 200 https://registry.npmjs.org/@effect%2fwa-sqlite 615ms (cache miss)
1559 silly packumentCache full:https://registry.npmjs.org/@effect%2fwa-sqlite set size:undefined disposed:false
1560 silly fetch manifest @electric-sql/pglite@>=0.2.0
1561 silly packumentCache full:https://registry.npmjs.org/@electric-sql%2fpglite cache-miss
1562 http fetch GET 200 https://registry.npmjs.org/@electric-sql%2fpglite 226ms (cache miss)
1563 silly packumentCache full:https://registry.npmjs.org/@electric-sql%2fpglite set size:undefined disposed:false
1564 silly fetch manifest @libsql/client@>=0.10.0
1565 silly packumentCache full:https://registry.npmjs.org/@libsql%2fclient cache-miss
1566 http fetch GET 200 https://registry.npmjs.org/@libsql%2fclient 40ms (cache miss)
1567 silly packumentCache full:https://registry.npmjs.org/@libsql%2fclient set size:undefined disposed:false
1568 silly fetch manifest @libsql/client-wasm@>=0.10.0
1569 silly packumentCache full:https://registry.npmjs.org/@libsql%2fclient-wasm cache-miss
1570 http fetch GET 200 https://registry.npmjs.org/@libsql%2fclient-wasm 36ms (cache miss)
1571 silly packumentCache full:https://registry.npmjs.org/@libsql%2fclient-wasm set size:undefined disposed:false
1572 silly fetch manifest @neondatabase/serverless@>=0.10.0
1573 silly packumentCache full:https://registry.npmjs.org/@neondatabase%2fserverless cache-miss
1574 http fetch GET 200 https://registry.npmjs.org/@neondatabase%2fserverless 36ms (cache miss)
1575 silly packumentCache full:https://registry.npmjs.org/@neondatabase%2fserverless set size:undefined disposed:false
1576 silly fetch manifest @op-engineering/op-sqlite@>=17
1577 silly packumentCache full:https://registry.npmjs.org/@op-engineering%2fop-sqlite cache-miss
1578 http fetch GET 200 https://registry.npmjs.org/@op-engineering%2fop-sqlite 46ms (cache miss)
1579 silly packumentCache full:https://registry.npmjs.org/@op-engineering%2fop-sqlite set size:undefined disposed:false
1580 silly fetch manifest @sqlite.org/sqlite-wasm@*
1581 silly packumentCache full:https://registry.npmjs.org/@sqlite.org%2fsqlite-wasm cache-miss
1582 http fetch GET 200 https://registry.npmjs.org/@sqlite.org%2fsqlite-wasm 38ms (cache miss)
1583 silly packumentCache full:https://registry.npmjs.org/@sqlite.org%2fsqlite-wasm set size:undefined disposed:false
1584 silly fetch manifest react-native@*
1585 silly packumentCache full:https://registry.npmjs.org/react-native cache-miss
1586 http fetch GET 200 https://registry.npmjs.org/react-native 223ms (cache miss)
1587 silly packumentCache full:https://registry.npmjs.org/react-native set size:undefined disposed:false
1588 silly fetch manifest @types/react@^19.1.1
1589 silly packumentCache full:https://registry.npmjs.org/@types%2freact cache-miss
1590 http fetch GET 200 https://registry.npmjs.org/@types%2freact 58ms (cache miss)
1591 silly packumentCache full:https://registry.npmjs.org/@types%2freact set size:undefined disposed:false
1592 silly fetch manifest @planetscale/database@>=1.13
1593 silly packumentCache full:https://registry.npmjs.org/@planetscale%2fdatabase cache-miss
1594 http fetch GET 200 https://registry.npmjs.org/@planetscale%2fdatabase 34ms (cache miss)
1595 silly packumentCache full:https://registry.npmjs.org/@planetscale%2fdatabase set size:undefined disposed:false
1596 silly fetch manifest @sinclair/typebox@>=0.34.8
1597 silly packumentCache full:https://registry.npmjs.org/@sinclair%2ftypebox cache-miss
1598 http fetch GET 200 https://registry.npmjs.org/@sinclair%2ftypebox 56ms (cache miss)
1599 silly packumentCache full:https://registry.npmjs.org/@sinclair%2ftypebox set size:undefined disposed:false
1600 silly fetch manifest @sqlitecloud/drivers@>=1.0.653
1601 silly packumentCache full:https://registry.npmjs.org/@sqlitecloud%2fdrivers cache-miss
1602 http fetch GET 200 https://registry.npmjs.org/@sqlitecloud%2fdrivers 388ms (cache miss)
1603 silly packumentCache full:https://registry.npmjs.org/@sqlitecloud%2fdrivers set size:undefined disposed:false
1604 silly fetch manifest @craftzdog/react-native-buffer@*
1605 silly packumentCache full:https://registry.npmjs.org/@craftzdog%2freact-native-buffer cache-miss
1606 http fetch GET 200 https://registry.npmjs.org/@craftzdog%2freact-native-buffer 404ms (cache miss)
1607 silly packumentCache full:https://registry.npmjs.org/@craftzdog%2freact-native-buffer set size:undefined disposed:false
1608 silly fetch manifest react-native-quick-base64@*
1609 silly packumentCache full:https://registry.npmjs.org/react-native-quick-base64 cache-miss
1610 http fetch GET 200 https://registry.npmjs.org/react-native-quick-base64 26ms (cache miss)
1611 silly packumentCache full:https://registry.npmjs.org/react-native-quick-base64 set size:undefined disposed:false
1612 silly fetch manifest react-native-tcp-socket@*
1613 silly packumentCache full:https://registry.npmjs.org/react-native-tcp-socket cache-miss
1614 http fetch GET 200 https://registry.npmjs.org/react-native-tcp-socket 37ms (cache miss)
1615 silly packumentCache full:https://registry.npmjs.org/react-native-tcp-socket set size:undefined disposed:false
1616 silly fetch manifest react-native-url-polyfill@*
1617 silly packumentCache full:https://registry.npmjs.org/react-native-url-polyfill cache-miss
1618 http fetch GET 200 https://registry.npmjs.org/react-native-url-polyfill 235ms (cache miss)
1619 silly packumentCache full:https://registry.npmjs.org/react-native-url-polyfill set size:undefined disposed:false
1620 silly fetch manifest @tidbcloud/serverless@*
1621 silly packumentCache full:https://registry.npmjs.org/@tidbcloud%2fserverless cache-miss
1622 http fetch GET 200 https://registry.npmjs.org/@tidbcloud%2fserverless 38ms (cache miss)
1623 silly packumentCache full:https://registry.npmjs.org/@tidbcloud%2fserverless set size:undefined disposed:false
1624 silly fetch manifest @tursodatabase/database@>=0.7.1
1625 silly packumentCache full:https://registry.npmjs.org/@tursodatabase%2fdatabase cache-miss
1626 http fetch GET 200 https://registry.npmjs.org/@tursodatabase%2fdatabase 236ms (cache miss)
1627 silly packumentCache full:https://registry.npmjs.org/@tursodatabase%2fdatabase set size:undefined disposed:false
1628 silly fetch manifest @tursodatabase/database-common@>=0.7.1
1629 silly packumentCache full:https://registry.npmjs.org/@tursodatabase%2fdatabase-common cache-miss
1630 http fetch GET 200 https://registry.npmjs.org/@tursodatabase%2fdatabase-common 225ms (cache miss)
1631 silly packumentCache full:https://registry.npmjs.org/@tursodatabase%2fdatabase-common set size:undefined disposed:false
1632 silly fetch manifest @tursodatabase/database-wasm@>=0.7.1
1633 silly packumentCache full:https://registry.npmjs.org/@tursodatabase%2fdatabase-wasm cache-miss
1634 http fetch GET 200 https://registry.npmjs.org/@tursodatabase%2fdatabase-wasm 518ms (cache miss)
1635 silly packumentCache full:https://registry.npmjs.org/@tursodatabase%2fdatabase-wasm set size:undefined disposed:false
1636 silly fetch manifest @tursodatabase/serverless@>=1.4.0
1637 silly packumentCache full:https://registry.npmjs.org/@tursodatabase%2fserverless cache-miss
1638 http fetch GET 200 https://registry.npmjs.org/@tursodatabase%2fserverless 190ms (cache miss)
1639 silly packumentCache full:https://registry.npmjs.org/@tursodatabase%2fserverless set size:undefined disposed:false
1640 silly fetch manifest @tursodatabase/sync@>=0.7.1
1641 silly packumentCache full:https://registry.npmjs.org/@tursodatabase%2fsync cache-miss
1642 http fetch GET 200 https://registry.npmjs.org/@tursodatabase%2fsync 465ms (cache miss)
1643 silly packumentCache full:https://registry.npmjs.org/@tursodatabase%2fsync set size:undefined disposed:false
1644 silly fetch manifest @types/better-sqlite3@*
1645 silly packumentCache full:https://registry.npmjs.org/@types%2fbetter-sqlite3 cache-miss
1646 http fetch GET 200 https://registry.npmjs.org/@types%2fbetter-sqlite3 29ms (cache miss)
1647 silly packumentCache full:https://registry.npmjs.org/@types%2fbetter-sqlite3 set size:undefined disposed:false
1648 silly fetch manifest @types/mssql@^9.1.4
1649 silly packumentCache full:https://registry.npmjs.org/@types%2fmssql cache-miss
1650 http fetch GET 200 https://registry.npmjs.org/@types%2fmssql 35ms (cache miss)
1651 silly packumentCache full:https://registry.npmjs.org/@types%2fmssql set size:undefined disposed:false
1652 silly fetch manifest @types/pg@*
1653 silly packumentCache full:https://registry.npmjs.org/@types%2fpg cache-hit
1654 silly fetch manifest @types/sql.js@*
1655 silly packumentCache full:https://registry.npmjs.org/@types%2fsql.js cache-miss
1656 http fetch GET 200 https://registry.npmjs.org/@types%2fsql.js 28ms (cache miss)
1657 silly packumentCache full:https://registry.npmjs.org/@types%2fsql.js set size:undefined disposed:false
1658 silly fetch manifest @upstash/redis@>=1.34.7
1659 silly packumentCache full:https://registry.npmjs.org/@upstash%2fredis cache-miss
1660 http fetch GET 200 https://registry.npmjs.org/@upstash%2fredis 112ms (cache miss)
1661 silly packumentCache full:https://registry.npmjs.org/@upstash%2fredis set size:undefined disposed:false
1662 silly fetch manifest @vercel/postgres@>=0.8.0
1663 silly packumentCache full:https://registry.npmjs.org/@vercel%2fpostgres cache-miss
1664 http fetch GET 200 https://registry.npmjs.org/@vercel%2fpostgres 29ms (cache miss)
1665 silly packumentCache full:https://registry.npmjs.org/@vercel%2fpostgres set size:undefined disposed:false
1666 silly fetch manifest @xata.io/client@*
1667 silly packumentCache full:https://registry.npmjs.org/@xata.io%2fclient cache-miss
1668 http fetch GET 200 https://registry.npmjs.org/@xata.io%2fclient 302ms (cache miss)
1669 silly packumentCache full:https://registry.npmjs.org/@xata.io%2fclient set size:undefined disposed:false
1670 silly fetch manifest arktype@>=2.0.0
1671 silly packumentCache full:https://registry.npmjs.org/arktype cache-hit
1672 silly fetch manifest better-sqlite3@>=9.3.0
1673 silly packumentCache full:https://registry.npmjs.org/better-sqlite3 cache-miss
1674 http fetch GET 200 https://registry.npmjs.org/better-sqlite3 34ms (cache miss)
1675 silly packumentCache full:https://registry.npmjs.org/better-sqlite3 set size:undefined disposed:false
1676 silly fetch manifest bun-types@*
1677 silly packumentCache full:https://registry.npmjs.org/bun-types cache-miss
1678 http fetch GET 200 https://registry.npmjs.org/bun-types 87ms (cache miss)
1679 silly packumentCache full:https://registry.npmjs.org/bun-types set size:undefined disposed:false
1680 silly fetch manifest expo-sqlite@>=14.0.0
1681 silly packumentCache full:https://registry.npmjs.org/expo-sqlite cache-miss
1682 http fetch GET 200 https://registry.npmjs.org/expo-sqlite 40ms (cache miss)
1683 silly packumentCache full:https://registry.npmjs.org/expo-sqlite set size:undefined disposed:false
1684 silly fetch manifest expo@*
1685 silly packumentCache full:https://registry.npmjs.org/expo cache-miss
1686 http fetch GET 200 https://registry.npmjs.org/expo 87ms (cache miss)
1687 silly packumentCache full:https://registry.npmjs.org/expo set size:undefined disposed:false
1688 silly fetch manifest @expo/metro-runtime@*
1689 silly packumentCache full:https://registry.npmjs.org/@expo%2fmetro-runtime cache-miss
1690 http fetch GET 200 https://registry.npmjs.org/@expo%2fmetro-runtime 44ms (cache miss)
1691 silly packumentCache full:https://registry.npmjs.org/@expo%2fmetro-runtime set size:undefined disposed:false
1692 silly fetch manifest react-native-web@*
1693 silly packumentCache full:https://registry.npmjs.org/react-native-web cache-miss
1694 http fetch GET 200 https://registry.npmjs.org/react-native-web 36ms (cache miss)
1695 silly packumentCache full:https://registry.npmjs.org/react-native-web set size:undefined disposed:false
1696 silly fetch manifest react-native-webview@*
1697 silly packumentCache full:https://registry.npmjs.org/react-native-webview cache-miss
1698 http fetch GET 200 https://registry.npmjs.org/react-native-webview 49ms (cache miss)
1699 silly packumentCache full:https://registry.npmjs.org/react-native-webview set size:undefined disposed:false
1700 silly fetch manifest minipg@>=0.2.0
1701 silly packumentCache full:https://registry.npmjs.org/minipg cache-miss
1702 http fetch GET 200 https://registry.npmjs.org/minipg 236ms (cache miss)
1703 silly packumentCache full:https://registry.npmjs.org/minipg set size:undefined disposed:false
1704 silly fetch manifest mssql@^11.0.1
1705 silly packumentCache full:https://registry.npmjs.org/mssql cache-miss
1706 http fetch GET 200 https://registry.npmjs.org/mssql 42ms (cache miss)
1707 silly packumentCache full:https://registry.npmjs.org/mssql set size:undefined disposed:false
1708 silly fetch manifest mysql2@>=2
1709 silly packumentCache full:https://registry.npmjs.org/mysql2 cache-miss
1710 http fetch GET 200 https://registry.npmjs.org/mysql2 43ms (cache miss)
1711 silly packumentCache full:https://registry.npmjs.org/mysql2 set size:undefined disposed:false
1712 silly fetch manifest pg@>=8
1713 silly packumentCache full:https://registry.npmjs.org/pg cache-hit
1714 silly fetch manifest postgres@>=3
1715 silly packumentCache full:https://registry.npmjs.org/postgres cache-miss
1716 http fetch GET 200 https://registry.npmjs.org/postgres 25ms (cache miss)
1717 silly packumentCache full:https://registry.npmjs.org/postgres set size:undefined disposed:false
1718 silly fetch manifest sql.js@>=1
1719 silly packumentCache full:https://registry.npmjs.org/sql.js cache-miss
1720 http fetch GET 200 https://registry.npmjs.org/sql.js 30ms (cache miss)
1721 silly packumentCache full:https://registry.npmjs.org/sql.js set size:undefined disposed:false
1722 silly fetch manifest sqlite3@>=5
1723 silly packumentCache full:https://registry.npmjs.org/sqlite3 cache-miss
1724 http fetch GET 200 https://registry.npmjs.org/sqlite3 24ms (cache miss)
1725 silly packumentCache full:https://registry.npmjs.org/sqlite3 set size:undefined disposed:false
1726 silly fetch manifest typebox@>=1.2.0
1727 silly packumentCache full:https://registry.npmjs.org/typebox cache-miss
1728 http fetch GET 200 https://registry.npmjs.org/typebox 242ms (cache miss)
1729 silly packumentCache full:https://registry.npmjs.org/typebox set size:undefined disposed:false
1730 silly fetch manifest valibot@>=1.0.0-beta.7
1731 silly packumentCache full:https://registry.npmjs.org/valibot cache-miss
1732 http fetch GET 200 https://registry.npmjs.org/valibot 38ms (cache miss)
1733 silly packumentCache full:https://registry.npmjs.org/valibot set size:undefined disposed:false
1734 silly fetch manifest zod@^3.25.0 || ^4.0.0
1735 silly packumentCache full:https://registry.npmjs.org/zod cache-miss
1736 http cache https://registry.npmjs.org/zod 9ms (cache hit)
1737 silly packumentCache full:https://registry.npmjs.org/zod set size:4166672 disposed:false
1738 silly fetch manifest mongodb@^6.10.0
1739 silly packumentCache full:https://registry.npmjs.org/mongodb cache-miss
1740 http fetch GET 200 https://registry.npmjs.org/mongodb 93ms (cache miss)
1741 silly packumentCache full:https://registry.npmjs.org/mongodb set size:undefined disposed:false
1742 silly fetch manifest @aws-sdk/credential-providers@^3.188.0
1743 silly packumentCache full:https://registry.npmjs.org/@aws-sdk%2fcredential-providers cache-miss
1744 http fetch GET 200 https://registry.npmjs.org/@aws-sdk%2fcredential-providers 79ms (cache miss)
1745 silly packumentCache full:https://registry.npmjs.org/@aws-sdk%2fcredential-providers set size:undefined disposed:false
1746 silly fetch manifest @mongodb-js/zstd@^1.1.0 || ^2.0.0
1747 silly packumentCache full:https://registry.npmjs.org/@mongodb-js%2fzstd cache-miss
1748 http fetch GET 200 https://registry.npmjs.org/@mongodb-js%2fzstd 36ms (cache miss)
1749 silly packumentCache full:https://registry.npmjs.org/@mongodb-js%2fzstd set size:undefined disposed:false
1750 silly fetch manifest gcp-metadata@^5.2.0
1751 silly packumentCache full:https://registry.npmjs.org/gcp-metadata cache-miss
1752 http cache https://registry.npmjs.org/gcp-metadata 2ms (cache hit)
1753 silly packumentCache full:https://registry.npmjs.org/gcp-metadata set size:216708 disposed:false
1754 silly fetch manifest kerberos@^2.0.1
1755 silly packumentCache full:https://registry.npmjs.org/kerberos cache-miss
1756 http fetch GET 200 https://registry.npmjs.org/kerberos 30ms (cache miss)
1757 silly packumentCache full:https://registry.npmjs.org/kerberos set size:undefined disposed:false
1758 silly fetch manifest mongodb-client-encryption@>=6.0.0 <7
1759 silly packumentCache full:https://registry.npmjs.org/mongodb-client-encryption cache-miss
1760 http fetch GET 200 https://registry.npmjs.org/mongodb-client-encryption 29ms (cache miss)
1761 silly packumentCache full:https://registry.npmjs.org/mongodb-client-encryption set size:undefined disposed:false
1762 silly fetch manifest snappy@^7.3.2
1763 silly packumentCache full:https://registry.npmjs.org/snappy cache-miss
1764 http fetch GET 200 https://registry.npmjs.org/snappy 30ms (cache miss)
1765 silly packumentCache full:https://registry.npmjs.org/snappy set size:undefined disposed:false
1766 silly fetch manifest socks@^2.7.1
1767 silly packumentCache full:https://registry.npmjs.org/socks cache-miss
1768 http fetch GET 200 https://registry.npmjs.org/socks 27ms (cache miss)
1769 silly packumentCache full:https://registry.npmjs.org/socks set size:undefined disposed:false
1770 silly fetch manifest ws@^8.21.0
1771 silly packumentCache full:https://registry.npmjs.org/ws cache-miss
1772 http cache https://registry.npmjs.org/ws 2ms (cache hit)
1773 silly packumentCache full:https://registry.npmjs.org/ws set size:450180 disposed:false
1774 silly placeDep ROOT @prisma/composer@0.29.1 OK for: @prisma/composer-cli@0.29.1 want: 0.29.1
1775 silly placeDep node_modules/@prisma/composer-cli alchemy@2.0.0-beta.78 OK for: @prisma/composer-cli@0.29.1 want: 2.0.0-beta.78
1776 silly placeDep ROOT effect@4.0.0-rc.115 OK for: alchemy@2.0.0-beta.78 want: >=4.0.0-rc.115 || >=4.0.0
1777 silly fetch manifest @effect/sql-d1@4.0.0-rc.115
1778 silly packumentCache full:https://registry.npmjs.org/@effect%2fsql-d1 cache-miss
1779 silly fetch manifest @effect/vitest@4.0.0-rc.115
1780 silly packumentCache full:https://registry.npmjs.org/@effect%2fvitest cache-miss
1781 silly fetch manifest @effect/sql-sqlite-do@4.0.0-rc.115
1782 silly packumentCache full:https://registry.npmjs.org/@effect%2fsql-sqlite-do cache-miss
1783 silly fetch manifest fflate@^0.8.3
1784 silly packumentCache full:https://registry.npmjs.org/fflate cache-miss
1785 silly fetch manifest undici@^7.16.0
1786 silly packumentCache full:https://registry.npmjs.org/undici cache-miss
1787 silly fetch manifest capnweb@^0.12.0
1788 silly packumentCache full:https://registry.npmjs.org/capnweb cache-miss
1789 silly fetch manifest rolldown@1.2.5
1790 silly packumentCache full:https://registry.npmjs.org/rolldown cache-miss
1791 silly fetch manifest aws4fetch@^1.0.20
1792 silly packumentCache full:https://registry.npmjs.org/aws4fetch cache-miss
1793 silly fetch manifest @prisma/dev@^0.20.0
1794 silly packumentCache full:https://registry.npmjs.org/@prisma%2fdev cache-miss
1795 http cache https://registry.npmjs.org/@effect%2fsql-sqlite-do 4ms (cache hit)
1796 silly packumentCache full:https://registry.npmjs.org/@effect%2fsql-sqlite-do set size:615137 disposed:false
1797 silly fetch manifest @octokit/rest@^22.0.1
1798 silly packumentCache full:https://registry.npmjs.org/@octokit%2frest cache-miss
1799 http cache https://registry.npmjs.org/@effect%2fsql-d1 6ms (cache hit)
1800 silly packumentCache full:https://registry.npmjs.org/@effect%2fsql-d1 set size:863511 disposed:false
1801 silly fetch manifest @effect/sql-d1@>=4.0.0-rc.115 || >=4.0.0
1802 silly packumentCache full:https://registry.npmjs.org/@effect%2fsql-d1 cache-hit
1803 silly fetch manifest @effect/vitest@>=4.0.0-rc.115 || >=4.0.0
1804 silly packumentCache full:https://registry.npmjs.org/@effect%2fvitest cache-miss
1805 http cache https://registry.npmjs.org/rolldown 11ms (cache hit)
1806 silly packumentCache full:https://registry.npmjs.org/rolldown set size:3847972 disposed:false
1807 silly fetch manifest @libsql/client@^0.17.0
1808 silly packumentCache full:https://registry.npmjs.org/@libsql%2fclient cache-miss
1809 http cache https://registry.npmjs.org/@libsql%2fclient 2ms (cache hit)
1810 silly packumentCache full:https://registry.npmjs.org/@libsql%2fclient set size:396230 disposed:false
1811 silly fetch manifest @octokit/webhooks@^14.2.0
1812 silly packumentCache full:https://registry.npmjs.org/@octokit%2fwebhooks cache-miss
1813 http fetch GET 200 https://registry.npmjs.org/fflate 24ms (cache miss)
1814 silly packumentCache full:https://registry.npmjs.org/fflate set size:undefined disposed:false
1815 silly fetch manifest @types/aws-lambda@^8.10.152
1816 silly packumentCache full:https://registry.npmjs.org/@types%2faws-lambda cache-miss
1817 http fetch GET 200 https://registry.npmjs.org/aws4fetch 27ms (cache miss)
1818 silly packumentCache full:https://registry.npmjs.org/aws4fetch set size:undefined disposed:false
1819 silly fetch manifest @alchemy.run/floci@2.0.0-beta.78
1820 silly packumentCache full:https://registry.npmjs.org/@alchemy.run%2ffloci cache-miss
1821 http fetch GET 200 https://registry.npmjs.org/undici 39ms (cache miss)
1822 silly packumentCache full:https://registry.npmjs.org/undici set size:undefined disposed:false
1823 silly fetch manifest @alchemy.run/sigil@0.0.0-alpha.11
1824 silly packumentCache full:https://registry.npmjs.org/@alchemy.run%2fsigil cache-miss
1825 http fetch GET 200 https://registry.npmjs.org/capnweb 229ms (cache miss)
1826 silly packumentCache full:https://registry.npmjs.org/capnweb set size:undefined disposed:false
1827 silly fetch manifest libsodium-wrappers@^0.8.3
1828 silly packumentCache full:https://registry.npmjs.org/libsodium-wrappers cache-miss
1829 http fetch GET 200 https://registry.npmjs.org/libsodium-wrappers 22ms (cache miss)
1830 silly packumentCache full:https://registry.npmjs.org/libsodium-wrappers set size:undefined disposed:false
1831 silly fetch manifest @distilled.cloud/aws@1.0.0-rc.12
1832 silly packumentCache full:https://registry.npmjs.org/@distilled.cloud%2faws cache-miss
1833 http fetch GET 200 https://registry.npmjs.org/@alchemy.run%2ffloci 401ms (cache miss)
1834 silly packumentCache full:https://registry.npmjs.org/@alchemy.run%2ffloci set size:undefined disposed:false
1835 silly fetch manifest @distilled.cloud/core@1.0.0-rc.12
1836 silly packumentCache full:https://registry.npmjs.org/@distilled.cloud%2fcore cache-miss
1837 http fetch GET 200 https://registry.npmjs.org/@distilled.cloud%2faws 185ms (cache miss)
1838 silly packumentCache full:https://registry.npmjs.org/@distilled.cloud%2faws set size:undefined disposed:false
1839 silly fetch manifest @distilled.cloud/neon@1.0.0-rc.12
1840 silly packumentCache full:https://registry.npmjs.org/@distilled.cloud%2fneon cache-miss
1841 http fetch GET 200 https://registry.npmjs.org/@octokit%2fwebhooks 443ms (cache miss)
1842 silly packumentCache full:https://registry.npmjs.org/@octokit%2fwebhooks set size:undefined disposed:false
1843 silly fetch manifest @effect/sql-sqlite-do@>=4.0.0-rc.115 || >=4.0.0
1844 silly packumentCache full:https://registry.npmjs.org/@effect%2fsql-sqlite-do cache-hit
1845 silly fetch manifest @distilled.cloud/axiom@1.0.0-rc.12
1846 silly packumentCache full:https://registry.npmjs.org/@distilled.cloud%2faxiom cache-miss
1847 http fetch GET 200 https://registry.npmjs.org/@effect%2fvitest 466ms (cache miss)
1848 silly packumentCache full:https://registry.npmjs.org/@effect%2fvitest set size:undefined disposed:false
1849 silly fetch manifest @alchemy.run/node-utils@2.0.0-beta.78
1850 silly packumentCache full:https://registry.npmjs.org/@alchemy.run%2fnode-utils cache-miss
1851 http fetch GET 200 https://registry.npmjs.org/@effect%2fvitest 478ms (cache miss)
1852 silly packumentCache full:https://registry.npmjs.org/@effect%2fvitest set size:undefined disposed:false
1853 silly fetch manifest @distilled.cloud/fly-io@1.0.0-rc.12
1854 silly packumentCache full:https://registry.npmjs.org/@distilled.cloud%2ffly-io cache-miss
1855 http fetch GET 200 https://registry.npmjs.org/@alchemy.run%2fsigil 441ms (cache miss)
1856 silly packumentCache full:https://registry.npmjs.org/@alchemy.run%2fsigil set size:undefined disposed:false
1857 silly fetch manifest @distilled.cloud/prisma@1.0.0-rc.12
1858 silly packumentCache full:https://registry.npmjs.org/@distilled.cloud%2fprisma cache-miss
1859 http fetch GET 200 https://registry.npmjs.org/@octokit%2frest 482ms (cache miss)
1860 silly packumentCache full:https://registry.npmjs.org/@octokit%2frest set size:undefined disposed:false
1861 silly fetch manifest @distilled.cloud/stripe@1.0.0-rc.12
1862 silly packumentCache full:https://registry.npmjs.org/@distilled.cloud%2fstripe cache-miss
1863 http fetch GET 200 https://registry.npmjs.org/@types%2faws-lambda 473ms (cache miss)
1864 silly packumentCache full:https://registry.npmjs.org/@types%2faws-lambda set size:undefined disposed:false
1865 silly fetch manifest @distilled.cloud/hetzner@1.0.0-rc.12
1866 silly packumentCache full:https://registry.npmjs.org/@distilled.cloud%2fhetzner cache-miss
1867 http fetch GET 200 https://registry.npmjs.org/@distilled.cloud%2faxiom 192ms (cache miss)
1868 silly packumentCache full:https://registry.npmjs.org/@distilled.cloud%2faxiom set size:undefined disposed:false
1869 silly fetch manifest @distilled.cloud/railway@1.0.0-rc.12
1870 silly packumentCache full:https://registry.npmjs.org/@distilled.cloud%2frailway cache-miss
1871 http fetch GET 200 https://registry.npmjs.org/@prisma%2fdev 668ms (cache miss)
1872 silly packumentCache full:https://registry.npmjs.org/@prisma%2fdev set size:undefined disposed:false
1873 silly fetch manifest @distilled.cloud/cloudflare@1.0.0-rc.12
1874 silly packumentCache full:https://registry.npmjs.org/@distilled.cloud%2fcloudflare cache-miss
1875 http fetch GET 200 https://registry.npmjs.org/@distilled.cloud%2fstripe 229ms (cache miss)
1876 silly packumentCache full:https://registry.npmjs.org/@distilled.cloud%2fstripe set size:undefined disposed:false
1877 silly fetch manifest @distilled.cloud/planetscale@1.0.0-rc.12
1878 silly packumentCache full:https://registry.npmjs.org/@distilled.cloud%2fplanetscale cache-miss
1879 http fetch GET 200 https://registry.npmjs.org/@distilled.cloud%2fneon 398ms (cache miss)
1880 silly packumentCache full:https://registry.npmjs.org/@distilled.cloud%2fneon set size:undefined disposed:false
1881 silly fetch manifest @aws-sdk/credential-providers@^3.0.0
1882 silly packumentCache full:https://registry.npmjs.org/@aws-sdk%2fcredential-providers cache-miss
1883 http fetch GET 200 https://registry.npmjs.org/@distilled.cloud%2fcore 413ms (cache miss)
1884 silly packumentCache full:https://registry.npmjs.org/@distilled.cloud%2fcore set size:undefined disposed:false
1885 silly fetch manifest @alchemy.run/cloudflare-runtime@2.0.0-beta.78
1886 silly packumentCache full:https://registry.npmjs.org/@alchemy.run%2fcloudflare-runtime cache-miss
1887 http cache https://registry.npmjs.org/@aws-sdk%2fcredential-providers 8ms (cache hit)
1888 silly packumentCache full:https://registry.npmjs.org/@aws-sdk%2fcredential-providers set size:2482468 disposed:false
1889 http fetch GET 200 https://registry.npmjs.org/@distilled.cloud%2fprisma 383ms (cache miss)
1890 silly packumentCache full:https://registry.npmjs.org/@distilled.cloud%2fprisma set size:undefined disposed:false
1891 http fetch GET 200 https://registry.npmjs.org/@distilled.cloud%2ffly-io 405ms (cache miss)
1892 silly packumentCache full:https://registry.npmjs.org/@distilled.cloud%2ffly-io set size:undefined disposed:false
1893 http fetch GET 200 https://registry.npmjs.org/@alchemy.run%2fnode-utils 434ms (cache miss)
1894 silly packumentCache full:https://registry.npmjs.org/@alchemy.run%2fnode-utils set size:undefined disposed:false
1895 http fetch GET 200 https://registry.npmjs.org/@distilled.cloud%2fhetzner 450ms (cache miss)
1896 silly packumentCache full:https://registry.npmjs.org/@distilled.cloud%2fhetzner set size:undefined disposed:false
1897 http fetch GET 200 https://registry.npmjs.org/@distilled.cloud%2fcloudflare 410ms (cache miss)
1898 silly packumentCache full:https://registry.npmjs.org/@distilled.cloud%2fcloudflare set size:undefined disposed:false
1899 http fetch GET 200 https://registry.npmjs.org/@distilled.cloud%2frailway 633ms (cache miss)
1900 silly packumentCache full:https://registry.npmjs.org/@distilled.cloud%2frailway set size:undefined disposed:false
1901 http fetch GET 200 https://registry.npmjs.org/@distilled.cloud%2fplanetscale 650ms (cache miss)
1902 silly packumentCache full:https://registry.npmjs.org/@distilled.cloud%2fplanetscale set size:undefined disposed:false
1903 http fetch GET 200 https://registry.npmjs.org/@alchemy.run%2fcloudflare-runtime 636ms (cache miss)
1904 silly packumentCache full:https://registry.npmjs.org/@alchemy.run%2fcloudflare-runtime set size:undefined disposed:false
1905 silly fetch manifest arktype@^2.2.3
1906 silly packumentCache full:https://registry.npmjs.org/arktype cache-hit
1907 silly fetch manifest vitest@>=5.0.0 <6.0.0
1908 silly packumentCache full:https://registry.npmjs.org/vitest cache-miss
1909 http cache https://registry.npmjs.org/vitest 5ms (cache hit)
1910 silly packumentCache full:https://registry.npmjs.org/vitest set size:2275010 disposed:false
1911 silly fetch manifest @types/node@^22.0.0 || >=24.0.0
1912 silly packumentCache full:https://registry.npmjs.org/@types%2fnode cache-miss
1913 http cache https://registry.npmjs.org/@types%2fnode 14ms (cache hit)
1914 silly packumentCache full:https://registry.npmjs.org/@types%2fnode set size:11171832 disposed:false
1915 silly fetch manifest vite@^6.4.0 || ^7.0.0 || ^8.0.0
1916 silly packumentCache full:https://registry.npmjs.org/vite cache-miss
1917 http cache https://registry.npmjs.org/vite 35ms (cache hit)
1918 silly packumentCache full:https://registry.npmjs.org/vite set size:38988699 disposed:false
1919 silly placeDep ROOT @effect/sql-d1@4.0.0-rc.115 OK for: @prisma/composer@0.29.1 want: 4.0.0-rc.115
1920 silly placeDep ROOT @effect/sql-sqlite-do@4.0.0-rc.115 OK for: @prisma/composer@0.29.1 want: 4.0.0-rc.115
1921 silly placeDep ROOT @effect/vitest@4.0.0-rc.115 OK for: @prisma/composer@0.29.1 want: 4.0.0-rc.115
1922 silly placeDep ROOT vitest@5.0.3 OK for: @effect/vitest@4.0.0-rc.115 want: >=5.0.0 <6.0.0
1923 silly placeDep ROOT vite@8.3.4 OK for: vitest@5.0.3 want: ^6.4.0 || ^7.0.0 || ^8.0.0
1924 silly placeDep node_modules/@prisma/composer alchemy@2.0.0-beta.78 OK for: @prisma/composer@0.29.1 want: 2.0.0-beta.78
1925 silly fetch manifest @cloudflare/workers-types@^5.20260905.1
1926 silly packumentCache full:https://registry.npmjs.org/@cloudflare%2fworkers-types cache-miss
1927 silly fetch manifest chai@^6.2.2
1928 silly packumentCache full:https://registry.npmjs.org/chai cache-miss
1929 silly fetch manifest obug@^2.1.4
1930 silly packumentCache full:https://registry.npmjs.org/obug cache-miss
1931 silly fetch manifest std-env@^4.2.0
1932 silly packumentCache full:https://registry.npmjs.org/std-env cache-miss
1933 silly fetch manifest tinyexec@^1.3.0
1934 silly packumentCache full:https://registry.npmjs.org/tinyexec cache-miss
1935 silly fetch manifest picomatch@^4.0.7
1936 silly packumentCache full:https://registry.npmjs.org/picomatch cache-miss
1937 silly fetch manifest tinybench@^6.1.4
1938 silly packumentCache full:https://registry.npmjs.org/tinybench cache-miss
1939 silly fetch manifest @types/chai@^5.2.2
1940 silly packumentCache full:https://registry.npmjs.org/@types%2fchai cache-miss
1941 silly fetch manifest expect-type@^1.4.0
1942 silly packumentCache full:https://registry.npmjs.org/expect-type cache-miss
1943 http cache https://registry.npmjs.org/picomatch 4ms (cache hit)
1944 silly packumentCache full:https://registry.npmjs.org/picomatch set size:134451 disposed:false
1945 silly fetch manifest magic-string@^1.2.3
1946 silly packumentCache full:https://registry.npmjs.org/magic-string cache-miss
1947 http cache https://registry.npmjs.org/@cloudflare%2fworkers-types 6ms (cache hit)
1948 silly packumentCache full:https://registry.npmjs.org/@cloudflare%2fworkers-types set size:1960031 disposed:false
1949 silly fetch manifest @vitest/mocker@5.0.3
1950 silly packumentCache full:https://registry.npmjs.org/@vitest%2fmocker cache-miss
1951 http fetch GET 200 https://registry.npmjs.org/obug 29ms (cache miss)
1952 silly packumentCache full:https://registry.npmjs.org/obug set size:undefined disposed:false
1953 silly fetch manifest es-module-lexer@^2.3.2
1954 silly packumentCache full:https://registry.npmjs.org/es-module-lexer cache-miss
1955 http fetch GET 200 https://registry.npmjs.org/tinyexec 29ms (cache miss)
1956 silly packumentCache full:https://registry.npmjs.org/tinyexec set size:undefined disposed:false
1957 silly fetch manifest why-is-node-running@3.2.1
1958 silly packumentCache full:https://registry.npmjs.org/why-is-node-running cache-miss
1959 http fetch GET 200 https://registry.npmjs.org/std-env 30ms (cache miss)
1960 silly packumentCache full:https://registry.npmjs.org/std-env set size:undefined disposed:false
1961 silly fetch manifest postcss@^8.5.29
1962 silly packumentCache full:https://registry.npmjs.org/postcss cache-miss
1963 http fetch GET 200 https://registry.npmjs.org/@types%2fchai 31ms (cache miss)
1964 silly packumentCache full:https://registry.npmjs.org/@types%2fchai set size:undefined disposed:false
1965 silly fetch manifest rolldown@~1.2.12
1966 silly packumentCache full:https://registry.npmjs.org/rolldown cache-miss
1967 http fetch GET 200 https://registry.npmjs.org/chai 32ms (cache miss)
1968 silly packumentCache full:https://registry.npmjs.org/chai set size:undefined disposed:false
1969 silly fetch manifest lightningcss@^1.33.0
1970 silly packumentCache full:https://registry.npmjs.org/lightningcss cache-miss
1971 http fetch GET 200 https://registry.npmjs.org/tinybench 34ms (cache miss)
1972 silly packumentCache full:https://registry.npmjs.org/tinybench set size:undefined disposed:false
1973 silly fetch manifest fsevents@~2.3.3
1974 silly packumentCache full:https://registry.npmjs.org/fsevents cache-miss
1975 http fetch GET 200 https://registry.npmjs.org/expect-type 35ms (cache miss)
1976 silly packumentCache full:https://registry.npmjs.org/expect-type set size:undefined disposed:false
1977 http cache https://registry.npmjs.org/postcss 6ms (cache hit)
1978 silly packumentCache full:https://registry.npmjs.org/postcss set size:770032 disposed:false
1979 http cache https://registry.npmjs.org/rolldown 9ms (cache hit)
1980 silly packumentCache full:https://registry.npmjs.org/rolldown set size:3847972 disposed:false
1981 http fetch GET 200 https://registry.npmjs.org/why-is-node-running 21ms (cache miss)
1982 silly packumentCache full:https://registry.npmjs.org/why-is-node-running set size:undefined disposed:false
1983 http fetch GET 200 https://registry.npmjs.org/magic-string 48ms (cache miss)
1984 silly packumentCache full:https://registry.npmjs.org/magic-string set size:undefined disposed:false
1985 http fetch GET 200 https://registry.npmjs.org/@vitest%2fmocker 44ms (cache miss)
1986 silly packumentCache full:https://registry.npmjs.org/@vitest%2fmocker set size:undefined disposed:false
1987 http fetch GET 200 https://registry.npmjs.org/lightningcss 24ms (cache miss)
1988 silly packumentCache full:https://registry.npmjs.org/lightningcss set size:undefined disposed:false
1989 http fetch GET 200 https://registry.npmjs.org/es-module-lexer 30ms (cache miss)
1990 silly packumentCache full:https://registry.npmjs.org/es-module-lexer set size:undefined disposed:false
1991 http fetch GET 200 https://registry.npmjs.org/fsevents 26ms (cache miss)
1992 silly packumentCache full:https://registry.npmjs.org/fsevents set size:undefined disposed:false
1993 silly placeDep ROOT @cloudflare/workers-types@5.20261008.1 OK for: @effect/sql-d1@4.0.0-rc.115 want: ^5.20260905.1
1994 silly placeDep ROOT @vercel/nft@1.11.0 OK for: @prisma/compute-sdk@0.43.0 want: ^1.10.2
1995 silly placeDep ROOT magicast@0.5.5 OK for: @prisma/compute-sdk@0.43.0 want: ^0.5.3
1996 silly placeDep ROOT picomatch@4.0.7 OK for: @prisma/compute-sdk@0.43.0 want: ^4.0.4
1997 silly placeDep ROOT tar-stream@3.2.2 OK for: @prisma/compute-sdk@0.43.0 want: ^3.1.8
1998 silly placeDep ROOT tiny-invariant@1.3.3 OK for: @prisma/compute-sdk@0.43.0 want: 1.3.3
1999 silly fetch manifest glob@^13.0.0
2000 silly packumentCache full:https://registry.npmjs.org/glob cache-miss
2001 silly fetch manifest acorn@^8.6.0
2002 silly packumentCache full:https://registry.npmjs.org/acorn cache-miss
2003 silly fetch manifest bindings@^1.4.0
2004 silly packumentCache full:https://registry.npmjs.org/bindings cache-miss
2005 silly fetch manifest async-sema@^3.1.1
2006 silly packumentCache full:https://registry.npmjs.org/async-sema cache-miss
2007 silly fetch manifest graceful-fs@^4.2.9
2008 silly packumentCache full:https://registry.npmjs.org/graceful-fs cache-miss
2009 silly fetch manifest resolve-from@^5.0.0
2010 silly packumentCache full:https://registry.npmjs.org/resolve-from cache-miss
2011 silly fetch manifest estree-walker@2.0.2
2012 silly packumentCache full:https://registry.npmjs.org/estree-walker cache-miss
2013 silly fetch manifest @rollup/pluginutils@^5.1.3
2014 silly packumentCache full:https://registry.npmjs.org/@rollup%2fpluginutils cache-miss
2015 silly fetch manifest @mapbox/node-pre-gyp@^2.0.0
2016 silly packumentCache full:https://registry.npmjs.org/@mapbox%2fnode-pre-gyp cache-miss
2017 http fetch GET 200 https://registry.npmjs.org/async-sema 20ms (cache miss)
2018 silly packumentCache full:https://registry.npmjs.org/async-sema set size:undefined disposed:false
2019 silly fetch manifest acorn-import-attributes@^1.9.5
2020 silly packumentCache full:https://registry.npmjs.org/acorn-import-attributes cache-miss
2021 http fetch GET 200 https://registry.npmjs.org/bindings 22ms (cache miss)
2022 silly packumentCache full:https://registry.npmjs.org/bindings set size:undefined disposed:false
2023 silly fetch manifest @babel/types@^7.29.7
2024 silly packumentCache full:https://registry.npmjs.org/@babel%2ftypes cache-miss
2025 http fetch GET 200 https://registry.npmjs.org/resolve-from 25ms (cache miss)
2026 silly packumentCache full:https://registry.npmjs.org/resolve-from set size:undefined disposed:false
2027 silly fetch manifest @babel/parser@^7.29.7
2028 silly packumentCache full:https://registry.npmjs.org/@babel%2fparser cache-miss
2029 http fetch GET 200 https://registry.npmjs.org/estree-walker 26ms (cache miss)
2030 silly packumentCache full:https://registry.npmjs.org/estree-walker set size:undefined disposed:false
2031 silly fetch manifest source-map-js@^1.2.1
2032 silly packumentCache full:https://registry.npmjs.org/source-map-js cache-miss
2033 http fetch GET 200 https://registry.npmjs.org/acorn 30ms (cache miss)
2034 silly packumentCache full:https://registry.npmjs.org/acorn set size:undefined disposed:false
2035 silly fetch manifest b4a@^1.9.0
2036 silly packumentCache full:https://registry.npmjs.org/b4a cache-miss
2037 http fetch GET 200 https://registry.npmjs.org/glob 33ms (cache miss)
2038 silly packumentCache full:https://registry.npmjs.org/glob set size:undefined disposed:false
2039 silly fetch manifest bare-fs@^4.8.2
2040 silly packumentCache full:https://registry.npmjs.org/bare-fs cache-miss
2041 http fetch GET 200 https://registry.npmjs.org/acorn-import-attributes 18ms (cache miss)
2042 silly packumentCache full:https://registry.npmjs.org/acorn-import-attributes set size:undefined disposed:false
2043 silly fetch manifest streamx@^2.28.1
2044 silly packumentCache full:https://registry.npmjs.org/streamx cache-miss
2045 http fetch GET 200 https://registry.npmjs.org/b4a 24ms (cache miss)
2046 silly packumentCache full:https://registry.npmjs.org/b4a set size:undefined disposed:false
2047 silly fetch manifest fast-fifo@^1.3.2
2048 silly packumentCache full:https://registry.npmjs.org/fast-fifo cache-miss
2049 http fetch GET 200 https://registry.npmjs.org/source-map-js 30ms (cache miss)
2050 silly packumentCache full:https://registry.npmjs.org/source-map-js set size:undefined disposed:false
2051 http fetch GET 200 https://registry.npmjs.org/@babel%2ftypes 35ms (cache miss)
2052 silly packumentCache full:https://registry.npmjs.org/@babel%2ftypes set size:undefined disposed:false
2053 http fetch GET 200 https://registry.npmjs.org/bare-fs 27ms (cache miss)
2054 silly packumentCache full:https://registry.npmjs.org/bare-fs set size:undefined disposed:false
2055 http fetch GET 200 https://registry.npmjs.org/streamx 25ms (cache miss)
2056 silly packumentCache full:https://registry.npmjs.org/streamx set size:undefined disposed:false
2057 http fetch GET 200 https://registry.npmjs.org/@babel%2fparser 45ms (cache miss)
2058 silly packumentCache full:https://registry.npmjs.org/@babel%2fparser set size:undefined disposed:false
2059 http fetch GET 200 https://registry.npmjs.org/fast-fifo 21ms (cache miss)
2060 silly packumentCache full:https://registry.npmjs.org/fast-fifo set size:undefined disposed:false
2061 http fetch GET 200 https://registry.npmjs.org/@mapbox%2fnode-pre-gyp 217ms (cache miss)
2062 silly packumentCache full:https://registry.npmjs.org/@mapbox%2fnode-pre-gyp set size:undefined disposed:false
2063 http fetch GET 200 https://registry.npmjs.org/@rollup%2fpluginutils 246ms (cache miss)
2064 silly packumentCache full:https://registry.npmjs.org/@rollup%2fpluginutils set size:undefined disposed:false
2065 http fetch GET 200 https://registry.npmjs.org/graceful-fs 254ms (cache miss)
2066 silly packumentCache full:https://registry.npmjs.org/graceful-fs set size:undefined disposed:false
2067 silly fetch manifest rollup@^1.20.0||^2.0.0||^3.0.0||^4.0.0
2068 silly packumentCache full:https://registry.npmjs.org/rollup cache-miss
2069 http fetch GET 200 https://registry.npmjs.org/rollup 92ms (cache miss)
2070 silly packumentCache full:https://registry.npmjs.org/rollup set size:undefined disposed:false
2071 silly placeDep ROOT @mapbox/node-pre-gyp@2.0.3 OK for: @vercel/nft@1.11.0 want: ^2.0.0
2072 silly placeDep ROOT @rollup/pluginutils@5.4.0 OK for: @vercel/nft@1.11.0 want: ^5.1.3
2073 silly placeDep ROOT acorn@8.19.0 OK for: @vercel/nft@1.11.0 want: ^8.6.0
2074 silly placeDep ROOT acorn-import-attributes@1.9.5 OK for: @vercel/nft@1.11.0 want: ^1.9.5
2075 silly placeDep ROOT async-sema@3.1.1 OK for: @vercel/nft@1.11.0 want: ^3.1.1
2076 silly placeDep ROOT bindings@1.5.0 OK for: @vercel/nft@1.11.0 want: ^1.4.0
2077 silly placeDep ROOT estree-walker@2.0.2 OK for: @vercel/nft@1.11.0 want: 2.0.2
2078 silly placeDep node_modules/@vercel/nft glob@13.0.6 OK for: @vercel/nft@1.11.0 want: ^13.0.0
2079 silly placeDep ROOT graceful-fs@4.2.11 OK for: @vercel/nft@1.11.0 want: ^4.2.9
2080 silly placeDep ROOT resolve-from@5.0.0 OK for: @vercel/nft@1.11.0 want: ^5.0.0
2081 silly fetch manifest tar@^7.4.0
2082 silly packumentCache full:https://registry.npmjs.org/tar cache-miss
2083 silly fetch manifest nopt@^8.0.0
2084 silly packumentCache full:https://registry.npmjs.org/nopt cache-miss
2085 silly fetch manifest consola@^3.2.3
2086 silly packumentCache full:https://registry.npmjs.org/consola cache-miss
2087 silly fetch manifest detect-libc@^2.0.0
2088 silly packumentCache full:https://registry.npmjs.org/detect-libc cache-miss
2089 silly fetch manifest https-proxy-agent@^7.0.5
2090 silly packumentCache full:https://registry.npmjs.org/https-proxy-agent cache-hit
2091 silly fetch manifest @types/estree@^1.0.0
2092 silly packumentCache full:https://registry.npmjs.org/@types%2festree cache-miss
2093 silly fetch manifest estree-walker@^2.0.2
2094 silly packumentCache full:https://registry.npmjs.org/estree-walker cache-miss
2095 silly fetch manifest file-uri-to-path@1.0.0
2096 silly packumentCache full:https://registry.npmjs.org/file-uri-to-path cache-miss
2097 silly fetch manifest minimatch@^10.2.2
2098 silly packumentCache full:https://registry.npmjs.org/minimatch cache-miss
2099 silly fetch manifest minipass@^7.1.3
2100 silly packumentCache full:https://registry.npmjs.org/minipass cache-miss
2101 http cache https://registry.npmjs.org/estree-walker 3ms (cache hit)
2102 silly packumentCache full:https://registry.npmjs.org/estree-walker set size:60887 disposed:false
2103 silly fetch manifest path-scurry@^2.0.2
2104 silly packumentCache full:https://registry.npmjs.org/path-scurry cache-miss
2105 http fetch GET 200 https://registry.npmjs.org/file-uri-to-path 20ms (cache miss)
2106 silly packumentCache full:https://registry.npmjs.org/file-uri-to-path set size:undefined disposed:false
2107 http fetch GET 200 https://registry.npmjs.org/@types%2festree 23ms (cache miss)
2108 silly packumentCache full:https://registry.npmjs.org/@types%2festree set size:undefined disposed:false
2109 http fetch GET 200 https://registry.npmjs.org/detect-libc 26ms (cache miss)
2110 silly packumentCache full:https://registry.npmjs.org/detect-libc set size:undefined disposed:false
2111 http fetch GET 200 https://registry.npmjs.org/nopt 28ms (cache miss)
2112 silly packumentCache full:https://registry.npmjs.org/nopt set size:undefined disposed:false
2113 http fetch GET 200 https://registry.npmjs.org/minipass 29ms (cache miss)
2114 silly packumentCache full:https://registry.npmjs.org/minipass set size:undefined disposed:false
2115 http fetch GET 200 https://registry.npmjs.org/minimatch 30ms (cache miss)
2116 silly packumentCache full:https://registry.npmjs.org/minimatch set size:undefined disposed:false
2117 http fetch GET 200 https://registry.npmjs.org/path-scurry 31ms (cache miss)
2118 silly packumentCache full:https://registry.npmjs.org/path-scurry set size:undefined disposed:false
2119 http fetch GET 200 https://registry.npmjs.org/tar 35ms (cache miss)
2120 silly packumentCache full:https://registry.npmjs.org/tar set size:undefined disposed:false
2121 http fetch GET 200 https://registry.npmjs.org/consola 38ms (cache miss)
2122 silly packumentCache full:https://registry.npmjs.org/consola set size:undefined disposed:false
2123 silly placeDep ROOT consola@3.4.2 OK for: @mapbox/node-pre-gyp@2.0.3 want: ^3.2.3
2124 silly placeDep ROOT detect-libc@2.1.2 OK for: @mapbox/node-pre-gyp@2.0.3 want: ^2.0.0
2125 silly placeDep node_modules/@mapbox/node-pre-gyp https-proxy-agent@7.0.6 OK for: @mapbox/node-pre-gyp@2.0.3 want: ^7.0.5
2126 silly placeDep ROOT nopt@8.1.0 OK for: @mapbox/node-pre-gyp@2.0.3 want: ^8.0.0
2127 silly placeDep ROOT tar@7.5.22 OK for: @mapbox/node-pre-gyp@2.0.3 want: ^7.4.0
2128 silly fetch manifest abbrev@^3.0.0
2129 silly packumentCache full:https://registry.npmjs.org/abbrev cache-miss
2130 silly fetch manifest chownr@^3.0.0
2131 silly packumentCache full:https://registry.npmjs.org/chownr cache-miss
2132 silly fetch manifest yallist@^5.0.0
2133 silly packumentCache full:https://registry.npmjs.org/yallist cache-miss
2134 silly fetch manifest minipass@^7.1.2
2135 silly packumentCache full:https://registry.npmjs.org/minipass cache-miss
2136 silly fetch manifest minizlib@^3.1.0
2137 silly packumentCache full:https://registry.npmjs.org/minizlib cache-miss
2138 silly fetch manifest @isaacs/fs-minipass@^4.0.0
2139 silly packumentCache full:https://registry.npmjs.org/@isaacs%2ffs-minipass cache-miss
2140 http cache https://registry.npmjs.org/minipass 2ms (cache hit)
2141 silly packumentCache full:https://registry.npmjs.org/minipass set size:276925 disposed:false
2142 http fetch GET 200 https://registry.npmjs.org/minizlib 19ms (cache miss)
2143 silly packumentCache full:https://registry.npmjs.org/minizlib set size:undefined disposed:false
2144 http fetch GET 200 https://registry.npmjs.org/chownr 24ms (cache miss)
2145 silly packumentCache full:https://registry.npmjs.org/chownr set size:undefined disposed:false
2146 http fetch GET 200 https://registry.npmjs.org/abbrev 24ms (cache miss)
2147 silly packumentCache full:https://registry.npmjs.org/abbrev set size:undefined disposed:false
2148 http fetch GET 200 https://registry.npmjs.org/yallist 25ms (cache miss)
2149 silly packumentCache full:https://registry.npmjs.org/yallist set size:undefined disposed:false
2150 http fetch GET 200 https://registry.npmjs.org/@isaacs%2ffs-minipass 24ms (cache miss)
2151 silly packumentCache full:https://registry.npmjs.org/@isaacs%2ffs-minipass set size:undefined disposed:false
2152 silly placeDep ROOT @types/estree@1.0.9 OK for: @rollup/pluginutils@5.4.0 want: ^1.0.0
2153 silly placeDep ROOT file-uri-to-path@1.0.0 OK for: bindings@1.5.0 want: 1.0.0
2154 silly placeDep ROOT path-key@3.1.1 OK for: cross-spawn@7.0.6 want: ^3.1.0
2155 silly placeDep ROOT shebang-command@2.0.0 OK for: cross-spawn@7.0.6 want: ^2.0.0
2156 silly placeDep ROOT which@2.0.2 OK for: cross-spawn@7.0.6 want: ^2.0.1
2157 silly fetch manifest shebang-regex@^3.0.0
2158 silly packumentCache full:https://registry.npmjs.org/shebang-regex cache-miss
2159 silly fetch manifest isexe@^2.0.0
2160 silly packumentCache full:https://registry.npmjs.org/isexe cache-miss
2161 http fetch GET 200 https://registry.npmjs.org/shebang-regex 21ms (cache miss)
2162 silly packumentCache full:https://registry.npmjs.org/shebang-regex set size:undefined disposed:false
2163 http fetch GET 200 https://registry.npmjs.org/isexe 24ms (cache miss)
2164 silly packumentCache full:https://registry.npmjs.org/isexe set size:undefined disposed:false
2165 silly placeDep ROOT @sindresorhus/merge-streams@4.0.0 OK for: execa@9.6.1 want: ^4.0.0
2166 silly placeDep ROOT figures@6.1.0 OK for: execa@9.6.1 want: ^6.1.0
2167 silly placeDep ROOT get-stream@9.0.1 OK for: execa@9.6.1 want: ^9.0.0
2168 silly placeDep ROOT human-signals@8.0.1 OK for: execa@9.6.1 want: ^8.0.1
2169 silly placeDep ROOT is-plain-obj@4.1.0 OK for: execa@9.6.1 want: ^4.1.0
2170 silly placeDep ROOT is-stream@4.0.1 OK for: execa@9.6.1 want: ^4.0.1
2171 silly placeDep ROOT npm-run-path@6.0.0 OK for: execa@9.6.1 want: ^6.0.0
2172 silly placeDep ROOT pretty-ms@9.3.1 OK for: execa@9.6.1 want: ^9.2.0
2173 silly placeDep ROOT signal-exit@4.1.0 OK for: execa@9.6.1 want: ^4.1.0
2174 silly placeDep ROOT strip-final-newline@4.0.0 OK for: execa@9.6.1 want: ^4.0.0
2175 silly placeDep ROOT yoctocolors@2.2.0 OK for: execa@9.6.1 want: ^2.1.1
2176 silly fetch manifest is-unicode-supported@^2.0.0
2177 silly packumentCache full:https://registry.npmjs.org/is-unicode-supported cache-miss
2178 silly fetch manifest @sec-ant/readable-stream@^0.4.1
2179 silly packumentCache full:https://registry.npmjs.org/@sec-ant%2freadable-stream cache-miss
2180 silly fetch manifest path-key@^4.0.0
2181 silly packumentCache full:https://registry.npmjs.org/path-key cache-miss
2182 silly fetch manifest unicorn-magic@^0.3.0
2183 silly packumentCache full:https://registry.npmjs.org/unicorn-magic cache-miss
2184 silly fetch manifest parse-ms@^4.0.0
2185 silly packumentCache full:https://registry.npmjs.org/parse-ms cache-miss
2186 http cache https://registry.npmjs.org/path-key 2ms (cache hit)
2187 silly packumentCache full:https://registry.npmjs.org/path-key set size:16975 disposed:false
2188 http fetch GET 200 https://registry.npmjs.org/is-unicode-supported 18ms (cache miss)
2189 silly packumentCache full:https://registry.npmjs.org/is-unicode-supported set size:undefined disposed:false
2190 http fetch GET 200 https://registry.npmjs.org/unicorn-magic 19ms (cache miss)
2191 silly packumentCache full:https://registry.npmjs.org/unicorn-magic set size:undefined disposed:false
2192 http fetch GET 200 https://registry.npmjs.org/parse-ms 20ms (cache miss)
2193 silly packumentCache full:https://registry.npmjs.org/parse-ms set size:undefined disposed:false
2194 http fetch GET 200 https://registry.npmjs.org/@sec-ant%2freadable-stream 618ms (cache miss)
2195 silly packumentCache full:https://registry.npmjs.org/@sec-ant%2freadable-stream set size:undefined disposed:false
2196 silly placeDep ROOT is-unicode-supported@2.1.0 OK for: figures@6.1.0 want: ^2.0.0
2197 silly placeDep ROOT @sec-ant/readable-stream@0.4.1 OK for: get-stream@9.0.1 want: ^0.4.1
2198 silly placeDep ROOT @babel/parser@7.29.9 OK for: magicast@0.5.5 want: ^7.29.7
2199 silly placeDep ROOT @babel/types@7.29.8 OK for: magicast@0.5.5 want: ^7.29.7
2200 silly placeDep ROOT source-map-js@1.2.2 OK for: magicast@0.5.5 want: ^1.2.1
2201 silly fetch manifest @babel/types@^7.29.8
2202 silly packumentCache full:https://registry.npmjs.org/@babel%2ftypes cache-miss
2203 silly fetch manifest @babel/helper-string-parser@^7.29.7
2204 silly packumentCache full:https://registry.npmjs.org/@babel%2fhelper-string-parser cache-miss
2205 silly fetch manifest @babel/helper-validator-identifier@^7.29.7
2206 silly packumentCache full:https://registry.npmjs.org/@babel%2fhelper-validator-identifier cache-miss
2207 http cache https://registry.npmjs.org/@babel%2ftypes 5ms (cache hit)
2208 silly packumentCache full:https://registry.npmjs.org/@babel%2ftypes set size:507562 disposed:false
2209 http fetch GET 200 https://registry.npmjs.org/@babel%2fhelper-string-parser 32ms (cache miss)
2210 silly packumentCache full:https://registry.npmjs.org/@babel%2fhelper-string-parser set size:undefined disposed:false
2211 http fetch GET 200 https://registry.npmjs.org/@babel%2fhelper-validator-identifier 33ms (cache miss)
2212 silly packumentCache full:https://registry.npmjs.org/@babel%2fhelper-validator-identifier set size:undefined disposed:false
2213 silly placeDep ROOT @babel/helper-string-parser@7.29.7 OK for: @babel/types@7.29.8 want: ^7.29.7
2214 silly placeDep ROOT @babel/helper-validator-identifier@7.29.7 OK for: @babel/types@7.29.8 want: ^7.29.7
2215 silly placeDep ROOT abbrev@3.0.1 OK for: nopt@8.1.0 want: ^3.0.0
2216 silly placeDep node_modules/npm-run-path path-key@4.0.0 OK for: npm-run-path@6.0.0 want: ^4.0.0
2217 silly placeDep ROOT unicorn-magic@0.3.0 OK for: npm-run-path@6.0.0 want: ^0.3.0
2218 silly placeDep ROOT default-browser@5.5.1 OK for: open@11.0.4 want: ^5.5.1
2219 silly placeDep ROOT define-lazy-prop@3.0.0 OK for: open@11.0.4 want: ^3.0.0
2220 silly placeDep ROOT is-in-ssh@1.0.0 OK for: open@11.0.4 want: ^1.0.0
2221 silly placeDep ROOT is-inside-container@1.0.0 OK for: open@11.0.4 want: ^1.0.0
2222 silly placeDep ROOT powershell-utils@0.2.1 OK for: open@11.0.4 want: ^0.2.1
2223 silly placeDep ROOT wsl-utils@1.0.1 OK for: open@11.0.4 want: ^1.0.0
2224 silly fetch manifest bundle-name@^4.1.0
2225 silly packumentCache full:https://registry.npmjs.org/bundle-name cache-miss
2226 silly fetch manifest default-browser-id@^5.0.0
2227 silly packumentCache full:https://registry.npmjs.org/default-browser-id cache-miss
2228 silly fetch manifest is-docker@^3.0.0
2229 silly packumentCache full:https://registry.npmjs.org/is-docker cache-miss
2230 silly fetch manifest is-wsl@^3.1.0
2231 silly packumentCache full:https://registry.npmjs.org/is-wsl cache-miss
2232 http fetch GET 200 https://registry.npmjs.org/bundle-name 19ms (cache miss)
2233 silly packumentCache full:https://registry.npmjs.org/bundle-name set size:undefined disposed:false
2234 http fetch GET 200 https://registry.npmjs.org/is-wsl 20ms (cache miss)
2235 silly packumentCache full:https://registry.npmjs.org/is-wsl set size:undefined disposed:false
2236 http fetch GET 200 https://registry.npmjs.org/default-browser-id 23ms (cache miss)
2237 silly packumentCache full:https://registry.npmjs.org/default-browser-id set size:undefined disposed:false
2238 http fetch GET 200 https://registry.npmjs.org/is-docker 233ms (cache miss)
2239 silly packumentCache full:https://registry.npmjs.org/is-docker set size:undefined disposed:false
2240 silly placeDep ROOT bundle-name@4.1.1 OK for: default-browser@5.5.1 want: ^4.1.0
2241 silly placeDep ROOT default-browser-id@5.0.1 OK for: default-browser@5.5.1 want: ^5.0.0
2242 silly fetch manifest run-applescript@^7.0.0
2243 silly packumentCache full:https://registry.npmjs.org/run-applescript cache-miss
2244 http fetch GET 200 https://registry.npmjs.org/run-applescript 31ms (cache miss)
2245 silly packumentCache full:https://registry.npmjs.org/run-applescript set size:undefined disposed:false
2246 silly placeDep ROOT run-applescript@7.1.0 OK for: bundle-name@4.1.1 want: ^7.0.0
2247 silly placeDep ROOT is-docker@3.0.0 OK for: is-inside-container@1.0.0 want: ^3.0.0
2248 silly placeDep ROOT parse-ms@4.0.0 OK for: pretty-ms@9.3.1 want: ^4.0.0
2249 silly placeDep ROOT @protobufjs/aspromise@1.1.2 OK for: protobufjs@7.6.6 want: ^1.1.2
2250 silly placeDep ROOT @protobufjs/base64@1.1.2 OK for: protobufjs@7.6.6 want: ^1.1.2
2251 silly placeDep ROOT @protobufjs/codegen@2.0.5 OK for: protobufjs@7.6.6 want: ^2.0.5
2252 silly placeDep ROOT @protobufjs/eventemitter@1.1.1 OK for: protobufjs@7.6.6 want: ^1.1.1
2253 silly placeDep ROOT @protobufjs/fetch@1.1.1 OK for: protobufjs@7.6.6 want: ^1.1.1
2254 silly placeDep ROOT @protobufjs/float@1.0.2 OK for: protobufjs@7.6.6 want: ^1.0.2
2255 silly placeDep ROOT @protobufjs/path@1.1.2 OK for: protobufjs@7.6.6 want: ^1.1.2
2256 silly placeDep ROOT @protobufjs/pool@1.1.0 OK for: protobufjs@7.6.6 want: ^1.1.0
2257 silly placeDep ROOT @protobufjs/utf8@1.1.2 OK for: protobufjs@7.6.6 want: ^1.1.1
2258 silly placeDep node_modules/protobufjs long@5.3.2 OK for: protobufjs@7.6.6 want: ^5.3.2
2259 silly placeDep ROOT destr@2.0.5 OK for: rc9@3.1.0 want: ^2.0.5
2260 silly placeDep ROOT shebang-regex@3.0.0 OK for: shebang-command@2.0.0 want: ^3.0.0
2261 silly placeDep ROOT @isaacs/fs-minipass@4.0.1 OK for: tar@7.5.22 want: ^4.0.0
2262 silly placeDep ROOT chownr@3.0.0 OK for: tar@7.5.22 want: ^3.0.0
2263 silly placeDep ROOT minipass@7.1.3 OK for: tar@7.5.22 want: ^7.1.2
2264 silly placeDep ROOT minizlib@3.1.0 OK for: tar@7.5.22 want: ^3.1.0
2265 silly placeDep ROOT yallist@5.0.0 OK for: tar@7.5.22 want: ^5.0.0
2266 silly fetch manifest minipass@^7.0.4
2267 silly packumentCache full:https://registry.npmjs.org/minipass cache-hit
2268 silly fetch manifest react-native-b4a@*
2269 silly packumentCache full:https://registry.npmjs.org/react-native-b4a cache-miss
2270 http fetch GET 200 https://registry.npmjs.org/react-native-b4a 226ms (cache miss)
2271 silly packumentCache full:https://registry.npmjs.org/react-native-b4a set size:undefined disposed:false
2272 silly fetch manifest react@*
2273 silly packumentCache full:https://registry.npmjs.org/react cache-miss
2274 http cache https://registry.npmjs.org/react 12ms (cache hit)
2275 silly packumentCache full:https://registry.npmjs.org/react set size:7030932 disposed:false
2276 silly fetch manifest bare-buffer@*
2277 silly packumentCache full:https://registry.npmjs.org/bare-buffer cache-miss
2278 http fetch GET 200 https://registry.npmjs.org/bare-buffer 24ms (cache miss)
2279 silly packumentCache full:https://registry.npmjs.org/bare-buffer set size:undefined disposed:false
2280 silly placeDep ROOT b4a@1.9.0 OK for: tar-stream@3.2.2 want: ^1.9.0
2281 silly placeDep ROOT bare-fs@4.8.3 OK for: tar-stream@3.2.2 want: ^4.8.2
2282 silly placeDep ROOT fast-fifo@1.3.2 OK for: tar-stream@3.2.2 want: ^1.3.2
2283 silly placeDep ROOT streamx@2.28.1 OK for: tar-stream@3.2.2 want: ^2.28.1
2284 silly fetch manifest bare-url@^2.2.2
2285 silly packumentCache full:https://registry.npmjs.org/bare-url cache-miss
2286 silly fetch manifest bare-path@^3.0.0
2287 silly packumentCache full:https://registry.npmjs.org/bare-path cache-miss
2288 silly fetch manifest bare-events@^2.5.4
2289 silly packumentCache full:https://registry.npmjs.org/bare-events cache-miss
2290 silly fetch manifest bare-stream@^2.6.4
2291 silly packumentCache full:https://registry.npmjs.org/bare-stream cache-miss
2292 silly fetch manifest text-decoder@^1.1.0
2293 silly packumentCache full:https://registry.npmjs.org/text-decoder cache-miss
2294 silly fetch manifest events-universal@^1.0.0
2295 silly packumentCache full:https://registry.npmjs.org/events-universal cache-miss
2296 http fetch GET 200 https://registry.npmjs.org/bare-events 22ms (cache miss)
2297 silly packumentCache full:https://registry.npmjs.org/bare-events set size:undefined disposed:false
2298 http fetch GET 200 https://registry.npmjs.org/text-decoder 23ms (cache miss)
2299 silly packumentCache full:https://registry.npmjs.org/text-decoder set size:undefined disposed:false
2300 http fetch GET 200 https://registry.npmjs.org/bare-path 23ms (cache miss)
2301 silly packumentCache full:https://registry.npmjs.org/bare-path set size:undefined disposed:false
2302 http fetch GET 200 https://registry.npmjs.org/bare-stream 24ms (cache miss)
2303 silly packumentCache full:https://registry.npmjs.org/bare-stream set size:undefined disposed:false
2304 http fetch GET 200 https://registry.npmjs.org/events-universal 25ms (cache miss)
2305 silly packumentCache full:https://registry.npmjs.org/events-universal set size:undefined disposed:false
2306 http fetch GET 200 https://registry.npmjs.org/bare-url 27ms (cache miss)
2307 silly packumentCache full:https://registry.npmjs.org/bare-url set size:undefined disposed:false
2308 silly fetch manifest bare-abort-controller@*
2309 silly packumentCache full:https://registry.npmjs.org/bare-abort-controller cache-miss
2310 http fetch GET 200 https://registry.npmjs.org/bare-abort-controller 23ms (cache miss)
2311 silly packumentCache full:https://registry.npmjs.org/bare-abort-controller set size:undefined disposed:false
2312 silly placeDep ROOT bare-events@2.9.2 OK for: bare-fs@4.8.3 want: ^2.5.4
2313 silly placeDep ROOT bare-path@3.1.2 OK for: bare-fs@4.8.3 want: ^3.0.0
2314 silly placeDep ROOT bare-stream@2.13.4 OK for: bare-fs@4.8.3 want: ^2.6.4
2315 silly placeDep ROOT bare-url@2.5.4 OK for: bare-fs@4.8.3 want: ^2.2.2
2316 silly fetch manifest teex@^1.0.1
2317 silly packumentCache full:https://registry.npmjs.org/teex cache-miss
2318 http fetch GET 200 https://registry.npmjs.org/teex 23ms (cache miss)
2319 silly packumentCache full:https://registry.npmjs.org/teex set size:undefined disposed:false
2320 silly placeDep ROOT teex@1.0.1 OK for: bare-stream@2.13.4 want: ^1.0.1
2321 silly placeDep ROOT events-universal@1.0.1 OK for: streamx@2.28.1 want: ^1.0.0
2322 silly placeDep ROOT text-decoder@1.2.7 OK for: streamx@2.28.1 want: ^1.1.0
2323 silly placeDep ROOT temporal-spec@1.0.1 OK for: temporal-polyfill@1.0.5 want: 1.0.1
2324 silly placeDep ROOT temporal-utils@1.0.3 OK for: temporal-polyfill@1.0.5 want: 1.0.3
2325 silly placeDep ROOT fdir@6.5.0 OK for: tinyglobby@0.2.17 want: ^6.5.0
2326 silly placeDep ROOT @typescript/typescript-aix-ppc64@7.0.2 OK for: typescript@7.0.2 want: 7.0.2
2327 silly placeDep ROOT @typescript/typescript-darwin-arm64@7.0.2 OK for: typescript@7.0.2 want: 7.0.2
2328 silly placeDep ROOT @typescript/typescript-darwin-x64@7.0.2 OK for: typescript@7.0.2 want: 7.0.2
2329 silly placeDep ROOT @typescript/typescript-freebsd-arm64@7.0.2 OK for: typescript@7.0.2 want: 7.0.2
2330 silly placeDep ROOT @typescript/typescript-freebsd-x64@7.0.2 OK for: typescript@7.0.2 want: 7.0.2
2331 silly placeDep ROOT @typescript/typescript-linux-arm@7.0.2 OK for: typescript@7.0.2 want: 7.0.2
2332 silly placeDep ROOT @typescript/typescript-linux-arm64@7.0.2 OK for: typescript@7.0.2 want: 7.0.2
2333 silly placeDep ROOT @typescript/typescript-linux-loong64@7.0.2 OK for: typescript@7.0.2 want: 7.0.2
2334 silly placeDep ROOT @typescript/typescript-linux-mips64el@7.0.2 OK for: typescript@7.0.2 want: 7.0.2
2335 silly placeDep ROOT @typescript/typescript-linux-ppc64@7.0.2 OK for: typescript@7.0.2 want: 7.0.2
2336 silly placeDep ROOT @typescript/typescript-linux-riscv64@7.0.2 OK for: typescript@7.0.2 want: 7.0.2
2337 silly placeDep ROOT @typescript/typescript-linux-s390x@7.0.2 OK for: typescript@7.0.2 want: 7.0.2
2338 silly placeDep ROOT @typescript/typescript-linux-x64@7.0.2 OK for: typescript@7.0.2 want: 7.0.2
2339 silly placeDep ROOT @typescript/typescript-netbsd-arm64@7.0.2 OK for: typescript@7.0.2 want: 7.0.2
2340 silly placeDep ROOT @typescript/typescript-netbsd-x64@7.0.2 OK for: typescript@7.0.2 want: 7.0.2
2341 silly placeDep ROOT @typescript/typescript-openbsd-arm64@7.0.2 OK for: typescript@7.0.2 want: 7.0.2
2342 silly placeDep ROOT @typescript/typescript-openbsd-x64@7.0.2 OK for: typescript@7.0.2 want: 7.0.2
2343 silly placeDep ROOT @typescript/typescript-sunos-x64@7.0.2 OK for: typescript@7.0.2 want: 7.0.2
2344 silly placeDep ROOT @typescript/typescript-win32-arm64@7.0.2 OK for: typescript@7.0.2 want: 7.0.2
2345 silly placeDep ROOT @typescript/typescript-win32-x64@7.0.2 OK for: typescript@7.0.2 want: 7.0.2
2346 silly placeDep ROOT @noble/hashes@2.4.0 OK for: uniku@0.5.0 want: ^2.2.0
2347 silly placeDep ROOT fsevents@2.3.3 OK for: vite@8.3.4 want: ~2.3.3
2348 silly placeDep ROOT lightningcss@1.33.0 OK for: vite@8.3.4 want: ^1.33.0
2349 silly placeDep ROOT postcss@8.5.29 OK for: vite@8.3.4 want: ^8.5.29
2350 silly placeDep ROOT rolldown@1.2.13 OK for: vite@8.3.4 want: ~1.2.12
2351 silly fetch manifest lightningcss-darwin-x64@1.33.0
2352 silly packumentCache full:https://registry.npmjs.org/lightningcss-darwin-x64 cache-miss
2353 silly fetch manifest lightningcss-linux-x64-gnu@1.33.0
2354 silly packumentCache full:https://registry.npmjs.org/lightningcss-linux-x64-gnu cache-miss
2355 silly fetch manifest lightningcss-win32-x64-msvc@1.33.0
2356 silly packumentCache full:https://registry.npmjs.org/lightningcss-win32-x64-msvc cache-miss
2357 silly fetch manifest lightningcss-win32-arm64-msvc@1.33.0
2358 silly packumentCache full:https://registry.npmjs.org/lightningcss-win32-arm64-msvc cache-miss
2359 silly fetch manifest lightningcss-darwin-arm64@1.33.0
2360 silly packumentCache full:https://registry.npmjs.org/lightningcss-darwin-arm64 cache-miss
2361 silly fetch manifest lightningcss-linux-arm64-gnu@1.33.0
2362 silly packumentCache full:https://registry.npmjs.org/lightningcss-linux-arm64-gnu cache-miss
2363 silly fetch manifest lightningcss-linux-arm-gnueabihf@1.33.0
2364 silly packumentCache full:https://registry.npmjs.org/lightningcss-linux-arm-gnueabihf cache-miss
2365 silly fetch manifest lightningcss-linux-arm64-musl@1.33.0
2366 silly packumentCache full:https://registry.npmjs.org/lightningcss-linux-arm64-musl cache-miss
2367 silly fetch manifest lightningcss-linux-x64-musl@1.33.0
2368 silly packumentCache full:https://registry.npmjs.org/lightningcss-linux-x64-musl cache-miss
2369 http fetch GET 200 https://registry.npmjs.org/lightningcss-linux-arm-gnueabihf 23ms (cache miss)
2370 silly packumentCache full:https://registry.npmjs.org/lightningcss-linux-arm-gnueabihf set size:undefined disposed:false
2371 silly fetch manifest lightningcss-freebsd-x64@1.33.0
2372 silly packumentCache full:https://registry.npmjs.org/lightningcss-freebsd-x64 cache-miss
2373 http fetch GET 200 https://registry.npmjs.org/lightningcss-darwin-x64 28ms (cache miss)
2374 silly packumentCache full:https://registry.npmjs.org/lightningcss-darwin-x64 set size:undefined disposed:false
2375 silly fetch manifest lightningcss-android-arm64@1.33.0
2376 silly packumentCache full:https://registry.npmjs.org/lightningcss-android-arm64 cache-miss
2377 http fetch GET 200 https://registry.npmjs.org/lightningcss-linux-arm64-musl 30ms (cache miss)
2378 silly packumentCache full:https://registry.npmjs.org/lightningcss-linux-arm64-musl set size:undefined disposed:false
2379 silly fetch manifest nanoid@^3.3.19
2380 silly packumentCache full:https://registry.npmjs.org/nanoid cache-miss
2381 http fetch GET 200 https://registry.npmjs.org/lightningcss-win32-x64-msvc 31ms (cache miss)
2382 silly packumentCache full:https://registry.npmjs.org/lightningcss-win32-x64-msvc set size:undefined disposed:false
2383 silly fetch manifest picocolors@^1.1.1
2384 silly packumentCache full:https://registry.npmjs.org/picocolors cache-miss
2385 http fetch GET 200 https://registry.npmjs.org/lightningcss-linux-x64-musl 32ms (cache miss)
2386 silly packumentCache full:https://registry.npmjs.org/lightningcss-linux-x64-musl set size:undefined disposed:false
2387 silly fetch manifest @oxc-project/types@=0.153.0
2388 silly packumentCache full:https://registry.npmjs.org/@oxc-project%2ftypes cache-miss
2389 http fetch GET 200 https://registry.npmjs.org/lightningcss-darwin-arm64 32ms (cache miss)
2390 silly packumentCache full:https://registry.npmjs.org/lightningcss-darwin-arm64 set size:undefined disposed:false
2391 silly fetch manifest @rolldown/pluginutils@^1.0.0
2392 silly packumentCache full:https://registry.npmjs.org/@rolldown%2fpluginutils cache-miss
2393 http fetch GET 200 https://registry.npmjs.org/lightningcss-linux-arm64-gnu 33ms (cache miss)
2394 silly packumentCache full:https://registry.npmjs.org/lightningcss-linux-arm64-gnu set size:undefined disposed:false
2395 silly fetch manifest @rolldown/binding-darwin-x64@1.2.13
2396 silly packumentCache full:https://registry.npmjs.org/@rolldown%2fbinding-darwin-x64 cache-miss
2397 http fetch GET 200 https://registry.npmjs.org/lightningcss-linux-x64-gnu 33ms (cache miss)
2398 silly packumentCache full:https://registry.npmjs.org/lightningcss-linux-x64-gnu set size:undefined disposed:false
2399 silly fetch manifest @rolldown/binding-freebsd-x64@1.2.13
2400 silly packumentCache full:https://registry.npmjs.org/@rolldown%2fbinding-freebsd-x64 cache-miss
2401 http fetch GET 200 https://registry.npmjs.org/lightningcss-android-arm64 22ms (cache miss)
2402 silly packumentCache full:https://registry.npmjs.org/lightningcss-android-arm64 set size:undefined disposed:false
2403 silly fetch manifest @rolldown/binding-darwin-arm64@1.2.13
2404 silly packumentCache full:https://registry.npmjs.org/@rolldown%2fbinding-darwin-arm64 cache-miss
2405 http fetch GET 200 https://registry.npmjs.org/lightningcss-freebsd-x64 28ms (cache miss)
2406 silly packumentCache full:https://registry.npmjs.org/lightningcss-freebsd-x64 set size:undefined disposed:false
2407 silly fetch manifest @rolldown/binding-android-arm64@1.2.13
2408 silly packumentCache full:https://registry.npmjs.org/@rolldown%2fbinding-android-arm64 cache-miss
2409 http fetch GET 200 https://registry.npmjs.org/picocolors 23ms (cache miss)
2410 silly packumentCache full:https://registry.npmjs.org/picocolors set size:undefined disposed:false
2411 silly fetch manifest @rolldown/binding-linux-x64-gnu@1.2.13
2412 silly packumentCache full:https://registry.npmjs.org/@rolldown%2fbinding-linux-x64-gnu cache-miss
2413 http fetch GET 200 https://registry.npmjs.org/nanoid 27ms (cache miss)
2414 silly packumentCache full:https://registry.npmjs.org/nanoid set size:undefined disposed:false
2415 silly fetch manifest @rolldown/binding-linux-x64-musl@1.2.13
2416 silly packumentCache full:https://registry.npmjs.org/@rolldown%2fbinding-linux-x64-musl cache-miss
2417 http fetch GET 200 https://registry.npmjs.org/@oxc-project%2ftypes 32ms (cache miss)
2418 silly packumentCache full:https://registry.npmjs.org/@oxc-project%2ftypes set size:undefined disposed:false
2419 silly fetch manifest @rolldown/binding-win32-x64-msvc@1.2.13
2420 silly packumentCache full:https://registry.npmjs.org/@rolldown%2fbinding-win32-x64-msvc cache-miss
2421 http fetch GET 200 https://registry.npmjs.org/@rolldown%2fbinding-freebsd-x64 42ms (cache miss)
2422 silly packumentCache full:https://registry.npmjs.org/@rolldown%2fbinding-freebsd-x64 set size:undefined disposed:false
2423 silly fetch manifest @rolldown/binding-linux-arm64-gnu@1.2.13
2424 silly packumentCache full:https://registry.npmjs.org/@rolldown%2fbinding-linux-arm64-gnu cache-miss
2425 http fetch GET 200 https://registry.npmjs.org/@rolldown%2fbinding-android-arm64 37ms (cache miss)
2426 silly packumentCache full:https://registry.npmjs.org/@rolldown%2fbinding-android-arm64 set size:undefined disposed:false
2427 silly fetch manifest @rolldown/binding-linux-ppc64-gnu@1.2.13
2428 silly packumentCache full:https://registry.npmjs.org/@rolldown%2fbinding-linux-ppc64-gnu cache-miss
2429 http fetch GET 200 https://registry.npmjs.org/@rolldown%2fpluginutils 58ms (cache miss)
2430 silly packumentCache full:https://registry.npmjs.org/@rolldown%2fpluginutils set size:undefined disposed:false
2431 silly fetch manifest @rolldown/binding-linux-s390x-gnu@1.2.13
2432 silly packumentCache full:https://registry.npmjs.org/@rolldown%2fbinding-linux-s390x-gnu cache-miss
2433 http fetch GET 200 https://registry.npmjs.org/@rolldown%2fbinding-darwin-x64 75ms (cache miss)
2434 silly packumentCache full:https://registry.npmjs.org/@rolldown%2fbinding-darwin-x64 set size:undefined disposed:false
2435 silly fetch manifest @rolldown/binding-android-arm-eabi@1.2.13
2436 silly packumentCache full:https://registry.npmjs.org/@rolldown%2fbinding-android-arm-eabi cache-miss
2437 http fetch GET 200 https://registry.npmjs.org/@rolldown%2fbinding-darwin-arm64 65ms (cache miss)
2438 silly packumentCache full:https://registry.npmjs.org/@rolldown%2fbinding-darwin-arm64 set size:undefined disposed:false
2439 silly fetch manifest @rolldown/binding-linux-arm64-musl@1.2.13
2440 silly packumentCache full:https://registry.npmjs.org/@rolldown%2fbinding-linux-arm64-musl cache-miss
2441 http fetch GET 200 https://registry.npmjs.org/@rolldown%2fbinding-linux-x64-gnu 68ms (cache miss)
2442 silly packumentCache full:https://registry.npmjs.org/@rolldown%2fbinding-linux-x64-gnu set size:undefined disposed:false
2443 silly fetch manifest @rolldown/binding-win32-arm64-msvc@1.2.13
2444 silly packumentCache full:https://registry.npmjs.org/@rolldown%2fbinding-win32-arm64-msvc cache-miss
2445 http fetch GET 200 https://registry.npmjs.org/@rolldown%2fbinding-linux-ppc64-gnu 40ms (cache miss)
2446 silly packumentCache full:https://registry.npmjs.org/@rolldown%2fbinding-linux-ppc64-gnu set size:undefined disposed:false
2447 silly fetch manifest @rolldown/binding-openharmony-arm64@1.2.13
2448 silly packumentCache full:https://registry.npmjs.org/@rolldown%2fbinding-openharmony-arm64 cache-miss
2449 http fetch GET 200 https://registry.npmjs.org/@rolldown%2fbinding-linux-s390x-gnu 39ms (cache miss)
2450 silly packumentCache full:https://registry.npmjs.org/@rolldown%2fbinding-linux-s390x-gnu set size:undefined disposed:false
2451 silly fetch manifest @rolldown/binding-linux-arm-gnueabihf@1.2.13
2452 silly packumentCache full:https://registry.npmjs.org/@rolldown%2fbinding-linux-arm-gnueabihf cache-miss
2453 http fetch GET 200 https://registry.npmjs.org/@rolldown%2fbinding-win32-x64-msvc 74ms (cache miss)
2454 silly packumentCache full:https://registry.npmjs.org/@rolldown%2fbinding-win32-x64-msvc set size:undefined disposed:false
2455 http fetch GET 200 https://registry.npmjs.org/@rolldown%2fbinding-linux-x64-musl 82ms (cache miss)
2456 silly packumentCache full:https://registry.npmjs.org/@rolldown%2fbinding-linux-x64-musl set size:undefined disposed:false
2457 http fetch GET 200 https://registry.npmjs.org/@rolldown%2fbinding-linux-arm64-gnu 67ms (cache miss)
2458 silly packumentCache full:https://registry.npmjs.org/@rolldown%2fbinding-linux-arm64-gnu set size:undefined disposed:false
2459 http fetch GET 200 https://registry.npmjs.org/@rolldown%2fbinding-android-arm-eabi 37ms (cache miss)
2460 silly packumentCache full:https://registry.npmjs.org/@rolldown%2fbinding-android-arm-eabi set size:undefined disposed:false
2461 http fetch GET 200 https://registry.npmjs.org/@rolldown%2fbinding-openharmony-arm64 35ms (cache miss)
2462 silly packumentCache full:https://registry.npmjs.org/@rolldown%2fbinding-openharmony-arm64 set size:undefined disposed:false
2463 http fetch GET 200 https://registry.npmjs.org/@rolldown%2fbinding-win32-arm64-msvc 58ms (cache miss)
2464 silly packumentCache full:https://registry.npmjs.org/@rolldown%2fbinding-win32-arm64-msvc set size:undefined disposed:false
2465 http fetch GET 200 https://registry.npmjs.org/@rolldown%2fbinding-linux-arm64-musl 76ms (cache miss)
2466 silly packumentCache full:https://registry.npmjs.org/@rolldown%2fbinding-linux-arm64-musl set size:undefined disposed:false
2467 http fetch GET 200 https://registry.npmjs.org/@rolldown%2fbinding-linux-arm-gnueabihf 69ms (cache miss)
2468 silly packumentCache full:https://registry.npmjs.org/@rolldown%2fbinding-linux-arm-gnueabihf set size:undefined disposed:false
2469 http fetch GET 200 https://registry.npmjs.org/lightningcss-win32-arm64-msvc 234ms (cache miss)
2470 silly packumentCache full:https://registry.npmjs.org/lightningcss-win32-arm64-msvc set size:undefined disposed:false
2471 silly placeDep ROOT lightningcss-android-arm64@1.33.0 OK for: lightningcss@1.33.0 want: 1.33.0
2472 silly placeDep ROOT lightningcss-darwin-arm64@1.33.0 OK for: lightningcss@1.33.0 want: 1.33.0
2473 silly placeDep ROOT lightningcss-darwin-x64@1.33.0 OK for: lightningcss@1.33.0 want: 1.33.0
2474 silly placeDep ROOT lightningcss-freebsd-x64@1.33.0 OK for: lightningcss@1.33.0 want: 1.33.0
2475 silly placeDep ROOT lightningcss-linux-arm-gnueabihf@1.33.0 OK for: lightningcss@1.33.0 want: 1.33.0
2476 silly placeDep ROOT lightningcss-linux-arm64-gnu@1.33.0 OK for: lightningcss@1.33.0 want: 1.33.0
2477 silly placeDep ROOT lightningcss-linux-arm64-musl@1.33.0 OK for: lightningcss@1.33.0 want: 1.33.0
2478 silly placeDep ROOT lightningcss-linux-x64-gnu@1.33.0 OK for: lightningcss@1.33.0 want: 1.33.0
2479 silly placeDep ROOT lightningcss-linux-x64-musl@1.33.0 OK for: lightningcss@1.33.0 want: 1.33.0
2480 silly placeDep ROOT lightningcss-win32-arm64-msvc@1.33.0 OK for: lightningcss@1.33.0 want: 1.33.0
2481 silly placeDep ROOT lightningcss-win32-x64-msvc@1.33.0 OK for: lightningcss@1.33.0 want: 1.33.0
2482 silly placeDep ROOT nanoid@3.3.20 OK for: postcss@8.5.29 want: ^3.3.19
2483 silly placeDep ROOT picocolors@1.1.1 OK for: postcss@8.5.29 want: ^1.1.1
2484 silly placeDep ROOT @oxc-project/types@0.153.0 OK for: rolldown@1.2.13 want: =0.153.0
2485 silly placeDep ROOT @rolldown/binding-android-arm-eabi@1.2.13 OK for: rolldown@1.2.13 want: 1.2.13
2486 silly placeDep ROOT @rolldown/binding-android-arm64@1.2.13 OK for: rolldown@1.2.13 want: 1.2.13
2487 silly placeDep ROOT @rolldown/binding-darwin-arm64@1.2.13 OK for: rolldown@1.2.13 want: 1.2.13
2488 silly placeDep ROOT @rolldown/binding-darwin-x64@1.2.13 OK for: rolldown@1.2.13 want: 1.2.13
2489 silly placeDep ROOT @rolldown/binding-freebsd-x64@1.2.13 OK for: rolldown@1.2.13 want: 1.2.13
2490 silly placeDep ROOT @rolldown/binding-linux-arm-gnueabihf@1.2.13 OK for: rolldown@1.2.13 want: 1.2.13
2491 silly placeDep ROOT @rolldown/binding-linux-arm64-gnu@1.2.13 OK for: rolldown@1.2.13 want: 1.2.13
2492 silly placeDep ROOT @rolldown/binding-linux-arm64-musl@1.2.13 OK for: rolldown@1.2.13 want: 1.2.13
2493 silly placeDep ROOT @rolldown/binding-linux-ppc64-gnu@1.2.13 OK for: rolldown@1.2.13 want: 1.2.13
2494 silly placeDep ROOT @rolldown/binding-linux-s390x-gnu@1.2.13 OK for: rolldown@1.2.13 want: 1.2.13
2495 silly placeDep ROOT @rolldown/binding-linux-x64-gnu@1.2.13 OK for: rolldown@1.2.13 want: 1.2.13
2496 silly placeDep ROOT @rolldown/binding-linux-x64-musl@1.2.13 OK for: rolldown@1.2.13 want: 1.2.13
2497 silly placeDep ROOT @rolldown/binding-openharmony-arm64@1.2.13 OK for: rolldown@1.2.13 want: 1.2.13
2498 silly placeDep ROOT @rolldown/binding-win32-arm64-msvc@1.2.13 OK for: rolldown@1.2.13 want: 1.2.13
2499 silly placeDep ROOT @rolldown/binding-win32-x64-msvc@1.2.13 OK for: rolldown@1.2.13 want: 1.2.13
2500 silly placeDep ROOT @rolldown/pluginutils@1.0.1 OK for: rolldown@1.2.13 want: ^1.0.0
2501 silly fetch manifest msw@^2.4.9
2502 silly packumentCache full:https://registry.npmjs.org/msw cache-miss
2503 http fetch GET 200 https://registry.npmjs.org/msw 52ms (cache miss)
2504 silly packumentCache full:https://registry.npmjs.org/msw set size:undefined disposed:false
2505 silly fetch manifest typescript@>= 4.8.x
2506 silly packumentCache full:https://registry.npmjs.org/typescript cache-miss
2507 http cache https://registry.npmjs.org/typescript 18ms (cache hit)
2508 silly packumentCache full:https://registry.npmjs.org/typescript set size:15770879 disposed:false
2509 silly placeDep ROOT @types/chai@5.2.3 OK for: vitest@5.0.3 want: ^5.2.2
2510 silly placeDep ROOT @vitest/mocker@5.0.3 OK for: vitest@5.0.3 want: 5.0.3
2511 silly placeDep ROOT chai@6.3.0 OK for: vitest@5.0.3 want: ^6.2.2
2512 silly placeDep ROOT es-module-lexer@2.3.2 OK for: vitest@5.0.3 want: ^2.3.2
2513 silly placeDep ROOT expect-type@1.4.0 OK for: vitest@5.0.3 want: ^1.4.0
2514 silly placeDep ROOT magic-string@1.4.3 OK for: vitest@5.0.3 want: ^1.2.3
2515 silly placeDep ROOT obug@2.2.1 OK for: vitest@5.0.3 want: ^2.1.4
2516 silly placeDep ROOT std-env@4.3.0 OK for: vitest@5.0.3 want: ^4.2.0
2517 silly placeDep ROOT tinybench@6.2.1 OK for: vitest@5.0.3 want: ^6.1.4
2518 silly placeDep ROOT tinyexec@1.3.1 OK for: vitest@5.0.3 want: ^1.3.0
2519 silly placeDep ROOT why-is-node-running@3.2.1 OK for: vitest@5.0.3 want: 3.2.1
2520 silly fetch manifest @types/deep-eql@*
2521 silly packumentCache full:https://registry.npmjs.org/@types%2fdeep-eql cache-miss
2522 silly fetch manifest assertion-error@^2.0.1
2523 silly packumentCache full:https://registry.npmjs.org/assertion-error cache-miss
2524 silly fetch manifest @vitest/spy@5.0.3
2525 silly packumentCache full:https://registry.npmjs.org/@vitest%2fspy cache-miss
2526 silly fetch manifest estree-walker@^3.0.3
2527 silly packumentCache full:https://registry.npmjs.org/estree-walker cache-hit
2528 silly fetch manifest @jridgewell/trace-mapping@0.3.31
2529 silly packumentCache full:https://registry.npmjs.org/@jridgewell%2ftrace-mapping cache-miss
2530 silly fetch manifest @jridgewell/sourcemap-codec@^1.6.0
2531 silly packumentCache full:https://registry.npmjs.org/@jridgewell%2fsourcemap-codec cache-miss
2532 http fetch GET 200 https://registry.npmjs.org/assertion-error 20ms (cache miss)
2533 silly packumentCache full:https://registry.npmjs.org/assertion-error set size:undefined disposed:false
2534 http fetch GET 200 https://registry.npmjs.org/@types%2fdeep-eql 29ms (cache miss)
2535 silly packumentCache full:https://registry.npmjs.org/@types%2fdeep-eql set size:undefined disposed:false
2536 http fetch GET 200 https://registry.npmjs.org/@jridgewell%2fsourcemap-codec 33ms (cache miss)
2537 silly packumentCache full:https://registry.npmjs.org/@jridgewell%2fsourcemap-codec set size:undefined disposed:false
2538 http fetch GET 200 https://registry.npmjs.org/@vitest%2fspy 40ms (cache miss)
2539 silly packumentCache full:https://registry.npmjs.org/@vitest%2fspy set size:undefined disposed:false
2540 http fetch GET 200 https://registry.npmjs.org/@jridgewell%2ftrace-mapping 236ms (cache miss)
2541 silly packumentCache full:https://registry.npmjs.org/@jridgewell%2ftrace-mapping set size:undefined disposed:false
2542 silly placeDep ROOT @types/deep-eql@4.0.2 OK for: @types/chai@5.2.3 want: *
2543 silly placeDep ROOT assertion-error@2.0.1 OK for: @types/chai@5.2.3 want: ^2.0.1
2544 silly placeDep ROOT @jridgewell/trace-mapping@0.3.31 OK for: @vitest/mocker@5.0.3 want: 0.3.31
2545 silly placeDep ROOT @vitest/spy@5.0.3 OK for: @vitest/mocker@5.0.3 want: 5.0.3
2546 silly placeDep node_modules/@vitest/mocker estree-walker@3.0.3 OK for: @vitest/mocker@5.0.3 want: ^3.0.3
2547 silly fetch manifest @jridgewell/resolve-uri@^3.1.0
2548 silly packumentCache full:https://registry.npmjs.org/@jridgewell%2fresolve-uri cache-miss
2549 silly fetch manifest @jridgewell/sourcemap-codec@^1.4.14
2550 silly packumentCache full:https://registry.npmjs.org/@jridgewell%2fsourcemap-codec cache-miss
2551 http cache https://registry.npmjs.org/@jridgewell%2fsourcemap-codec 1ms (cache hit)
2552 silly packumentCache full:https://registry.npmjs.org/@jridgewell%2fsourcemap-codec set size:65255 disposed:false
2553 http fetch GET 200 https://registry.npmjs.org/@jridgewell%2fresolve-uri 24ms (cache miss)
2554 silly packumentCache full:https://registry.npmjs.org/@jridgewell%2fresolve-uri set size:undefined disposed:false
2555 silly placeDep ROOT @jridgewell/resolve-uri@3.1.2 OK for: @jridgewell/trace-mapping@0.3.31 want: ^3.1.0
2556 silly placeDep ROOT @jridgewell/sourcemap-codec@1.6.0 OK for: @jridgewell/trace-mapping@0.3.31 want: ^1.4.14
2557 silly placeDep ROOT vscode-languageserver-protocol@3.18.2 OK for: vscode-languageserver@10.1.0 want: 3.18.2
2558 silly fetch manifest vscode-jsonrpc@9.0.1
2559 silly packumentCache full:https://registry.npmjs.org/vscode-jsonrpc cache-miss
2560 silly fetch manifest vscode-languageserver-types@3.18.0
2561 silly packumentCache full:https://registry.npmjs.org/vscode-languageserver-types cache-miss
2562 http fetch GET 200 https://registry.npmjs.org/vscode-languageserver-types 236ms (cache miss)
2563 silly packumentCache full:https://registry.npmjs.org/vscode-languageserver-types set size:undefined disposed:false
2564 http fetch GET 200 https://registry.npmjs.org/vscode-jsonrpc 253ms (cache miss)
2565 silly packumentCache full:https://registry.npmjs.org/vscode-jsonrpc set size:undefined disposed:false
2566 silly placeDep ROOT vscode-jsonrpc@9.0.1 OK for: vscode-languageserver-protocol@3.18.2 want: 9.0.1
2567 silly placeDep ROOT vscode-languageserver-types@3.18.0 OK for: vscode-languageserver-protocol@3.18.2 want: 3.18.0
2568 silly placeDep ROOT isexe@2.0.0 OK for: which@2.0.2 want: ^2.0.0
2569 silly placeDep ROOT is-wsl@3.1.1 OK for: wsl-utils@1.0.1 want: ^3.1.0
2570 silly placeDep node_modules/@mapbox/node-pre-gyp agent-base@7.1.4 OK for: https-proxy-agent@7.0.6 want: ^7.1.2
2571 silly placeDep ROOT get-east-asian-width@1.7.0 OK for: string-width@8.3.0 want: ^1.5.0
2572 silly placeDep node_modules/@prisma/cli-engine strip-ansi@7.2.0 OK for: string-width@8.3.0 want: ^7.1.2
2573 silly placeDep node_modules/@prisma/cli-engine ansi-regex@6.4.0 OK for: strip-ansi@7.2.0 want: ^6.2.2
2574 silly fetch manifest effect@>=4.0.0-rc.115 || >=4.0.0
2575 silly packumentCache full:https://registry.npmjs.org/effect cache-miss
2576 http cache https://registry.npmjs.org/effect 15ms (cache hit)
2577 silly packumentCache full:https://registry.npmjs.org/effect set size:10390809 disposed:false
2578 silly fetch manifest @types/react@>=19.2.0
2579 silly packumentCache full:https://registry.npmjs.org/@types%2freact cache-miss
2580 http cache https://registry.npmjs.org/@types%2freact 2ms (cache hit)
2581 silly packumentCache full:https://registry.npmjs.org/@types%2freact set size:2642195 disposed:false
2582 silly fetch manifest react-devtools-core@>=6.1.2
2583 silly packumentCache full:https://registry.npmjs.org/react-devtools-core cache-miss
2584 http fetch GET 200 https://registry.npmjs.org/react-devtools-core 25ms (cache miss)
2585 silly packumentCache full:https://registry.npmjs.org/react-devtools-core set size:undefined disposed:false
2586 silly fetch manifest vite@^8.0.7
2587 silly packumentCache full:https://registry.npmjs.org/vite cache-miss
2588 http cache https://registry.npmjs.org/vite 113ms (cache hit)
2589 silly packumentCache full:https://registry.npmjs.org/vite set size:38988699 disposed:false
2590 silly placeDep node_modules/@prisma/composer-cli/node_modules/alchemy @alchemy.run/cloudflare-runtime@2.0.0-beta.78 CONFLICT for: alchemy@2.0.0-beta.78 want: 2.0.0-beta.78
2591 silly placeDep node_modules/@prisma/composer-cli/node_modules/alchemy @distilled.cloud/cloudflare@1.0.0-rc.12 CONFLICT for: @alchemy.run/cloudflare-runtime@2.0.0-beta.78 want: 1.0.0-rc.12
2592 silly placeDep node_modules/@prisma/composer-cli rolldown@1.2.5 OK for: @alchemy.run/cloudflare-runtime@2.0.0-beta.78 want: 1.2.5
2593 silly placeDep node_modules/@prisma/composer-cli/node_modules/alchemy @alchemy.run/floci@2.0.0-beta.78 CONFLICT for: alchemy@2.0.0-beta.78 want: 2.0.0-beta.78
2594 silly placeDep ROOT @alchemy.run/node-utils@2.0.0-beta.78 OK for: alchemy@2.0.0-beta.78 want: 2.0.0-beta.78
2595 silly placeDep ROOT @alchemy.run/sigil@0.0.0-alpha.11 OK for: alchemy@2.0.0-beta.78 want: 0.0.0-alpha.11
2596 silly placeDep ROOT @aws-sdk/credential-providers@3.1148.0 OK for: alchemy@2.0.0-beta.78 want: ^3.0.0
2597 silly placeDep node_modules/@prisma/composer-cli/node_modules/alchemy @distilled.cloud/aws@1.0.0-rc.12 CONFLICT for: alchemy@2.0.0-beta.78 want: 1.0.0-rc.12
2598 silly placeDep node_modules/@prisma/composer-cli/node_modules/alchemy @distilled.cloud/axiom@1.0.0-rc.12 CONFLICT for: alchemy@2.0.0-beta.78 want: 1.0.0-rc.12
2599 silly placeDep node_modules/@prisma/composer-cli/node_modules/alchemy @distilled.cloud/core@1.0.0-rc.12 CONFLICT for: alchemy@2.0.0-beta.78 want: 1.0.0-rc.12
2600 silly placeDep node_modules/@prisma/composer-cli/node_modules/alchemy @distilled.cloud/fly-io@1.0.0-rc.12 CONFLICT for: alchemy@2.0.0-beta.78 want: 1.0.0-rc.12
2601 silly placeDep node_modules/@prisma/composer-cli/node_modules/alchemy @distilled.cloud/hetzner@1.0.0-rc.12 CONFLICT for: alchemy@2.0.0-beta.78 want: 1.0.0-rc.12
2602 silly placeDep node_modules/@prisma/composer-cli/node_modules/alchemy @distilled.cloud/neon@1.0.0-rc.12 CONFLICT for: alchemy@2.0.0-beta.78 want: 1.0.0-rc.12
2603 silly placeDep node_modules/@prisma/composer-cli/node_modules/alchemy @distilled.cloud/planetscale@1.0.0-rc.12 CONFLICT for: alchemy@2.0.0-beta.78 want: 1.0.0-rc.12
2604 silly placeDep node_modules/@prisma/composer-cli/node_modules/alchemy @distilled.cloud/prisma@1.0.0-rc.12 CONFLICT for: alchemy@2.0.0-beta.78 want: 1.0.0-rc.12
2605 silly placeDep node_modules/@prisma/composer-cli/node_modules/alchemy @distilled.cloud/railway@1.0.0-rc.12 CONFLICT for: alchemy@2.0.0-beta.78 want: 1.0.0-rc.12
2606 silly placeDep node_modules/@prisma/composer-cli/node_modules/alchemy @distilled.cloud/stripe@1.0.0-rc.12 CONFLICT for: alchemy@2.0.0-beta.78 want: 1.0.0-rc.12
2607 silly placeDep ROOT @libsql/client@0.17.4 OK for: alchemy@2.0.0-beta.78 want: ^0.17.0
2608 silly placeDep ROOT @octokit/rest@22.0.1 OK for: alchemy@2.0.0-beta.78 want: ^22.0.1
2609 silly placeDep ROOT @octokit/webhooks@14.2.0 OK for: alchemy@2.0.0-beta.78 want: ^14.2.0
2610 silly placeDep ROOT @prisma/dev@0.20.0 OK for: alchemy@2.0.0-beta.78 want: ^0.20.0
2611 silly placeDep ROOT @types/aws-lambda@8.10.164 OK for: alchemy@2.0.0-beta.78 want: ^8.10.152
2612 silly placeDep ROOT aws4fetch@1.0.20 OK for: alchemy@2.0.0-beta.78 want: ^1.0.20
2613 silly placeDep ROOT capnweb@0.12.0 OK for: alchemy@2.0.0-beta.78 want: ^0.12.0
2614 silly placeDep ROOT fflate@0.8.3 OK for: alchemy@2.0.0-beta.78 want: ^0.8.3
2615 silly placeDep ROOT libsodium-wrappers@0.8.4 OK for: alchemy@2.0.0-beta.78 want: ^0.8.3
2616 silly placeDep ROOT undici@7.30.0 OK for: alchemy@2.0.0-beta.78 want: ^7.16.0
2617 silly fetch manifest sharp@^0.35.3
2618 silly packumentCache full:https://registry.npmjs.org/sharp cache-miss
2619 silly fetch manifest unenv@^2.0.0-rc.24
2620 silly packumentCache full:https://registry.npmjs.org/unenv cache-miss
2621 silly fetch manifest yauzl@^3.4.0
2622 silly packumentCache full:https://registry.npmjs.org/yauzl cache-miss
2623 silly fetch manifest workerd@1.20260901.1
2624 silly packumentCache full:https://registry.npmjs.org/workerd cache-miss
2625 silly fetch manifest capnp-es@^0.0.16
2626 silly packumentCache full:https://registry.npmjs.org/capnp-es cache-miss
2627 silly fetch manifest magic-string@^0.30.21
2628 silly packumentCache full:https://registry.npmjs.org/magic-string cache-miss
2629 silly fetch manifest @puppeteer/browsers@^3.2.0
2630 silly packumentCache full:https://registry.npmjs.org/@puppeteer%2fbrowsers cache-miss
2631 silly fetch manifest @cloudflare/unenv-preset@^2.16.1
2632 silly packumentCache full:https://registry.npmjs.org/@cloudflare%2funenv-preset cache-miss
2633 silly fetch manifest @oxc-project/types@=0.146.0
2634 silly packumentCache full:https://registry.npmjs.org/@oxc-project%2ftypes cache-miss
2635 http cache https://registry.npmjs.org/@oxc-project%2ftypes 3ms (cache hit)
2636 silly packumentCache full:https://registry.npmjs.org/@oxc-project%2ftypes set size:262084 disposed:false
2637 silly fetch manifest @rolldown/binding-darwin-x64@1.2.5
2638 silly packumentCache full:https://registry.npmjs.org/@rolldown%2fbinding-darwin-x64 cache-miss
2639 http cache https://registry.npmjs.org/magic-string 4ms (cache hit)
2640 silly packumentCache full:https://registry.npmjs.org/magic-string set size:371658 disposed:false
2641 silly fetch manifest @rolldown/binding-freebsd-x64@1.2.5
2642 silly packumentCache full:https://registry.npmjs.org/@rolldown%2fbinding-freebsd-x64 cache-miss
2643 http cache https://registry.npmjs.org/@rolldown%2fbinding-freebsd-x64 2ms (cache hit)
2644 silly packumentCache full:https://registry.npmjs.org/@rolldown%2fbinding-freebsd-x64 set size:1086586 disposed:false
2645 silly fetch manifest @rolldown/binding-darwin-arm64@1.2.5
2646 silly packumentCache full:https://registry.npmjs.org/@rolldown%2fbinding-darwin-arm64 cache-miss
2647 http cache https://registry.npmjs.org/@rolldown%2fbinding-darwin-x64 7ms (cache hit)
2648 silly packumentCache full:https://registry.npmjs.org/@rolldown%2fbinding-darwin-x64 set size:1406784 disposed:false
2649 silly fetch manifest @rolldown/binding-android-arm64@1.2.5
2650 silly packumentCache full:https://registry.npmjs.org/@rolldown%2fbinding-android-arm64 cache-miss
2651 http cache https://registry.npmjs.org/@rolldown%2fbinding-android-arm64 1ms (cache hit)
2652 silly packumentCache full:https://registry.npmjs.org/@rolldown%2fbinding-android-arm64 set size:193318 disposed:false
2653 silly fetch manifest @rolldown/binding-linux-x64-gnu@1.2.5
2654 silly packumentCache full:https://registry.npmjs.org/@rolldown%2fbinding-linux-x64-gnu cache-miss
2655 http cache https://registry.npmjs.org/@rolldown%2fbinding-darwin-arm64 7ms (cache hit)
2656 silly packumentCache full:https://registry.npmjs.org/@rolldown%2fbinding-darwin-arm64 set size:1418721 disposed:false
2657 silly fetch manifest @rolldown/binding-linux-x64-musl@1.2.5
2658 silly packumentCache full:https://registry.npmjs.org/@rolldown%2fbinding-linux-x64-musl cache-miss
2659 http cache https://registry.npmjs.org/@rolldown%2fbinding-linux-x64-musl 3ms (cache hit)
2660 silly packumentCache full:https://registry.npmjs.org/@rolldown%2fbinding-linux-x64-musl set size:1437437 disposed:false
2661 silly fetch manifest @rolldown/binding-win32-x64-msvc@1.2.5
2662 silly packumentCache full:https://registry.npmjs.org/@rolldown%2fbinding-win32-x64-msvc cache-miss
2663 http cache https://registry.npmjs.org/@rolldown%2fbinding-linux-x64-gnu 10ms (cache hit)
2664 silly packumentCache full:https://registry.npmjs.org/@rolldown%2fbinding-linux-x64-gnu set size:1432691 disposed:false
2665 silly fetch manifest @rolldown/binding-linux-arm64-gnu@1.2.5
2666 silly packumentCache full:https://registry.npmjs.org/@rolldown%2fbinding-linux-arm64-gnu cache-miss
2667 http cache https://registry.npmjs.org/@rolldown%2fbinding-win32-x64-msvc 7ms (cache hit)
2668 silly packumentCache full:https://registry.npmjs.org/@rolldown%2fbinding-win32-x64-msvc set size:1425214 disposed:false
2669 silly fetch manifest @rolldown/binding-linux-ppc64-gnu@1.2.5
2670 silly packumentCache full:https://registry.npmjs.org/@rolldown%2fbinding-linux-ppc64-gnu cache-miss
2671 http cache https://registry.npmjs.org/@rolldown%2fbinding-linux-arm64-gnu 7ms (cache hit)
2672 silly packumentCache full:https://registry.npmjs.org/@rolldown%2fbinding-linux-arm64-gnu set size:1444662 disposed:false
2673 silly fetch manifest @rolldown/binding-linux-s390x-gnu@1.2.5
2674 silly packumentCache full:https://registry.npmjs.org/@rolldown%2fbinding-linux-s390x-gnu cache-miss
2675 http fetch GET 200 https://registry.npmjs.org/unenv 39ms (cache miss)
2676 silly packumentCache full:https://registry.npmjs.org/unenv set size:undefined disposed:false
2677 silly fetch manifest @rolldown/binding-android-arm-eabi@1.2.5
2678 silly packumentCache full:https://registry.npmjs.org/@rolldown%2fbinding-android-arm-eabi cache-miss
2679 http cache https://registry.npmjs.org/@rolldown%2fbinding-linux-s390x-gnu 6ms (cache hit)
2680 silly packumentCache full:https://registry.npmjs.org/@rolldown%2fbinding-linux-s390x-gnu set size:81246 disposed:false
2681 silly fetch manifest @rolldown/binding-linux-arm64-musl@1.2.5
2682 silly packumentCache full:https://registry.npmjs.org/@rolldown%2fbinding-linux-arm64-musl cache-miss
2683 http cache https://registry.npmjs.org/@rolldown%2fbinding-linux-ppc64-gnu 15ms (cache hit)
2684 silly packumentCache full:https://registry.npmjs.org/@rolldown%2fbinding-linux-ppc64-gnu set size:81251 disposed:false
2685 silly fetch manifest @rolldown/binding-win32-arm64-msvc@1.2.5
2686 silly packumentCache full:https://registry.npmjs.org/@rolldown%2fbinding-win32-arm64-msvc cache-miss
2687 http fetch GET 200 https://registry.npmjs.org/yauzl 57ms (cache miss)
2688 silly packumentCache full:https://registry.npmjs.org/yauzl set size:undefined disposed:false
2689 silly fetch manifest @rolldown/binding-openharmony-arm64@1.2.5
2690 silly packumentCache full:https://registry.npmjs.org/@rolldown%2fbinding-openharmony-arm64 cache-miss
2691 http cache https://registry.npmjs.org/@rolldown%2fbinding-android-arm-eabi 23ms (cache hit)
2692 silly packumentCache full:https://registry.npmjs.org/@rolldown%2fbinding-android-arm-eabi set size:28974 disposed:false
2693 silly fetch manifest @rolldown/binding-linux-arm-gnueabihf@1.2.5
2694 silly packumentCache full:https://registry.npmjs.org/@rolldown%2fbinding-linux-arm-gnueabihf cache-miss
2695 http cache https://registry.npmjs.org/@rolldown%2fbinding-linux-arm64-musl 30ms (cache hit)
2696 silly packumentCache full:https://registry.npmjs.org/@rolldown%2fbinding-linux-arm64-musl set size:1449373 disposed:false
2697 silly fetch manifest react@^19.3.0
2698 silly packumentCache full:https://registry.npmjs.org/react cache-miss
2699 http cache https://registry.npmjs.org/@rolldown%2fbinding-win32-arm64-msvc 37ms (cache hit)
2700 silly packumentCache full:https://registry.npmjs.org/@rolldown%2fbinding-win32-arm64-msvc set size:1439528 disposed:false
2701 silly fetch manifest scheduler@^0.28.0
2702 silly packumentCache full:https://registry.npmjs.org/scheduler cache-miss
2703 http cache https://registry.npmjs.org/@rolldown%2fbinding-openharmony-arm64 39ms (cache hit)
2704 silly packumentCache full:https://registry.npmjs.org/@rolldown%2fbinding-openharmony-arm64 set size:155648 disposed:false
2705 silly fetch manifest react-reconciler@^0.34.0
2706 silly packumentCache full:https://registry.npmjs.org/react-reconciler cache-miss
2707 http cache https://registry.npmjs.org/@rolldown%2fbinding-linux-arm-gnueabihf 35ms (cache hit)
2708 silly packumentCache full:https://registry.npmjs.org/@rolldown%2fbinding-linux-arm-gnueabihf set size:1454342 disposed:false
2709 silly fetch manifest @smithy/core@^3.35.0
2710 silly packumentCache full:https://registry.npmjs.org/@smithy%2fcore cache-miss
2711 http fetch GET 200 https://registry.npmjs.org/sharp 111ms (cache miss)
2712 silly packumentCache full:https://registry.npmjs.org/sharp set size:undefined disposed:false
2713 silly fetch manifest @aws-sdk/core@^3.978.1
2714 silly packumentCache full:https://registry.npmjs.org/@aws-sdk%2fcore cache-miss
2715 http cache https://registry.npmjs.org/react 32ms (cache hit)
2716 silly packumentCache full:https://registry.npmjs.org/react set size:7030932 disposed:false
2717 silly fetch manifest @smithy/types@^4.19.0
2718 silly packumentCache full:https://registry.npmjs.org/@smithy%2ftypes cache-miss
2719 http fetch GET 200 https://registry.npmjs.org/workerd 138ms (cache miss)
2720 silly packumentCache full:https://registry.npmjs.org/workerd set size:undefined disposed:false
2721 silly fetch manifest @aws-sdk/types@^3.974.6
2722 silly packumentCache full:https://registry.npmjs.org/@aws-sdk%2ftypes cache-miss
2723 http fetch GET 200 https://registry.npmjs.org/@smithy%2fcore 45ms (cache miss)
2724 silly packumentCache full:https://registry.npmjs.org/@smithy%2fcore set size:undefined disposed:false
2725 silly fetch manifest @aws-sdk/nested-clients@^3.997.46
2726 silly packumentCache full:https://registry.npmjs.org/@aws-sdk%2fnested-clients cache-miss
2727 http fetch GET 200 https://registry.npmjs.org/@smithy%2ftypes 35ms (cache miss)
2728 silly packumentCache full:https://registry.npmjs.org/@smithy%2ftypes set size:undefined disposed:false
2729 silly fetch manifest @aws-sdk/credential-provider-env@^3.972.72
2730 silly packumentCache full:https://registry.npmjs.org/@aws-sdk%2fcredential-provider-env cache-miss
2731 http fetch GET 200 https://registry.npmjs.org/@aws-sdk%2fcore 60ms (cache miss)
2732 silly packumentCache full:https://registry.npmjs.org/@aws-sdk%2fcore set size:undefined disposed:false
2733 silly fetch manifest @aws-sdk/credential-provider-ini@^3.973.17
2734 silly packumentCache full:https://registry.npmjs.org/@aws-sdk%2fcredential-provider-ini cache-miss
2735 http fetch GET 200 https://registry.npmjs.org/@aws-sdk%2ftypes 43ms (cache miss)
2736 silly packumentCache full:https://registry.npmjs.org/@aws-sdk%2ftypes set size:undefined disposed:false
2737 silly fetch manifest @aws-sdk/credential-provider-sso@^3.973.16
2738 silly packumentCache full:https://registry.npmjs.org/@aws-sdk%2fcredential-provider-sso cache-miss
2739 http fetch GET 200 https://registry.npmjs.org/@aws-sdk%2fcredential-provider-env 36ms (cache miss)
2740 silly packumentCache full:https://registry.npmjs.org/@aws-sdk%2fcredential-provider-env set size:undefined disposed:false
2741 silly fetch manifest @smithy/credential-provider-imds@^4.5.2
2742 silly packumentCache full:https://registry.npmjs.org/@smithy%2fcredential-provider-imds cache-miss
2743 http fetch GET 200 https://registry.npmjs.org/capnp-es 237ms (cache miss)
2744 silly packumentCache full:https://registry.npmjs.org/capnp-es set size:undefined disposed:false
2745 silly fetch manifest @aws-sdk/credential-provider-http@^3.972.74
2746 silly packumentCache full:https://registry.npmjs.org/@aws-sdk%2fcredential-provider-http cache-miss
2747 http fetch GET 200 https://registry.npmjs.org/scheduler 141ms (cache miss)
2748 silly packumentCache full:https://registry.npmjs.org/scheduler set size:undefined disposed:false
2749 silly fetch manifest @aws-sdk/credential-provider-node@^3.972.84
2750 silly packumentCache full:https://registry.npmjs.org/@aws-sdk%2fcredential-provider-node cache-miss
2751 http fetch GET 200 https://registry.npmjs.org/@aws-sdk%2fcredential-provider-ini 84ms (cache miss)
2752 silly packumentCache full:https://registry.npmjs.org/@aws-sdk%2fcredential-provider-ini set size:undefined disposed:false
2753 silly fetch manifest @aws-sdk/credential-provider-login@^3.972.79
2754 silly packumentCache full:https://registry.npmjs.org/@aws-sdk%2fcredential-provider-login cache-miss
2755 http fetch GET 200 https://registry.npmjs.org/@aws-sdk%2fcredential-provider-sso 83ms (cache miss)
2756 silly packumentCache full:https://registry.npmjs.org/@aws-sdk%2fcredential-provider-sso set size:undefined disposed:false
2757 silly fetch manifest @aws-sdk/credential-provider-process@^3.972.72
2758 silly packumentCache full:https://registry.npmjs.org/@aws-sdk%2fcredential-provider-process cache-miss
2759 http fetch GET 200 https://registry.npmjs.org/@aws-sdk%2fcredential-provider-http 41ms (cache miss)
2760 silly packumentCache full:https://registry.npmjs.org/@aws-sdk%2fcredential-provider-http set size:undefined disposed:false
2761 silly fetch manifest @aws-sdk/credential-provider-web-identity@^3.972.78
2762 silly packumentCache full:https://registry.npmjs.org/@aws-sdk%2fcredential-provider-web-identity cache-miss
2763 http fetch GET 200 https://registry.npmjs.org/@aws-sdk%2fcredential-provider-login 33ms (cache miss)
2764 silly packumentCache full:https://registry.npmjs.org/@aws-sdk%2fcredential-provider-login set size:undefined disposed:false
2765 silly fetch manifest @aws-sdk/credential-provider-cognito-identity@^3.972.71
2766 silly packumentCache full:https://registry.npmjs.org/@aws-sdk%2fcredential-provider-cognito-identity cache-miss
2767 http fetch GET 200 https://registry.npmjs.org/@aws-sdk%2fcredential-provider-process 51ms (cache miss)
2768 silly packumentCache full:https://registry.npmjs.org/@aws-sdk%2fcredential-provider-process set size:undefined disposed:false
2769 silly fetch manifest @smithy/types@^4.17.2
2770 silly packumentCache full:https://registry.npmjs.org/@smithy%2ftypes cache-miss
2771 http cache https://registry.npmjs.org/@smithy%2ftypes 2ms (cache hit)
2772 silly packumentCache full:https://registry.npmjs.org/@smithy%2ftypes set size:219866 disposed:false
2773 silly fetch manifest @aws-sdk/types@^3.974.3
2774 silly packumentCache full:https://registry.npmjs.org/@aws-sdk%2ftypes cache-miss
2775 http fetch GET 200 https://registry.npmjs.org/@aws-sdk%2fcredential-provider-node 75ms (cache miss)
2776 silly packumentCache full:https://registry.npmjs.org/@aws-sdk%2fcredential-provider-node set size:undefined disposed:false
2777 silly fetch manifest fast-xml-parser@^5.10.1
2778 silly packumentCache full:https://registry.npmjs.org/fast-xml-parser cache-miss
2779 http cache https://registry.npmjs.org/@aws-sdk%2ftypes 8ms (cache hit)
2780 silly packumentCache full:https://registry.npmjs.org/@aws-sdk%2ftypes set size:554443 disposed:false
2781 silly fetch manifest @smithy/util-base64@^4.6.0
2782 silly packumentCache full:https://registry.npmjs.org/@smithy%2futil-base64 cache-miss
2783 http fetch GET 200 https://registry.npmjs.org/@aws-sdk%2fcredential-provider-web-identity 60ms (cache miss)
2784 silly packumentCache full:https://registry.npmjs.org/@aws-sdk%2fcredential-provider-web-identity set size:undefined disposed:false
2785 silly fetch manifest @smithy/shared-ini-file-loader@^4.7.0
2786 silly packumentCache full:https://registry.npmjs.org/@smithy%2fshared-ini-file-loader cache-miss
2787 http fetch GET 200 https://registry.npmjs.org/@aws-sdk%2fnested-clients 244ms (cache miss)
2788 silly packumentCache full:https://registry.npmjs.org/@aws-sdk%2fnested-clients set size:undefined disposed:false
2789 silly fetch manifest graphql@16.11.0
2790 silly packumentCache full:https://registry.npmjs.org/graphql cache-miss
2791 http fetch GET 200 https://registry.npmjs.org/@puppeteer%2fbrowsers 447ms (cache miss)
2792 silly packumentCache full:https://registry.npmjs.org/@puppeteer%2fbrowsers set size:undefined disposed:false
2793 silly fetch manifest libsql@^0.5.28
2794 silly packumentCache full:https://registry.npmjs.org/libsql cache-miss
2795 http fetch GET 200 https://registry.npmjs.org/graphql 47ms (cache miss)
2796 silly packumentCache full:https://registry.npmjs.org/graphql set size:undefined disposed:false
2797 silly fetch manifest js-base64@^3.7.5
2798 silly packumentCache full:https://registry.npmjs.org/js-base64 cache-miss
2799 http fetch GET 200 https://registry.npmjs.org/react-reconciler 350ms (cache miss)
2800 silly packumentCache full:https://registry.npmjs.org/react-reconciler set size:undefined disposed:false
2801 silly fetch manifest @libsql/core@^0.17.4
2802 silly packumentCache full:https://registry.npmjs.org/@libsql%2fcore cache-miss
2803 http fetch GET 200 https://registry.npmjs.org/js-base64 26ms (cache miss)
2804 silly packumentCache full:https://registry.npmjs.org/js-base64 set size:undefined disposed:false
2805 silly fetch manifest promise-limit@^2.7.0
2806 silly packumentCache full:https://registry.npmjs.org/promise-limit cache-miss
2807 http fetch GET 200 https://registry.npmjs.org/libsql 32ms (cache miss)
2808 silly packumentCache full:https://registry.npmjs.org/libsql set size:undefined disposed:false
2809 silly fetch manifest @libsql/hrana-client@^0.10.0
2810 silly packumentCache full:https://registry.npmjs.org/@libsql%2fhrana-client cache-miss
2811 http fetch GET 200 https://registry.npmjs.org/@cloudflare%2funenv-preset 484ms (cache miss)
2812 silly packumentCache full:https://registry.npmjs.org/@cloudflare%2funenv-preset set size:undefined disposed:false
2813 silly fetch manifest @octokit/core@^7.0.6
2814 silly packumentCache full:https://registry.npmjs.org/@octokit%2fcore cache-miss
2815 http fetch GET 200 https://registry.npmjs.org/@octokit%2fcore 30ms (cache miss)
2816 silly packumentCache full:https://registry.npmjs.org/@octokit%2fcore set size:undefined disposed:false
2817 silly fetch manifest @octokit/plugin-request-log@^6.0.0
2818 silly packumentCache full:https://registry.npmjs.org/@octokit%2fplugin-request-log cache-miss
2819 http fetch GET 200 https://registry.npmjs.org/@octokit%2fplugin-request-log 26ms (cache miss)
2820 silly packumentCache full:https://registry.npmjs.org/@octokit%2fplugin-request-log set size:undefined disposed:false
2821 silly fetch manifest @octokit/plugin-paginate-rest@^14.0.0
2822 silly packumentCache full:https://registry.npmjs.org/@octokit%2fplugin-paginate-rest cache-miss
2823 http fetch GET 200 https://registry.npmjs.org/@smithy%2fshared-ini-file-loader 215ms (cache miss)
2824 silly packumentCache full:https://registry.npmjs.org/@smithy%2fshared-ini-file-loader set size:undefined disposed:false
2825 silly fetch manifest @octokit/plugin-rest-endpoint-methods@^17.0.0
2826 silly packumentCache full:https://registry.npmjs.org/@octokit%2fplugin-rest-endpoint-methods cache-miss
2827 http fetch GET 200 https://registry.npmjs.org/@octokit%2fplugin-paginate-rest 31ms (cache miss)
2828 silly packumentCache full:https://registry.npmjs.org/@octokit%2fplugin-paginate-rest set size:undefined disposed:false
2829 silly fetch manifest @octokit/request-error@^7.0.0
2830 silly packumentCache full:https://registry.npmjs.org/@octokit%2frequest-error cache-miss
2831 http fetch GET 200 https://registry.npmjs.org/@smithy%2fcredential-provider-imds 372ms (cache miss)
2832 silly packumentCache full:https://registry.npmjs.org/@smithy%2fcredential-provider-imds set size:undefined disposed:false
2833 silly fetch manifest @octokit/webhooks-methods@^6.0.0
2834 silly packumentCache full:https://registry.npmjs.org/@octokit%2fwebhooks-methods cache-miss
2835 http fetch GET 200 https://registry.npmjs.org/fast-xml-parser 252ms (cache miss)
2836 silly packumentCache full:https://registry.npmjs.org/fast-xml-parser set size:undefined disposed:false
2837 silly fetch manifest @octokit/openapi-webhooks-types@12.1.0
2838 silly packumentCache full:https://registry.npmjs.org/@octokit%2fopenapi-webhooks-types cache-miss
2839 http fetch GET 200 https://registry.npmjs.org/@octokit%2fplugin-rest-endpoint-methods 36ms (cache miss)
2840 silly packumentCache full:https://registry.npmjs.org/@octokit%2fplugin-rest-endpoint-methods set size:undefined disposed:false
2841 silly fetch manifest hono@4.11.4
2842 silly packumentCache full:https://registry.npmjs.org/hono cache-miss
2843 http cache https://registry.npmjs.org/hono 23ms (cache hit)
2844 silly packumentCache full:https://registry.npmjs.org/hono set size:6300140 disposed:false
2845 silly fetch manifest remeda@2.33.4
2846 silly packumentCache full:https://registry.npmjs.org/remeda cache-miss
2847 http fetch GET 200 https://registry.npmjs.org/@octokit%2frequest-error 95ms (cache miss)
2848 silly packumentCache full:https://registry.npmjs.org/@octokit%2frequest-error set size:undefined disposed:false
2849 silly fetch manifest std-env@3.10.0
2850 silly packumentCache full:https://registry.npmjs.org/std-env cache-miss
2851 http cache https://registry.npmjs.org/std-env 3ms (cache hit)
2852 silly packumentCache full:https://registry.npmjs.org/std-env set size:92527 disposed:false
2853 silly fetch manifest valibot@1.2.0
2854 silly packumentCache full:https://registry.npmjs.org/valibot cache-miss
2855 http cache https://registry.npmjs.org/valibot 2ms (cache hit)
2856 silly packumentCache full:https://registry.npmjs.org/valibot set size:262045 disposed:false
2857 silly fetch manifest zeptomatch@2.1.0
2858 silly packumentCache full:https://registry.npmjs.org/zeptomatch cache-miss
2859 http fetch GET 200 https://registry.npmjs.org/@libsql%2fcore 233ms (cache miss)
2860 silly packumentCache full:https://registry.npmjs.org/@libsql%2fcore set size:undefined disposed:false
2861 silly fetch manifest get-port-please@3.2.0
2862 silly packumentCache full:https://registry.npmjs.org/get-port-please cache-miss
2863 http fetch GET 200 https://registry.npmjs.org/promise-limit 237ms (cache miss)
2864 silly packumentCache full:https://registry.npmjs.org/promise-limit set size:undefined disposed:false
2865 silly fetch manifest proper-lockfile@4.1.2
2866 silly packumentCache full:https://registry.npmjs.org/proper-lockfile cache-miss
2867 http fetch GET 200 https://registry.npmjs.org/get-port-please 25ms (cache miss)
2868 silly packumentCache full:https://registry.npmjs.org/get-port-please set size:undefined disposed:false
2869 silly fetch manifest foreground-child@3.3.1
2870 silly packumentCache full:https://registry.npmjs.org/foreground-child cache-miss
2871 http fetch GET 200 https://registry.npmjs.org/proper-lockfile 20ms (cache miss)
2872 silly packumentCache full:https://registry.npmjs.org/proper-lockfile set size:undefined disposed:false
2873 silly fetch manifest @hono/node-server@1.19.9
2874 silly packumentCache full:https://registry.npmjs.org/@hono%2fnode-server cache-miss
2875 http fetch GET 200 https://registry.npmjs.org/@aws-sdk%2fcredential-provider-cognito-identity 471ms (cache miss)
2876 silly packumentCache full:https://registry.npmjs.org/@aws-sdk%2fcredential-provider-cognito-identity set size:undefined disposed:false
2877 silly fetch manifest http-status-codes@2.3.0
2878 silly packumentCache full:https://registry.npmjs.org/http-status-codes cache-miss
2879 http fetch GET 200 https://registry.npmjs.org/@smithy%2futil-base64 441ms (cache miss)
2880 silly packumentCache full:https://registry.npmjs.org/@smithy%2futil-base64 set size:undefined disposed:false
2881 silly fetch manifest @mrleebo/prisma-ast@0.13.1
2882 silly packumentCache full:https://registry.npmjs.org/@mrleebo%2fprisma-ast cache-miss
2883 http fetch GET 200 https://registry.npmjs.org/@octokit%2fopenapi-webhooks-types 195ms (cache miss)
2884 silly packumentCache full:https://registry.npmjs.org/@octokit%2fopenapi-webhooks-types set size:undefined disposed:false
2885 silly fetch manifest @electric-sql/pglite@0.3.15
2886 silly packumentCache full:https://registry.npmjs.org/@electric-sql%2fpglite cache-miss
2887 http cache https://registry.npmjs.org/@electric-sql%2fpglite 2ms (cache hit)
2888 silly packumentCache full:https://registry.npmjs.org/@electric-sql%2fpglite set size:367325 disposed:false
2889 silly fetch manifest @prisma/get-platform@7.2.0
2890 silly packumentCache full:https://registry.npmjs.org/@prisma%2fget-platform cache-miss
2891 http fetch GET 200 https://registry.npmjs.org/http-status-codes 32ms (cache miss)
2892 silly packumentCache full:https://registry.npmjs.org/http-status-codes set size:undefined disposed:false
2893 silly fetch manifest @electric-sql/pglite-tools@0.2.20
2894 silly packumentCache full:https://registry.npmjs.org/@electric-sql%2fpglite-tools cache-miss
2895 http fetch GET 200 https://registry.npmjs.org/@electric-sql%2fpglite-tools 32ms (cache miss)
2896 silly packumentCache full:https://registry.npmjs.org/@electric-sql%2fpglite-tools set size:undefined disposed:false
2897 silly fetch manifest @electric-sql/pglite-socket@0.0.20
2898 silly packumentCache full:https://registry.npmjs.org/@electric-sql%2fpglite-socket cache-miss
2899 http fetch GET 200 https://registry.npmjs.org/@libsql%2fhrana-client 397ms (cache miss)
2900 silly packumentCache full:https://registry.npmjs.org/@libsql%2fhrana-client set size:undefined disposed:false
2901 silly fetch manifest @prisma/query-plan-executor@7.2.0
2902 silly packumentCache full:https://registry.npmjs.org/@prisma%2fquery-plan-executor cache-miss
2903 http fetch GET 200 https://registry.npmjs.org/zeptomatch 222ms (cache miss)
2904 silly packumentCache full:https://registry.npmjs.org/zeptomatch set size:undefined disposed:false
2905 silly fetch manifest libsodium@^0.8.0
2906 silly packumentCache full:https://registry.npmjs.org/libsodium cache-miss
2907 http fetch GET 200 https://registry.npmjs.org/remeda 239ms (cache miss)
2908 silly packumentCache full:https://registry.npmjs.org/remeda set size:undefined disposed:false
2909 http fetch GET 200 https://registry.npmjs.org/libsodium 23ms (cache miss)
2910 silly packumentCache full:https://registry.npmjs.org/libsodium set size:undefined disposed:false
2911 http fetch GET 200 https://registry.npmjs.org/@prisma%2fquery-plan-executor 71ms (cache miss)
2912 silly packumentCache full:https://registry.npmjs.org/@prisma%2fquery-plan-executor set size:undefined disposed:false
2913 http fetch GET 200 https://registry.npmjs.org/foreground-child 224ms (cache miss)
2914 silly packumentCache full:https://registry.npmjs.org/foreground-child set size:undefined disposed:false
2915 http fetch GET 200 https://registry.npmjs.org/@hono%2fnode-server 234ms (cache miss)
2916 silly packumentCache full:https://registry.npmjs.org/@hono%2fnode-server set size:undefined disposed:false
2917 http fetch GET 200 https://registry.npmjs.org/@octokit%2fwebhooks-methods 391ms (cache miss)
2918 silly packumentCache full:https://registry.npmjs.org/@octokit%2fwebhooks-methods set size:undefined disposed:false
2919 http fetch GET 200 https://registry.npmjs.org/@electric-sql%2fpglite-socket 186ms (cache miss)
2920 silly packumentCache full:https://registry.npmjs.org/@electric-sql%2fpglite-socket set size:undefined disposed:false
2921 http fetch GET 200 https://registry.npmjs.org/@mrleebo%2fprisma-ast 422ms (cache miss)
2922 silly packumentCache full:https://registry.npmjs.org/@mrleebo%2fprisma-ast set size:undefined disposed:false
2923 http fetch GET 200 https://registry.npmjs.org/@prisma%2fget-platform 835ms (cache miss)
2924 silly packumentCache full:https://registry.npmjs.org/@prisma%2fget-platform set size:undefined disposed:false
2925 silly placeDep node_modules/@alchemy.run/node-utils rolldown@1.2.5 OK for: @alchemy.run/node-utils@2.0.0-beta.78 want: 1.2.5
2926 silly placeDep ROOT react@19.3.0 REPLACE for: @alchemy.run/sigil@0.0.0-alpha.11 want: ^19.3.0
2927 silly placeDep ROOT react-reconciler@0.34.0 OK for: @alchemy.run/sigil@0.0.0-alpha.11 want: ^0.34.0
2928 silly placeDep node_modules/@alchemy.run/sigil scheduler@0.28.0 OK for: @alchemy.run/sigil@0.0.0-alpha.11 want: ^0.28.0
2929 silly placeDep ROOT @aws-sdk/core@3.978.1 OK for: @aws-sdk/credential-providers@3.1148.0 want: ^3.978.1
2930 silly placeDep ROOT @aws-sdk/credential-provider-cognito-identity@3.972.71 OK for: @aws-sdk/credential-providers@3.1148.0 want: ^3.972.71
2931 silly placeDep ROOT @aws-sdk/credential-provider-env@3.972.72 OK for: @aws-sdk/credential-providers@3.1148.0 want: ^3.972.72
2932 silly placeDep ROOT @aws-sdk/credential-provider-http@3.972.74 OK for: @aws-sdk/credential-providers@3.1148.0 want: ^3.972.74
2933 silly placeDep ROOT @aws-sdk/credential-provider-ini@3.973.17 OK for: @aws-sdk/credential-providers@3.1148.0 want: ^3.973.17
2934 silly placeDep ROOT @aws-sdk/credential-provider-login@3.972.79 OK for: @aws-sdk/credential-providers@3.1148.0 want: ^3.972.79
2935 silly placeDep ROOT @aws-sdk/credential-provider-node@3.972.84 OK for: @aws-sdk/credential-providers@3.1148.0 want: ^3.972.84
2936 silly placeDep ROOT @aws-sdk/credential-provider-process@3.972.72 OK for: @aws-sdk/credential-providers@3.1148.0 want: ^3.972.72
2937 silly placeDep ROOT @aws-sdk/credential-provider-sso@3.973.16 OK for: @aws-sdk/credential-providers@3.1148.0 want: ^3.973.16
2938 silly placeDep ROOT @aws-sdk/credential-provider-web-identity@3.972.78 OK for: @aws-sdk/credential-providers@3.1148.0 want: ^3.972.78
2939 silly placeDep ROOT @aws-sdk/nested-clients@3.997.46 OK for: @aws-sdk/credential-providers@3.1148.0 want: ^3.997.46
2940 silly placeDep ROOT @aws-sdk/types@3.974.6 OK for: @aws-sdk/credential-providers@3.1148.0 want: ^3.974.6
2941 silly placeDep ROOT @smithy/core@3.35.2 OK for: @aws-sdk/credential-providers@3.1148.0 want: ^3.35.0
2942 silly placeDep ROOT @smithy/credential-provider-imds@4.5.2 OK for: @aws-sdk/credential-providers@3.1148.0 want: ^4.5.2
2943 silly placeDep ROOT @smithy/types@4.19.0 OK for: @aws-sdk/credential-providers@3.1148.0 want: ^4.19.0
2944 silly fetch manifest bowser@^2.11.0
2945 silly packumentCache full:https://registry.npmjs.org/bowser cache-miss
2946 silly fetch manifest @aws-sdk/xml-builder@^3.972.41
2947 silly packumentCache full:https://registry.npmjs.org/@aws-sdk%2fxml-builder cache-miss
2948 silly fetch manifest @smithy/signature-v4@^5.7.3
2949 silly packumentCache full:https://registry.npmjs.org/@smithy%2fsignature-v4 cache-miss
2950 silly fetch manifest @aws/lambda-invoke-store@^0.3.0
2951 silly packumentCache full:https://registry.npmjs.org/@aws%2flambda-invoke-store cache-miss
2952 silly fetch manifest @smithy/node-http-handler@^4.12.1
2953 silly packumentCache full:https://registry.npmjs.org/@smithy%2fnode-http-handler cache-miss
2954 silly fetch manifest @smithy/fetch-http-handler@^5.8.0
2955 silly packumentCache full:https://registry.npmjs.org/@smithy%2ffetch-http-handler cache-miss
2956 silly fetch manifest @aws-sdk/token-providers@3.1138.0
2957 silly packumentCache full:https://registry.npmjs.org/@aws-sdk%2ftoken-providers cache-miss
2958 silly fetch manifest @smithy/node-http-handler@^4.12.1
2959 silly packumentCache full:https://registry.npmjs.org/@smithy%2fnode-http-handler cache-miss
2960 silly fetch manifest @smithy/fetch-http-handler@^5.8.0
2961 silly packumentCache full:https://registry.npmjs.org/@smithy%2ffetch-http-handler cache-miss
2962 http fetch GET 200 https://registry.npmjs.org/bowser 35ms (cache miss)
2963 silly packumentCache full:https://registry.npmjs.org/bowser set size:undefined disposed:false
2964 silly fetch manifest @aws-sdk/signature-v4-multi-region@^3.996.47
2965 silly packumentCache full:https://registry.npmjs.org/@aws-sdk%2fsignature-v4-multi-region cache-miss
2966 http fetch GET 200 https://registry.npmjs.org/@smithy%2fsignature-v4 35ms (cache miss)
2967 silly packumentCache full:https://registry.npmjs.org/@smithy%2fsignature-v4 set size:undefined disposed:false
2968 http fetch GET 200 https://registry.npmjs.org/@smithy%2fnode-http-handler 36ms (cache miss)
2969 silly packumentCache full:https://registry.npmjs.org/@smithy%2fnode-http-handler set size:undefined disposed:false
2970 http fetch GET 200 https://registry.npmjs.org/@aws%2flambda-invoke-store 38ms (cache miss)
2971 silly packumentCache full:https://registry.npmjs.org/@aws%2flambda-invoke-store set size:undefined disposed:false
2972 http fetch GET 200 https://registry.npmjs.org/@smithy%2fnode-http-handler 38ms (cache miss)
2973 silly packumentCache full:https://registry.npmjs.org/@smithy%2fnode-http-handler set size:undefined disposed:false
2974 http fetch GET 200 https://registry.npmjs.org/@smithy%2ffetch-http-handler 39ms (cache miss)
2975 silly packumentCache full:https://registry.npmjs.org/@smithy%2ffetch-http-handler set size:undefined disposed:false
2976 http fetch GET 200 https://registry.npmjs.org/@aws-sdk%2fxml-builder 41ms (cache miss)
2977 silly packumentCache full:https://registry.npmjs.org/@aws-sdk%2fxml-builder set size:undefined disposed:false
2978 http fetch GET 200 https://registry.npmjs.org/@smithy%2ffetch-http-handler 41ms (cache miss)
2979 silly packumentCache full:https://registry.npmjs.org/@smithy%2ffetch-http-handler set size:undefined disposed:false
2980 http fetch GET 200 https://registry.npmjs.org/@aws-sdk%2ftoken-providers 58ms (cache miss)
2981 silly packumentCache full:https://registry.npmjs.org/@aws-sdk%2ftoken-providers set size:undefined disposed:false
2982 http fetch GET 200 https://registry.npmjs.org/@aws-sdk%2fsignature-v4-multi-region 222ms (cache miss)
2983 silly packumentCache full:https://registry.npmjs.org/@aws-sdk%2fsignature-v4-multi-region set size:undefined disposed:false
2984 silly placeDep ROOT @aws-sdk/xml-builder@3.972.41 OK for: @aws-sdk/core@3.978.1 want: ^3.972.41
2985 silly placeDep ROOT @aws/lambda-invoke-store@0.3.0 OK for: @aws-sdk/core@3.978.1 want: ^0.3.0
2986 silly placeDep ROOT @smithy/signature-v4@5.7.4 OK for: @aws-sdk/core@3.978.1 want: ^5.7.3
2987 silly placeDep ROOT bowser@2.14.1 OK for: @aws-sdk/core@3.978.1 want: ^2.11.0
2988 silly placeDep ROOT @smithy/fetch-http-handler@5.8.0 OK for: @aws-sdk/credential-provider-http@3.972.74 want: ^5.8.0
2989 silly placeDep ROOT @smithy/node-http-handler@4.12.1 OK for: @aws-sdk/credential-provider-http@3.972.74 want: ^4.12.1
2990 silly placeDep ROOT @aws-sdk/token-providers@3.1138.0 OK for: @aws-sdk/credential-provider-sso@3.973.16 want: 3.1138.0
2991 silly placeDep ROOT @aws-sdk/signature-v4-multi-region@3.996.47 OK for: @aws-sdk/nested-clients@3.997.46 want: ^3.996.47
2992 silly placeDep ROOT @libsql/core@0.17.4 OK for: @libsql/client@0.17.4 want: ^0.17.4
2993 silly placeDep ROOT @libsql/hrana-client@0.10.0 OK for: @libsql/client@0.17.4 want: ^0.10.0
2994 silly placeDep ROOT js-base64@3.9.4 OK for: @libsql/client@0.17.4 want: ^3.7.5
2995 silly placeDep ROOT libsql@0.5.29 OK for: @libsql/client@0.17.4 want: ^0.5.28
2996 silly placeDep ROOT promise-limit@2.7.0 OK for: @libsql/client@0.17.4 want: ^2.7.0
2997 silly fetch manifest @libsql/isomorphic-ws@^0.1.5
2998 silly packumentCache full:https://registry.npmjs.org/@libsql%2fisomorphic-ws cache-miss
2999 silly fetch manifest detect-libc@2.0.2
3000 silly packumentCache full:https://registry.npmjs.org/detect-libc cache-miss
3001 silly fetch manifest @neon-rs/load@^0.0.4
3002 silly packumentCache full:https://registry.npmjs.org/@neon-rs%2fload cache-miss
3003 silly fetch manifest @libsql/darwin-x64@0.5.29
3004 silly packumentCache full:https://registry.npmjs.org/@libsql%2fdarwin-x64 cache-miss
3005 silly fetch manifest @libsql/darwin-arm64@0.5.29
3006 silly packumentCache full:https://registry.npmjs.org/@libsql%2fdarwin-arm64 cache-miss
3007 silly fetch manifest @libsql/linux-x64-gnu@0.5.29
3008 silly packumentCache full:https://registry.npmjs.org/@libsql%2flinux-x64-gnu cache-miss
3009 silly fetch manifest @libsql/linux-x64-musl@0.5.29
3010 silly packumentCache full:https://registry.npmjs.org/@libsql%2flinux-x64-musl cache-miss
3011 silly fetch manifest @libsql/win32-x64-msvc@0.5.29
3012 silly packumentCache full:https://registry.npmjs.org/@libsql%2fwin32-x64-msvc cache-miss
3013 silly fetch manifest @libsql/linux-arm64-gnu@0.5.29
3014 silly packumentCache full:https://registry.npmjs.org/@libsql%2flinux-arm64-gnu cache-miss
3015 http cache https://registry.npmjs.org/detect-libc 4ms (cache hit)
3016 silly packumentCache full:https://registry.npmjs.org/detect-libc set size:47861 disposed:false
3017 silly fetch manifest @libsql/linux-arm64-musl@0.5.29
3018 silly packumentCache full:https://registry.npmjs.org/@libsql%2flinux-arm64-musl cache-miss
3019 http fetch GET 200 https://registry.npmjs.org/@libsql%2fdarwin-x64 197ms (cache miss)
3020 silly packumentCache full:https://registry.npmjs.org/@libsql%2fdarwin-x64 set size:undefined disposed:false
3021 silly fetch manifest @libsql/linux-arm-gnueabihf@0.5.29
3022 silly packumentCache full:https://registry.npmjs.org/@libsql%2flinux-arm-gnueabihf cache-miss
3023 http fetch GET 200 https://registry.npmjs.org/@libsql%2fdarwin-arm64 199ms (cache miss)
3024 silly packumentCache full:https://registry.npmjs.org/@libsql%2fdarwin-arm64 set size:undefined disposed:false
3025 silly fetch manifest @libsql/linux-arm-musleabihf@0.5.29
3026 silly packumentCache full:https://registry.npmjs.org/@libsql%2flinux-arm-musleabihf cache-miss
3027 http fetch GET 200 https://registry.npmjs.org/@libsql%2fisomorphic-ws 206ms (cache miss)
3028 silly packumentCache full:https://registry.npmjs.org/@libsql%2fisomorphic-ws set size:undefined disposed:false
3029 http fetch GET 200 https://registry.npmjs.org/@libsql%2flinux-x64-musl 209ms (cache miss)
3030 silly packumentCache full:https://registry.npmjs.org/@libsql%2flinux-x64-musl set size:undefined disposed:false
3031 http fetch GET 200 https://registry.npmjs.org/@libsql%2fwin32-x64-msvc 212ms (cache miss)
3032 silly packumentCache full:https://registry.npmjs.org/@libsql%2fwin32-x64-msvc set size:undefined disposed:false
3033 http fetch GET 200 https://registry.npmjs.org/@libsql%2flinux-arm64-musl 220ms (cache miss)
3034 silly packumentCache full:https://registry.npmjs.org/@libsql%2flinux-arm64-musl set size:undefined disposed:false
3035 http fetch GET 200 https://registry.npmjs.org/@neon-rs%2fload 238ms (cache miss)
3036 silly packumentCache full:https://registry.npmjs.org/@neon-rs%2fload set size:undefined disposed:false
3037 http fetch GET 200 https://registry.npmjs.org/@libsql%2flinux-arm64-gnu 443ms (cache miss)
3038 silly packumentCache full:https://registry.npmjs.org/@libsql%2flinux-arm64-gnu set size:undefined disposed:false
3039 http fetch GET 200 https://registry.npmjs.org/@libsql%2flinux-arm-gnueabihf 432ms (cache miss)
3040 silly packumentCache full:https://registry.npmjs.org/@libsql%2flinux-arm-gnueabihf set size:undefined disposed:false
3041 http fetch GET 200 https://registry.npmjs.org/@libsql%2flinux-arm-musleabihf 431ms (cache miss)
3042 silly packumentCache full:https://registry.npmjs.org/@libsql%2flinux-arm-musleabihf set size:undefined disposed:false
3043 http fetch GET 200 https://registry.npmjs.org/@libsql%2flinux-x64-gnu 636ms (cache miss)
3044 silly packumentCache full:https://registry.npmjs.org/@libsql%2flinux-x64-gnu set size:undefined disposed:false
3045 silly placeDep ROOT @libsql/isomorphic-ws@0.1.5 OK for: @libsql/hrana-client@0.10.0 want: ^0.1.5
3046 silly fetch manifest @types/ws@^8.5.4
3047 silly packumentCache full:https://registry.npmjs.org/@types%2fws cache-miss
3048 http fetch GET 200 https://registry.npmjs.org/@types%2fws 33ms (cache miss)
3049 silly packumentCache full:https://registry.npmjs.org/@types%2fws set size:undefined disposed:false
3050 silly placeDep ROOT @types/ws@8.18.2 OK for: @libsql/isomorphic-ws@0.1.5 want: ^8.5.4
3051 silly placeDep ROOT @octokit/core@7.0.8 OK for: @octokit/rest@22.0.1 want: ^7.0.6
3052 silly placeDep ROOT @octokit/plugin-paginate-rest@14.0.0 OK for: @octokit/rest@22.0.1 want: ^14.0.0
3053 silly placeDep ROOT @octokit/plugin-request-log@6.0.0 OK for: @octokit/rest@22.0.1 want: ^6.0.0
3054 silly placeDep ROOT @octokit/plugin-rest-endpoint-methods@17.0.0 OK for: @octokit/rest@22.0.1 want: ^17.0.0
3055 silly fetch manifest @octokit/types@^18.0.0
3056 silly packumentCache full:https://registry.npmjs.org/@octokit%2ftypes cache-miss
3057 silly fetch manifest @octokit/graphql@^9.0.5
3058 silly packumentCache full:https://registry.npmjs.org/@octokit%2fgraphql cache-miss
3059 silly fetch manifest @octokit/request@^10.0.16
3060 silly packumentCache full:https://registry.npmjs.org/@octokit%2frequest cache-miss
3061 silly fetch manifest before-after-hook@^4.0.0
3062 silly packumentCache full:https://registry.npmjs.org/before-after-hook cache-miss
3063 silly fetch manifest @octokit/auth-token@^6.0.0
3064 silly packumentCache full:https://registry.npmjs.org/@octokit%2fauth-token cache-miss
3065 silly fetch manifest universal-user-agent@^7.0.0
3066 silly packumentCache full:https://registry.npmjs.org/universal-user-agent cache-miss
3067 silly fetch manifest @octokit/request-error@^7.1.2
3068 silly packumentCache full:https://registry.npmjs.org/@octokit%2frequest-error cache-miss
3069 silly fetch manifest @octokit/types@^16.0.0
3070 silly packumentCache full:https://registry.npmjs.org/@octokit%2ftypes cache-miss
3071 silly fetch manifest @octokit/types@^16.0.0
3072 silly packumentCache full:https://registry.npmjs.org/@octokit%2ftypes cache-miss
3073 http cache https://registry.npmjs.org/@octokit%2frequest-error 5ms (cache hit)
3074 silly packumentCache full:https://registry.npmjs.org/@octokit%2frequest-error set size:133989 disposed:false
3075 http fetch GET 200 https://registry.npmjs.org/before-after-hook 30ms (cache miss)
3076 silly packumentCache full:https://registry.npmjs.org/before-after-hook set size:undefined disposed:false
3077 http fetch GET 200 https://registry.npmjs.org/@octokit%2fauth-token 41ms (cache miss)
3078 silly packumentCache full:https://registry.npmjs.org/@octokit%2fauth-token set size:undefined disposed:false
3079 http fetch GET 200 https://registry.npmjs.org/@octokit%2fgraphql 44ms (cache miss)
3080 silly packumentCache full:https://registry.npmjs.org/@octokit%2fgraphql set size:undefined disposed:false
3081 http fetch GET 200 https://registry.npmjs.org/@octokit%2ftypes 59ms (cache miss)
3082 silly packumentCache full:https://registry.npmjs.org/@octokit%2ftypes set size:undefined disposed:false
3083 http fetch GET 200 https://registry.npmjs.org/@octokit%2frequest 65ms (cache miss)
3084 silly packumentCache full:https://registry.npmjs.org/@octokit%2frequest set size:undefined disposed:false
3085 http fetch GET 200 https://registry.npmjs.org/@octokit%2ftypes 69ms (cache miss)
3086 silly packumentCache full:https://registry.npmjs.org/@octokit%2ftypes set size:undefined disposed:false
3087 http fetch GET 200 https://registry.npmjs.org/@octokit%2ftypes 71ms (cache miss)
3088 silly packumentCache full:https://registry.npmjs.org/@octokit%2ftypes set size:undefined disposed:false
3089 http fetch GET 200 https://registry.npmjs.org/universal-user-agent 91ms (cache miss)
3090 silly packumentCache full:https://registry.npmjs.org/universal-user-agent set size:undefined disposed:false
3091 silly placeDep ROOT @octokit/auth-token@6.0.0 OK for: @octokit/core@7.0.8 want: ^6.0.0
3092 silly placeDep ROOT @octokit/graphql@9.0.5 OK for: @octokit/core@7.0.8 want: ^9.0.5
3093 silly placeDep ROOT @octokit/request@10.0.16 OK for: @octokit/core@7.0.8 want: ^10.0.16
3094 silly placeDep ROOT @octokit/request-error@7.1.2 OK for: @octokit/core@7.0.8 want: ^7.1.2
3095 silly placeDep ROOT @octokit/types@18.0.0 OK for: @octokit/core@7.0.8 want: ^18.0.0
3096 silly placeDep ROOT before-after-hook@4.0.0 OK for: @octokit/core@7.0.8 want: ^4.0.0
3097 silly placeDep ROOT universal-user-agent@7.0.3 OK for: @octokit/core@7.0.8 want: ^7.0.0
3098 silly fetch manifest content-type@^3.0.0
3099 silly packumentCache full:https://registry.npmjs.org/content-type cache-miss
3100 silly fetch manifest json-with-bigint@^3.5.12
3101 silly packumentCache full:https://registry.npmjs.org/json-with-bigint cache-miss
3102 silly fetch manifest @octokit/endpoint@^11.0.5
3103 silly packumentCache full:https://registry.npmjs.org/@octokit%2fendpoint cache-miss
3104 silly fetch manifest universal-user-agent@^7.0.2
3105 silly packumentCache full:https://registry.npmjs.org/universal-user-agent cache-miss
3106 silly fetch manifest @octokit/openapi-types@^29.0.1
3107 silly packumentCache full:https://registry.npmjs.org/@octokit%2fopenapi-types cache-miss
3108 http cache https://registry.npmjs.org/universal-user-agent 3ms (cache hit)
3109 silly packumentCache full:https://registry.npmjs.org/universal-user-agent set size:44336 disposed:false
3110 http fetch GET 200 https://registry.npmjs.org/content-type 25ms (cache miss)
3111 silly packumentCache full:https://registry.npmjs.org/content-type set size:undefined disposed:false
3112 http fetch GET 200 https://registry.npmjs.org/json-with-bigint 26ms (cache miss)
3113 silly packumentCache full:https://registry.npmjs.org/json-with-bigint set size:undefined disposed:false
3114 http fetch GET 200 https://registry.npmjs.org/@octokit%2fendpoint 47ms (cache miss)
3115 silly packumentCache full:https://registry.npmjs.org/@octokit%2fendpoint set size:undefined disposed:false
3116 http fetch GET 200 https://registry.npmjs.org/@octokit%2fopenapi-types 50ms (cache miss)
3117 silly packumentCache full:https://registry.npmjs.org/@octokit%2fopenapi-types set size:undefined disposed:false
3118 silly placeDep node_modules/@octokit/plugin-paginate-rest @octokit/types@16.0.0 OK for: @octokit/plugin-paginate-rest@14.0.0 want: ^16.0.0
3119 silly fetch manifest @octokit/openapi-types@^27.0.0
3120 silly packumentCache full:https://registry.npmjs.org/@octokit%2fopenapi-types cache-miss
3121 http cache https://registry.npmjs.org/@octokit%2fopenapi-types 2ms (cache hit)
3122 silly packumentCache full:https://registry.npmjs.org/@octokit%2fopenapi-types set size:402155 disposed:false
3123 silly placeDep node_modules/@octokit/plugin-rest-endpoint-methods @octokit/types@16.0.0 OK for: @octokit/plugin-rest-endpoint-methods@17.0.0 want: ^16.0.0
3124 silly placeDep ROOT @octokit/endpoint@11.0.5 OK for: @octokit/request@10.0.16 want: ^11.0.5
3125 silly placeDep ROOT content-type@3.1.1 OK for: @octokit/request@10.0.16 want: ^3.0.0
3126 silly placeDep ROOT json-with-bigint@3.5.12 OK for: @octokit/request@10.0.16 want: ^3.5.12
3127 silly placeDep ROOT @octokit/openapi-types@29.0.1 OK for: @octokit/types@18.0.0 want: ^29.0.1
3128 silly placeDep ROOT @octokit/openapi-webhooks-types@12.1.0 OK for: @octokit/webhooks@14.2.0 want: 12.1.0
3129 silly placeDep ROOT @octokit/webhooks-methods@6.0.0 OK for: @octokit/webhooks@14.2.0 want: ^6.0.0
3130 silly fetch manifest typescript@>=5
3131 silly packumentCache full:https://registry.npmjs.org/typescript cache-miss
3132 http cache https://registry.npmjs.org/typescript 15ms (cache hit)
3133 silly packumentCache full:https://registry.npmjs.org/typescript set size:15770879 disposed:false
3134 silly placeDep ROOT @electric-sql/pglite@0.3.15 OK for: @prisma/dev@0.20.0 want: 0.3.15
3135 silly placeDep ROOT @electric-sql/pglite-socket@0.0.20 OK for: @prisma/dev@0.20.0 want: 0.0.20
3136 silly placeDep ROOT @electric-sql/pglite-tools@0.2.20 OK for: @prisma/dev@0.20.0 want: 0.2.20
3137 silly placeDep ROOT @hono/node-server@1.19.9 OK for: @prisma/dev@0.20.0 want: 1.19.9
3138 silly placeDep ROOT hono@4.11.4 OK for: @hono/node-server@1.19.9 want: ^4
3139 silly placeDep ROOT @mrleebo/prisma-ast@0.13.1 OK for: @prisma/dev@0.20.0 want: 0.13.1
3140 silly placeDep ROOT @prisma/get-platform@7.2.0 OK for: @prisma/dev@0.20.0 want: 7.2.0
3141 silly placeDep ROOT @prisma/query-plan-executor@7.2.0 OK for: @prisma/dev@0.20.0 want: 7.2.0
3142 silly placeDep ROOT foreground-child@3.3.1 OK for: @prisma/dev@0.20.0 want: 3.3.1
3143 silly placeDep ROOT get-port-please@3.2.0 OK for: @prisma/dev@0.20.0 want: 3.2.0
3144 silly placeDep ROOT http-status-codes@2.3.0 OK for: @prisma/dev@0.20.0 want: 2.3.0
3145 silly placeDep ROOT proper-lockfile@4.1.2 OK for: @prisma/dev@0.20.0 want: 4.1.2
3146 silly placeDep ROOT remeda@2.33.4 OK for: @prisma/dev@0.20.0 want: 2.33.4
3147 silly placeDep node_modules/@prisma/dev std-env@3.10.0 OK for: @prisma/dev@0.20.0 want: 3.10.0
3148 silly placeDep ROOT valibot@1.2.0 OK for: @prisma/dev@0.20.0 want: 1.2.0
3149 silly placeDep ROOT zeptomatch@2.1.0 OK for: @prisma/dev@0.20.0 want: 2.1.0
3150 silly fetch manifest lilconfig@^2.1.0
3151 silly packumentCache full:https://registry.npmjs.org/lilconfig cache-miss
3152 silly fetch manifest chevrotain@^10.5.0
3153 silly packumentCache full:https://registry.npmjs.org/chevrotain cache-miss
3154 silly fetch manifest @prisma/debug@7.2.0
3155 silly packumentCache full:https://registry.npmjs.org/@prisma%2fdebug cache-miss
3156 silly fetch manifest retry@^0.12.0
3157 silly packumentCache full:https://registry.npmjs.org/retry cache-miss
3158 silly fetch manifest signal-exit@^3.0.2
3159 silly packumentCache full:https://registry.npmjs.org/signal-exit cache-miss
3160 silly fetch manifest grammex@^3.1.11
3161 silly packumentCache full:https://registry.npmjs.org/grammex cache-miss
3162 silly fetch manifest graphmatch@^1.1.0
3163 silly packumentCache full:https://registry.npmjs.org/graphmatch cache-miss
3164 http cache https://registry.npmjs.org/signal-exit 2ms (cache hit)
3165 silly packumentCache full:https://registry.npmjs.org/signal-exit set size:53489 disposed:false
3166 http cache https://registry.npmjs.org/retry 3ms (cache hit)
3167 silly packumentCache full:https://registry.npmjs.org/retry set size:31161 disposed:false
3168 http fetch GET 200 https://registry.npmjs.org/lilconfig 20ms (cache miss)
3169 silly packumentCache full:https://registry.npmjs.org/lilconfig set size:undefined disposed:false
3170 http fetch GET 200 https://registry.npmjs.org/grammex 21ms (cache miss)
3171 silly packumentCache full:https://registry.npmjs.org/grammex set size:undefined disposed:false
3172 http fetch GET 200 https://registry.npmjs.org/chevrotain 244ms (cache miss)
3173 silly packumentCache full:https://registry.npmjs.org/chevrotain set size:undefined disposed:false
3174 http fetch GET 200 https://registry.npmjs.org/graphmatch 253ms (cache miss)
3175 silly packumentCache full:https://registry.npmjs.org/graphmatch set size:undefined disposed:false
3176 http fetch GET 200 https://registry.npmjs.org/@prisma%2fdebug 678ms (cache miss)
3177 silly packumentCache full:https://registry.npmjs.org/@prisma%2fdebug set size:undefined disposed:false
3178 silly placeDep ROOT chevrotain@10.5.0 OK for: @mrleebo/prisma-ast@0.13.1 want: ^10.5.0
3179 silly placeDep ROOT lilconfig@2.1.0 OK for: @mrleebo/prisma-ast@0.13.1 want: ^2.1.0
3180 silly fetch manifest lodash@4.17.21
3181 silly packumentCache full:https://registry.npmjs.org/lodash cache-miss
3182 silly fetch manifest regexp-to-ast@0.5.0
3183 silly packumentCache full:https://registry.npmjs.org/regexp-to-ast cache-miss
3184 silly fetch manifest @chevrotain/gast@10.5.0
3185 silly packumentCache full:https://registry.npmjs.org/@chevrotain%2fgast cache-miss
3186 silly fetch manifest @chevrotain/types@10.5.0
3187 silly packumentCache full:https://registry.npmjs.org/@chevrotain%2ftypes cache-miss
3188 silly fetch manifest @chevrotain/utils@10.5.0
3189 silly packumentCache full:https://registry.npmjs.org/@chevrotain%2futils cache-miss
3190 silly fetch manifest @chevrotain/cst-dts-gen@10.5.0
3191 silly packumentCache full:https://registry.npmjs.org/@chevrotain%2fcst-dts-gen cache-miss
3192 http fetch GET 200 https://registry.npmjs.org/regexp-to-ast 21ms (cache miss)
3193 silly packumentCache full:https://registry.npmjs.org/regexp-to-ast set size:undefined disposed:false
3194 http fetch GET 200 https://registry.npmjs.org/lodash 30ms (cache miss)
3195 silly packumentCache full:https://registry.npmjs.org/lodash set size:undefined disposed:false
3196 http fetch GET 200 https://registry.npmjs.org/@chevrotain%2fcst-dts-gen 408ms (cache miss)
3197 silly packumentCache full:https://registry.npmjs.org/@chevrotain%2fcst-dts-gen set size:undefined disposed:false
3198 http fetch GET 200 https://registry.npmjs.org/@chevrotain%2fgast 409ms (cache miss)
3199 silly packumentCache full:https://registry.npmjs.org/@chevrotain%2fgast set size:undefined disposed:false
3200 http fetch GET 200 https://registry.npmjs.org/@chevrotain%2ftypes 438ms (cache miss)
3201 silly packumentCache full:https://registry.npmjs.org/@chevrotain%2ftypes set size:undefined disposed:false
3202 http fetch GET 200 https://registry.npmjs.org/@chevrotain%2futils 734ms (cache miss)
3203 silly packumentCache full:https://registry.npmjs.org/@chevrotain%2futils set size:undefined disposed:false
3204 silly placeDep ROOT @prisma/debug@7.2.0 OK for: @prisma/get-platform@7.2.0 want: 7.2.0
3205 silly placeDep ROOT @chevrotain/cst-dts-gen@10.5.0 OK for: chevrotain@10.5.0 want: 10.5.0
3206 silly placeDep ROOT @chevrotain/gast@10.5.0 OK for: chevrotain@10.5.0 want: 10.5.0
3207 silly placeDep ROOT @chevrotain/types@10.5.0 OK for: chevrotain@10.5.0 want: 10.5.0
3208 silly placeDep ROOT @chevrotain/utils@10.5.0 OK for: chevrotain@10.5.0 want: 10.5.0
3209 silly placeDep ROOT lodash@4.17.21 OK for: chevrotain@10.5.0 want: 4.17.21
3210 silly placeDep ROOT regexp-to-ast@0.5.0 OK for: chevrotain@10.5.0 want: 0.5.0
3211 silly placeDep ROOT libsodium@0.8.4 OK for: libsodium-wrappers@0.8.4 want: ^0.8.0
3212 silly placeDep ROOT @libsql/darwin-arm64@0.5.29 OK for: libsql@0.5.29 want: 0.5.29
3213 silly placeDep ROOT @libsql/darwin-x64@0.5.29 OK for: libsql@0.5.29 want: 0.5.29
3214 silly placeDep ROOT @libsql/linux-arm-gnueabihf@0.5.29 OK for: libsql@0.5.29 want: 0.5.29
3215 silly placeDep ROOT @libsql/linux-arm-musleabihf@0.5.29 OK for: libsql@0.5.29 want: 0.5.29
3216 silly placeDep ROOT @libsql/linux-arm64-gnu@0.5.29 OK for: libsql@0.5.29 want: 0.5.29
3217 silly placeDep ROOT @libsql/linux-arm64-musl@0.5.29 OK for: libsql@0.5.29 want: 0.5.29
3218 silly placeDep ROOT @libsql/linux-x64-gnu@0.5.29 OK for: libsql@0.5.29 want: 0.5.29
3219 silly placeDep ROOT @libsql/linux-x64-musl@0.5.29 OK for: libsql@0.5.29 want: 0.5.29
3220 silly placeDep ROOT @libsql/win32-x64-msvc@0.5.29 OK for: libsql@0.5.29 want: 0.5.29
3221 silly placeDep ROOT @neon-rs/load@0.0.4 OK for: libsql@0.5.29 want: ^0.0.4
3222 silly placeDep node_modules/libsql detect-libc@2.0.2 OK for: libsql@0.5.29 want: 2.0.2
3223 silly placeDep node_modules/proper-lockfile retry@0.12.0 OK for: proper-lockfile@4.1.2 want: ^0.12.0
3224 silly placeDep node_modules/proper-lockfile signal-exit@3.0.7 OK for: proper-lockfile@4.1.2 want: ^3.0.2
3225 silly placeDep node_modules/react-reconciler scheduler@0.28.0 OK for: react-reconciler@0.34.0 want: ^0.28.0
3226 silly placeDep ROOT grammex@3.1.13 OK for: zeptomatch@2.1.0 want: ^3.1.11
3227 silly placeDep ROOT graphmatch@1.1.1 OK for: zeptomatch@2.1.0 want: ^1.1.0
3228 silly placeDep node_modules/@alchemy.run/node-utils @oxc-project/types@0.146.0 OK for: rolldown@1.2.5 want: =0.146.0
3229 silly placeDep node_modules/@alchemy.run/node-utils @rolldown/binding-android-arm-eabi@1.2.5 OK for: rolldown@1.2.5 want: 1.2.5
3230 silly placeDep node_modules/@alchemy.run/node-utils @rolldown/binding-android-arm64@1.2.5 OK for: rolldown@1.2.5 want: 1.2.5
3231 silly placeDep node_modules/@alchemy.run/node-utils @rolldown/binding-darwin-arm64@1.2.5 OK for: rolldown@1.2.5 want: 1.2.5
3232 silly placeDep node_modules/@alchemy.run/node-utils @rolldown/binding-darwin-x64@1.2.5 OK for: rolldown@1.2.5 want: 1.2.5
3233 silly placeDep node_modules/@alchemy.run/node-utils @rolldown/binding-freebsd-x64@1.2.5 OK for: rolldown@1.2.5 want: 1.2.5
3234 silly placeDep node_modules/@alchemy.run/node-utils @rolldown/binding-linux-arm-gnueabihf@1.2.5 OK for: rolldown@1.2.5 want: 1.2.5
3235 silly placeDep node_modules/@alchemy.run/node-utils @rolldown/binding-linux-arm64-gnu@1.2.5 OK for: rolldown@1.2.5 want: 1.2.5
3236 silly placeDep node_modules/@alchemy.run/node-utils @rolldown/binding-linux-arm64-musl@1.2.5 OK for: rolldown@1.2.5 want: 1.2.5
3237 silly placeDep node_modules/@alchemy.run/node-utils @rolldown/binding-linux-ppc64-gnu@1.2.5 OK for: rolldown@1.2.5 want: 1.2.5
3238 silly placeDep node_modules/@alchemy.run/node-utils @rolldown/binding-linux-s390x-gnu@1.2.5 OK for: rolldown@1.2.5 want: 1.2.5
3239 silly placeDep node_modules/@alchemy.run/node-utils @rolldown/binding-linux-x64-gnu@1.2.5 OK for: rolldown@1.2.5 want: 1.2.5
3240 silly placeDep node_modules/@alchemy.run/node-utils @rolldown/binding-linux-x64-musl@1.2.5 OK for: rolldown@1.2.5 want: 1.2.5
3241 silly placeDep node_modules/@alchemy.run/node-utils @rolldown/binding-openharmony-arm64@1.2.5 OK for: rolldown@1.2.5 want: 1.2.5
3242 silly placeDep node_modules/@alchemy.run/node-utils @rolldown/binding-win32-arm64-msvc@1.2.5 OK for: rolldown@1.2.5 want: 1.2.5
3243 silly placeDep node_modules/@alchemy.run/node-utils @rolldown/binding-win32-x64-msvc@1.2.5 OK for: rolldown@1.2.5 want: 1.2.5
3244 silly placeDep node_modules/@octokit/plugin-paginate-rest @octokit/openapi-types@27.0.0 OK for: @octokit/types@16.0.0 want: ^27.0.0
3245 silly placeDep node_modules/@octokit/plugin-rest-endpoint-methods @octokit/openapi-types@27.0.0 OK for: @octokit/types@16.0.0 want: ^27.0.0
3246 silly placeDep node_modules/@prisma/composer-cli @oxc-project/types@0.146.0 OK for: rolldown@1.2.5 want: =0.146.0
3247 silly placeDep node_modules/@prisma/composer-cli @rolldown/binding-android-arm-eabi@1.2.5 OK for: rolldown@1.2.5 want: 1.2.5
3248 silly placeDep node_modules/@prisma/composer-cli @rolldown/binding-android-arm64@1.2.5 OK for: rolldown@1.2.5 want: 1.2.5
3249 silly placeDep node_modules/@prisma/composer-cli @rolldown/binding-darwin-arm64@1.2.5 OK for: rolldown@1.2.5 want: 1.2.5
3250 silly placeDep node_modules/@prisma/composer-cli @rolldown/binding-darwin-x64@1.2.5 OK for: rolldown@1.2.5 want: 1.2.5
3251 silly placeDep node_modules/@prisma/composer-cli @rolldown/binding-freebsd-x64@1.2.5 OK for: rolldown@1.2.5 want: 1.2.5
3252 silly placeDep node_modules/@prisma/composer-cli @rolldown/binding-linux-arm-gnueabihf@1.2.5 OK for: rolldown@1.2.5 want: 1.2.5
3253 silly placeDep node_modules/@prisma/composer-cli @rolldown/binding-linux-arm64-gnu@1.2.5 OK for: rolldown@1.2.5 want: 1.2.5
3254 silly placeDep node_modules/@prisma/composer-cli @rolldown/binding-linux-arm64-musl@1.2.5 OK for: rolldown@1.2.5 want: 1.2.5
3255 silly placeDep node_modules/@prisma/composer-cli @rolldown/binding-linux-ppc64-gnu@1.2.5 OK for: rolldown@1.2.5 want: 1.2.5
3256 silly placeDep node_modules/@prisma/composer-cli @rolldown/binding-linux-s390x-gnu@1.2.5 OK for: rolldown@1.2.5 want: 1.2.5
3257 silly placeDep node_modules/@prisma/composer-cli @rolldown/binding-linux-x64-gnu@1.2.5 OK for: rolldown@1.2.5 want: 1.2.5
3258 silly placeDep node_modules/@prisma/composer-cli @rolldown/binding-linux-x64-musl@1.2.5 OK for: rolldown@1.2.5 want: 1.2.5
3259 silly placeDep node_modules/@prisma/composer-cli @rolldown/binding-openharmony-arm64@1.2.5 OK for: rolldown@1.2.5 want: 1.2.5
3260 silly placeDep node_modules/@prisma/composer-cli @rolldown/binding-win32-arm64-msvc@1.2.5 OK for: rolldown@1.2.5 want: 1.2.5
3261 silly placeDep node_modules/@prisma/composer-cli @rolldown/binding-win32-x64-msvc@1.2.5 OK for: rolldown@1.2.5 want: 1.2.5
3262 silly placeDep node_modules/@prisma/composer/node_modules/alchemy @alchemy.run/cloudflare-runtime@2.0.0-beta.78 CONFLICT for: alchemy@2.0.0-beta.78 want: 2.0.0-beta.78
3263 silly placeDep node_modules/@prisma/composer/node_modules/alchemy @distilled.cloud/cloudflare@1.0.0-rc.12 CONFLICT for: @alchemy.run/cloudflare-runtime@2.0.0-beta.78 want: 1.0.0-rc.12
3264 silly placeDep node_modules/@prisma/composer rolldown@1.2.5 OK for: @alchemy.run/cloudflare-runtime@2.0.0-beta.78 want: 1.2.5
3265 silly placeDep node_modules/@prisma/composer/node_modules/alchemy @alchemy.run/floci@2.0.0-beta.78 CONFLICT for: alchemy@2.0.0-beta.78 want: 2.0.0-beta.78
3266 silly placeDep node_modules/@prisma/composer/node_modules/alchemy @distilled.cloud/aws@1.0.0-rc.12 CONFLICT for: alchemy@2.0.0-beta.78 want: 1.0.0-rc.12
3267 silly placeDep node_modules/@prisma/composer/node_modules/alchemy @distilled.cloud/axiom@1.0.0-rc.12 CONFLICT for: alchemy@2.0.0-beta.78 want: 1.0.0-rc.12
3268 silly placeDep node_modules/@prisma/composer/node_modules/alchemy @distilled.cloud/core@1.0.0-rc.12 CONFLICT for: alchemy@2.0.0-beta.78 want: 1.0.0-rc.12
3269 silly placeDep node_modules/@prisma/composer/node_modules/alchemy @distilled.cloud/fly-io@1.0.0-rc.12 CONFLICT for: alchemy@2.0.0-beta.78 want: 1.0.0-rc.12
3270 silly placeDep node_modules/@prisma/composer/node_modules/alchemy @distilled.cloud/hetzner@1.0.0-rc.12 CONFLICT for: alchemy@2.0.0-beta.78 want: 1.0.0-rc.12
3271 silly placeDep node_modules/@prisma/composer/node_modules/alchemy @distilled.cloud/neon@1.0.0-rc.12 CONFLICT for: alchemy@2.0.0-beta.78 want: 1.0.0-rc.12
3272 silly placeDep node_modules/@prisma/composer/node_modules/alchemy @distilled.cloud/planetscale@1.0.0-rc.12 CONFLICT for: alchemy@2.0.0-beta.78 want: 1.0.0-rc.12
3273 silly placeDep node_modules/@prisma/composer/node_modules/alchemy @distilled.cloud/prisma@1.0.0-rc.12 CONFLICT for: alchemy@2.0.0-beta.78 want: 1.0.0-rc.12
3274 silly placeDep node_modules/@prisma/composer/node_modules/alchemy @distilled.cloud/railway@1.0.0-rc.12 CONFLICT for: alchemy@2.0.0-beta.78 want: 1.0.0-rc.12
3275 silly placeDep node_modules/@prisma/composer/node_modules/alchemy @distilled.cloud/stripe@1.0.0-rc.12 CONFLICT for: alchemy@2.0.0-beta.78 want: 1.0.0-rc.12
3276 silly placeDep node_modules/@prisma/composer @oxc-project/types@0.146.0 OK for: rolldown@1.2.5 want: =0.146.0
3277 silly placeDep node_modules/@prisma/composer @rolldown/binding-android-arm-eabi@1.2.5 OK for: rolldown@1.2.5 want: 1.2.5
3278 silly placeDep node_modules/@prisma/composer @rolldown/binding-android-arm64@1.2.5 OK for: rolldown@1.2.5 want: 1.2.5
3279 silly placeDep node_modules/@prisma/composer @rolldown/binding-darwin-arm64@1.2.5 OK for: rolldown@1.2.5 want: 1.2.5
3280 silly placeDep node_modules/@prisma/composer @rolldown/binding-darwin-x64@1.2.5 OK for: rolldown@1.2.5 want: 1.2.5
3281 silly placeDep node_modules/@prisma/composer @rolldown/binding-freebsd-x64@1.2.5 OK for: rolldown@1.2.5 want: 1.2.5
3282 silly placeDep node_modules/@prisma/composer @rolldown/binding-linux-arm-gnueabihf@1.2.5 OK for: rolldown@1.2.5 want: 1.2.5
3283 silly placeDep node_modules/@prisma/composer @rolldown/binding-linux-arm64-gnu@1.2.5 OK for: rolldown@1.2.5 want: 1.2.5
3284 silly placeDep node_modules/@prisma/composer @rolldown/binding-linux-arm64-musl@1.2.5 OK for: rolldown@1.2.5 want: 1.2.5
3285 silly placeDep node_modules/@prisma/composer @rolldown/binding-linux-ppc64-gnu@1.2.5 OK for: rolldown@1.2.5 want: 1.2.5
3286 silly placeDep node_modules/@prisma/composer @rolldown/binding-linux-s390x-gnu@1.2.5 OK for: rolldown@1.2.5 want: 1.2.5
3287 silly placeDep node_modules/@prisma/composer @rolldown/binding-linux-x64-gnu@1.2.5 OK for: rolldown@1.2.5 want: 1.2.5
3288 silly placeDep node_modules/@prisma/composer @rolldown/binding-linux-x64-musl@1.2.5 OK for: rolldown@1.2.5 want: 1.2.5
3289 silly placeDep node_modules/@prisma/composer @rolldown/binding-openharmony-arm64@1.2.5 OK for: rolldown@1.2.5 want: 1.2.5
3290 silly placeDep node_modules/@prisma/composer @rolldown/binding-win32-arm64-msvc@1.2.5 OK for: rolldown@1.2.5 want: 1.2.5
3291 silly placeDep node_modules/@prisma/composer @rolldown/binding-win32-x64-msvc@1.2.5 OK for: rolldown@1.2.5 want: 1.2.5
3292 silly placeDep node_modules/@prisma/orm-toolchain ansi-regex@6.4.0 OK for: strip-ansi@7.2.0 want: ^6.2.2
3293 silly placeDep node_modules/@prisma/orm-toolchain ansi-styles@6.2.3 OK for: wrap-ansi@10.0.2 want: ^6.2.3
3294 silly placeDep node_modules/@vercel/nft minimatch@10.2.6 OK for: glob@13.0.6 want: ^10.2.2
3295 silly placeDep ROOT path-scurry@2.0.2 OK for: glob@13.0.6 want: ^2.0.2
3296 silly fetch manifest brace-expansion@^5.0.8
3297 silly packumentCache full:https://registry.npmjs.org/brace-expansion cache-miss
3298 silly fetch manifest lru-cache@^11.0.0
3299 silly packumentCache full:https://registry.npmjs.org/lru-cache cache-miss
3300 http fetch GET 200 https://registry.npmjs.org/brace-expansion 19ms (cache miss)
3301 silly packumentCache full:https://registry.npmjs.org/brace-expansion set size:undefined disposed:false
3302 http fetch GET 200 https://registry.npmjs.org/lru-cache 35ms (cache miss)
3303 silly packumentCache full:https://registry.npmjs.org/lru-cache set size:undefined disposed:false
3304 silly placeDep ROOT lru-cache@11.5.3 OK for: path-scurry@2.0.2 want: ^11.0.0
3305 silly placeDep node_modules/@vercel/nft brace-expansion@5.0.12 OK for: minimatch@10.2.6 want: ^5.0.8
3306 silly fetch manifest balanced-match@^4.0.2
3307 silly packumentCache full:https://registry.npmjs.org/balanced-match cache-miss
3308 http fetch GET 200 https://registry.npmjs.org/balanced-match 20ms (cache miss)
3309 silly packumentCache full:https://registry.npmjs.org/balanced-match set size:undefined disposed:false
3310 silly placeDep node_modules/@vercel/nft balanced-match@4.0.4 OK for: brace-expansion@5.0.12 want: ^4.0.2
3311 silly placeDep node_modules/gaxios agent-base@7.1.4 OK for: https-proxy-agent@7.0.6 want: ^7.1.2
3312 silly placeDep ROOT data-uri-to-buffer@4.0.1 OK for: node-fetch@3.3.2 want: ^4.0.0
3313 silly placeDep ROOT fetch-blob@3.2.0 OK for: node-fetch@3.3.2 want: ^3.1.4
3314 silly placeDep ROOT formdata-polyfill@4.0.10 OK for: node-fetch@3.3.2 want: ^4.0.10
3315 silly fetch manifest node-domexception@^1.0.0
3316 silly packumentCache full:https://registry.npmjs.org/node-domexception cache-miss
3317 silly fetch manifest web-streams-polyfill@^3.0.3
3318 silly packumentCache full:https://registry.npmjs.org/web-streams-polyfill cache-miss
3319 http fetch GET 200 https://registry.npmjs.org/web-streams-polyfill 28ms (cache miss)
3320 silly packumentCache full:https://registry.npmjs.org/web-streams-polyfill set size:undefined disposed:false
3321 http fetch GET 200 https://registry.npmjs.org/node-domexception 228ms (cache miss)
3322 silly packumentCache full:https://registry.npmjs.org/node-domexception set size:undefined disposed:false
3323 silly placeDep ROOT node-domexception@1.0.0 OK for: fetch-blob@3.2.0 want: ^1.0.0
3324 silly placeDep ROOT web-streams-polyfill@3.3.3 OK for: fetch-blob@3.2.0 want: ^3.0.3
3325 silly fetch manifest typescript@^5.7.3 || ^6.0.0
3326 silly packumentCache full:https://registry.npmjs.org/typescript cache-miss
3327 http cache https://registry.npmjs.org/typescript 23ms (cache hit)
3328 silly packumentCache full:https://registry.npmjs.org/typescript set size:15770879 disposed:false
3329 silly fetch manifest proxy-agent@>=8.0.1
3330 silly packumentCache full:https://registry.npmjs.org/proxy-agent cache-miss
3331 http fetch GET 200 https://registry.npmjs.org/proxy-agent 18ms (cache miss)
3332 silly packumentCache full:https://registry.npmjs.org/proxy-agent set size:undefined disposed:false
3333 silly placeDep ROOT @cloudflare/unenv-preset@2.16.2 OK for: @alchemy.run/cloudflare-runtime@2.0.0-beta.78 want: ^2.16.1
3334 silly placeDep ROOT unenv@2.0.0-rc.24 OK for: @cloudflare/unenv-preset@2.16.2 want: 2.0.0-rc.24
3335 silly placeDep ROOT @puppeteer/browsers@3.2.4 OK for: @alchemy.run/cloudflare-runtime@2.0.0-beta.78 want: ^3.2.0
3336 silly placeDep node_modules/@prisma/composer-cli capnp-es@0.0.16 OK for: @alchemy.run/cloudflare-runtime@2.0.0-beta.78 want: ^0.0.16
3337 silly placeDep node_modules/@prisma/composer-cli typescript@6.0.3 OK for: capnp-es@0.0.16 want: ^5.7.3 || ^6.0.0
3338 silly placeDep node_modules/@prisma/composer-cli magic-string@0.30.21 OK for: @alchemy.run/cloudflare-runtime@2.0.0-beta.78 want: ^0.30.21
3339 silly placeDep ROOT sharp@0.35.5 OK for: @alchemy.run/cloudflare-runtime@2.0.0-beta.78 want: ^0.35.3
3340 silly placeDep ROOT workerd@1.20260901.1 OK for: @alchemy.run/cloudflare-runtime@2.0.0-beta.78 want: 1.20260901.1
3341 silly placeDep ROOT yauzl@3.4.0 OK for: @alchemy.run/cloudflare-runtime@2.0.0-beta.78 want: ^3.4.0
3342 silly fetch manifest yargs@^18.0.0
3343 silly packumentCache full:https://registry.npmjs.org/yargs cache-miss
3344 silly fetch manifest modern-tar@^0.8.5
3345 silly packumentCache full:https://registry.npmjs.org/modern-tar cache-miss
3346 silly fetch manifest @img/colour@^1.1.0
3347 silly packumentCache full:https://registry.npmjs.org/@img%2fcolour cache-miss
3348 silly fetch manifest @img/sharp-linux-arm@0.35.5
3349 silly packumentCache full:https://registry.npmjs.org/@img%2fsharp-linux-arm cache-miss
3350 silly fetch manifest @img/sharp-linux-x64@0.35.5
3351 silly packumentCache full:https://registry.npmjs.org/@img%2fsharp-linux-x64 cache-miss
3352 silly fetch manifest @img/sharp-win32-x64@0.35.5
3353 silly packumentCache full:https://registry.npmjs.org/@img%2fsharp-win32-x64 cache-miss
3354 silly fetch manifest @img/sharp-darwin-x64@0.35.5
3355 silly packumentCache full:https://registry.npmjs.org/@img%2fsharp-darwin-x64 cache-miss
3356 silly fetch manifest @img/sharp-win32-ia32@0.35.5
3357 silly packumentCache full:https://registry.npmjs.org/@img%2fsharp-win32-ia32 cache-miss
3358 silly fetch manifest @img/sharp-linux-arm64@0.35.5
3359 silly packumentCache full:https://registry.npmjs.org/@img%2fsharp-linux-arm64 cache-miss
3360 http fetch GET 200 https://registry.npmjs.org/@img%2fsharp-linux-arm64 27ms (cache miss)
3361 silly packumentCache full:https://registry.npmjs.org/@img%2fsharp-linux-arm64 set size:undefined disposed:false
3362 silly fetch manifest @img/sharp-linux-ppc64@0.35.5
3363 silly packumentCache full:https://registry.npmjs.org/@img%2fsharp-linux-ppc64 cache-miss
3364 http fetch GET 200 https://registry.npmjs.org/yargs 32ms (cache miss)
3365 silly packumentCache full:https://registry.npmjs.org/yargs set size:undefined disposed:false
3366 silly fetch manifest @img/sharp-linux-s390x@0.35.5
3367 silly packumentCache full:https://registry.npmjs.org/@img%2fsharp-linux-s390x cache-miss
3368 http fetch GET 200 https://registry.npmjs.org/@img%2fsharp-darwin-x64 35ms (cache miss)
3369 silly packumentCache full:https://registry.npmjs.org/@img%2fsharp-darwin-x64 set size:undefined disposed:false
3370 silly fetch manifest @img/sharp-win32-arm64@0.35.5
3371 silly packumentCache full:https://registry.npmjs.org/@img%2fsharp-win32-arm64 cache-miss
3372 http fetch GET 200 https://registry.npmjs.org/@img%2fsharp-linux-arm 37ms (cache miss)
3373 silly packumentCache full:https://registry.npmjs.org/@img%2fsharp-linux-arm set size:undefined disposed:false
3374 silly fetch manifest @img/sharp-darwin-arm64@0.35.5
3375 silly packumentCache full:https://registry.npmjs.org/@img%2fsharp-darwin-arm64 cache-miss
3376 http fetch GET 200 https://registry.npmjs.org/@img%2fsharp-linux-x64 38ms (cache miss)
3377 silly packumentCache full:https://registry.npmjs.org/@img%2fsharp-linux-x64 set size:undefined disposed:false
3378 silly fetch manifest @img/sharp-linux-riscv64@0.35.5
3379 silly packumentCache full:https://registry.npmjs.org/@img%2fsharp-linux-riscv64 cache-miss
3380 http fetch GET 200 https://registry.npmjs.org/@img%2fsharp-linux-ppc64 25ms (cache miss)
3381 silly packumentCache full:https://registry.npmjs.org/@img%2fsharp-linux-ppc64 set size:undefined disposed:false
3382 silly fetch manifest @img/sharp-linuxmusl-x64@0.35.5
3383 silly packumentCache full:https://registry.npmjs.org/@img%2fsharp-linuxmusl-x64 cache-miss
3384 http fetch GET 200 https://registry.npmjs.org/@img%2fsharp-win32-arm64 28ms (cache miss)
3385 silly packumentCache full:https://registry.npmjs.org/@img%2fsharp-win32-arm64 set size:undefined disposed:false
3386 silly fetch manifest @img/sharp-freebsd-wasm32@0.35.5
3387 silly packumentCache full:https://registry.npmjs.org/@img%2fsharp-freebsd-wasm32 cache-miss
3388 http fetch GET 200 https://registry.npmjs.org/@img%2fsharp-darwin-arm64 33ms (cache miss)
3389 silly packumentCache full:https://registry.npmjs.org/@img%2fsharp-darwin-arm64 set size:undefined disposed:false
3390 silly fetch manifest @img/sharp-linuxmusl-arm64@0.35.5
3391 silly packumentCache full:https://registry.npmjs.org/@img%2fsharp-linuxmusl-arm64 cache-miss
3392 http fetch GET 200 https://registry.npmjs.org/@img%2fsharp-linux-s390x 40ms (cache miss)
3393 silly packumentCache full:https://registry.npmjs.org/@img%2fsharp-linux-s390x set size:undefined disposed:false
3394 silly fetch manifest @img/sharp-libvips-linux-arm@1.3.4
3395 silly packumentCache full:https://registry.npmjs.org/@img%2fsharp-libvips-linux-arm cache-miss
3396 http fetch GET 200 https://registry.npmjs.org/@img%2fsharp-linuxmusl-x64 27ms (cache miss)
3397 silly packumentCache full:https://registry.npmjs.org/@img%2fsharp-linuxmusl-x64 set size:undefined disposed:false
3398 silly fetch manifest @img/sharp-libvips-linux-x64@1.3.4
3399 silly packumentCache full:https://registry.npmjs.org/@img%2fsharp-libvips-linux-x64 cache-miss
3400 http fetch GET 200 https://registry.npmjs.org/@img%2fsharp-freebsd-wasm32 33ms (cache miss)
3401 silly packumentCache full:https://registry.npmjs.org/@img%2fsharp-freebsd-wasm32 set size:undefined disposed:false
3402 silly fetch manifest @img/sharp-libvips-darwin-x64@1.3.4
3403 silly packumentCache full:https://registry.npmjs.org/@img%2fsharp-libvips-darwin-x64 cache-miss
3404 http fetch GET 200 https://registry.npmjs.org/@img%2fsharp-libvips-linux-x64 25ms (cache miss)
3405 silly packumentCache full:https://registry.npmjs.org/@img%2fsharp-libvips-linux-x64 set size:undefined disposed:false
3406 silly fetch manifest @img/sharp-libvips-linux-arm64@1.3.4
3407 silly packumentCache full:https://registry.npmjs.org/@img%2fsharp-libvips-linux-arm64 cache-miss
3408 http fetch GET 200 https://registry.npmjs.org/@img%2fsharp-libvips-linux-arm 34ms (cache miss)
3409 silly packumentCache full:https://registry.npmjs.org/@img%2fsharp-libvips-linux-arm set size:undefined disposed:false
3410 silly fetch manifest @img/sharp-libvips-linux-ppc64@1.3.4
3411 silly packumentCache full:https://registry.npmjs.org/@img%2fsharp-libvips-linux-ppc64 cache-miss
3412 http fetch GET 200 https://registry.npmjs.org/@img%2fsharp-win32-ia32 195ms (cache miss)
3413 silly packumentCache full:https://registry.npmjs.org/@img%2fsharp-win32-ia32 set size:undefined disposed:false
3414 silly fetch manifest @img/sharp-libvips-linux-s390x@1.3.4
3415 silly packumentCache full:https://registry.npmjs.org/@img%2fsharp-libvips-linux-s390x cache-miss
3416 http fetch GET 200 https://registry.npmjs.org/@img%2fsharp-win32-x64 221ms (cache miss)
3417 silly packumentCache full:https://registry.npmjs.org/@img%2fsharp-win32-x64 set size:undefined disposed:false
3418 silly fetch manifest @img/sharp-libvips-darwin-arm64@1.3.4
3419 silly packumentCache full:https://registry.npmjs.org/@img%2fsharp-libvips-darwin-arm64 cache-miss
3420 http fetch GET 200 https://registry.npmjs.org/@img%2fsharp-libvips-linux-s390x 34ms (cache miss)
3421 silly packumentCache full:https://registry.npmjs.org/@img%2fsharp-libvips-linux-s390x set size:undefined disposed:false
3422 silly fetch manifest @img/sharp-webcontainers-wasm32@0.35.5
3423 silly packumentCache full:https://registry.npmjs.org/@img%2fsharp-webcontainers-wasm32 cache-miss
3424 http fetch GET 200 https://registry.npmjs.org/modern-tar 236ms (cache miss)
3425 silly packumentCache full:https://registry.npmjs.org/modern-tar set size:undefined disposed:false
3426 silly fetch manifest @img/sharp-libvips-linux-riscv64@1.3.4
3427 silly packumentCache full:https://registry.npmjs.org/@img%2fsharp-libvips-linux-riscv64 cache-miss
3428 http fetch GET 200 https://registry.npmjs.org/@img%2fsharp-libvips-darwin-arm64 26ms (cache miss)
3429 silly packumentCache full:https://registry.npmjs.org/@img%2fsharp-libvips-darwin-arm64 set size:undefined disposed:false
3430 silly fetch manifest @img/sharp-libvips-linuxmusl-x64@1.3.4
3431 silly packumentCache full:https://registry.npmjs.org/@img%2fsharp-libvips-linuxmusl-x64 cache-miss
3432 http fetch GET 200 https://registry.npmjs.org/@img%2fcolour 249ms (cache miss)
3433 silly packumentCache full:https://registry.npmjs.org/@img%2fcolour set size:undefined disposed:false
3434 silly fetch manifest @img/sharp-libvips-linuxmusl-arm64@1.3.4
3435 silly packumentCache full:https://registry.npmjs.org/@img%2fsharp-libvips-linuxmusl-arm64 cache-miss
3436 http fetch GET 200 https://registry.npmjs.org/@img%2fsharp-linuxmusl-arm64 190ms (cache miss)
3437 silly packumentCache full:https://registry.npmjs.org/@img%2fsharp-linuxmusl-arm64 set size:undefined disposed:false
3438 silly fetch manifest @cloudflare/workerd-linux-64@1.20260901.1
3439 silly packumentCache full:https://registry.npmjs.org/@cloudflare%2fworkerd-linux-64 cache-miss
3440 http fetch GET 200 https://registry.npmjs.org/@img%2fsharp-webcontainers-wasm32 33ms (cache miss)
3441 silly packumentCache full:https://registry.npmjs.org/@img%2fsharp-webcontainers-wasm32 set size:undefined disposed:false
3442 silly fetch manifest @cloudflare/workerd-darwin-64@1.20260901.1
3443 silly packumentCache full:https://registry.npmjs.org/@cloudflare%2fworkerd-darwin-64 cache-miss
3444 http fetch GET 200 https://registry.npmjs.org/@img%2fsharp-linux-riscv64 230ms (cache miss)
3445 silly packumentCache full:https://registry.npmjs.org/@img%2fsharp-linux-riscv64 set size:undefined disposed:false
3446 silly fetch manifest @cloudflare/workerd-windows-64@1.20260901.1
3447 silly packumentCache full:https://registry.npmjs.org/@cloudflare%2fworkerd-windows-64 cache-miss
3448 http fetch GET 200 https://registry.npmjs.org/@img%2fsharp-libvips-linux-riscv64 33ms (cache miss)
3449 silly packumentCache full:https://registry.npmjs.org/@img%2fsharp-libvips-linux-riscv64 set size:undefined disposed:false
3450 silly fetch manifest @cloudflare/workerd-linux-arm64@1.20260901.1
3451 silly packumentCache full:https://registry.npmjs.org/@cloudflare%2fworkerd-linux-arm64 cache-miss
3452 http fetch GET 200 https://registry.npmjs.org/@img%2fsharp-libvips-linuxmusl-x64 31ms (cache miss)
3453 silly packumentCache full:https://registry.npmjs.org/@img%2fsharp-libvips-linuxmusl-x64 set size:undefined disposed:false
3454 silly fetch manifest @cloudflare/workerd-darwin-arm64@1.20260901.1
3455 silly packumentCache full:https://registry.npmjs.org/@cloudflare%2fworkerd-darwin-arm64 cache-miss
3456 http fetch GET 200 https://registry.npmjs.org/@img%2fsharp-libvips-linuxmusl-arm64 34ms (cache miss)
3457 silly packumentCache full:https://registry.npmjs.org/@img%2fsharp-libvips-linuxmusl-arm64 set size:undefined disposed:false
3458 silly fetch manifest pend@~1.2.0
3459 silly packumentCache full:https://registry.npmjs.org/pend cache-miss
3460 http fetch GET 200 https://registry.npmjs.org/@img%2fsharp-libvips-linux-arm64 187ms (cache miss)
3461 silly packumentCache full:https://registry.npmjs.org/@img%2fsharp-libvips-linux-arm64 set size:undefined disposed:false
3462 http fetch GET 200 https://registry.npmjs.org/@img%2fsharp-libvips-linux-ppc64 187ms (cache miss)
3463 silly packumentCache full:https://registry.npmjs.org/@img%2fsharp-libvips-linux-ppc64 set size:undefined disposed:false
3464 http fetch GET 200 https://registry.npmjs.org/pend 16ms (cache miss)
3465 silly packumentCache full:https://registry.npmjs.org/pend set size:undefined disposed:false
3466 http fetch GET 200 https://registry.npmjs.org/@img%2fsharp-libvips-darwin-x64 222ms (cache miss)
3467 silly packumentCache full:https://registry.npmjs.org/@img%2fsharp-libvips-darwin-x64 set size:undefined disposed:false
3468 http fetch GET 200 https://registry.npmjs.org/@cloudflare%2fworkerd-windows-64 452ms (cache miss)
3469 silly packumentCache full:https://registry.npmjs.org/@cloudflare%2fworkerd-windows-64 set size:undefined disposed:false
3470 http fetch GET 200 https://registry.npmjs.org/@cloudflare%2fworkerd-linux-arm64 464ms (cache miss)
3471 silly packumentCache full:https://registry.npmjs.org/@cloudflare%2fworkerd-linux-arm64 set size:undefined disposed:false
3472 http fetch GET 200 https://registry.npmjs.org/@cloudflare%2fworkerd-darwin-64 480ms (cache miss)
3473 silly packumentCache full:https://registry.npmjs.org/@cloudflare%2fworkerd-darwin-64 set size:undefined disposed:false
3474 http fetch GET 200 https://registry.npmjs.org/@cloudflare%2fworkerd-linux-64 610ms (cache miss)
3475 silly packumentCache full:https://registry.npmjs.org/@cloudflare%2fworkerd-linux-64 set size:undefined disposed:false
3476 http fetch GET 200 https://registry.npmjs.org/@cloudflare%2fworkerd-darwin-arm64 617ms (cache miss)
3477 silly packumentCache full:https://registry.npmjs.org/@cloudflare%2fworkerd-darwin-arm64 set size:undefined disposed:false
3478 silly placeDep ROOT modern-tar@0.8.5 OK for: @puppeteer/browsers@3.2.4 want: ^0.8.5
3479 silly placeDep node_modules/@puppeteer/browsers yargs@18.2.0 OK for: @puppeteer/browsers@3.2.4 want: ^18.0.0
3480 silly fetch manifest cliui@^9.0.1
3481 silly packumentCache full:https://registry.npmjs.org/cliui cache-miss
3482 silly fetch manifest yargs-parser@^22.0.0
3483 silly packumentCache full:https://registry.npmjs.org/yargs-parser cache-miss
3484 http fetch GET 200 https://registry.npmjs.org/cliui 19ms (cache miss)
3485 silly packumentCache full:https://registry.npmjs.org/cliui set size:undefined disposed:false
3486 http fetch GET 200 https://registry.npmjs.org/yargs-parser 28ms (cache miss)
3487 silly packumentCache full:https://registry.npmjs.org/yargs-parser set size:undefined disposed:false
3488 silly placeDep ROOT @img/colour@1.1.0 OK for: sharp@0.35.5 want: ^1.1.0
3489 silly placeDep ROOT @img/sharp-darwin-arm64@0.35.5 OK for: sharp@0.35.5 want: 0.35.5
3490 silly placeDep ROOT @img/sharp-darwin-x64@0.35.5 OK for: sharp@0.35.5 want: 0.35.5
3491 silly placeDep ROOT @img/sharp-freebsd-wasm32@0.35.5 OK for: sharp@0.35.5 want: 0.35.5
3492 silly placeDep ROOT @img/sharp-libvips-darwin-arm64@1.3.4 OK for: sharp@0.35.5 want: 1.3.4
3493 silly placeDep ROOT @img/sharp-libvips-darwin-x64@1.3.4 OK for: sharp@0.35.5 want: 1.3.4
3494 silly placeDep ROOT @img/sharp-libvips-linux-arm@1.3.4 OK for: sharp@0.35.5 want: 1.3.4
3495 silly placeDep ROOT @img/sharp-libvips-linux-arm64@1.3.4 OK for: sharp@0.35.5 want: 1.3.4
3496 silly placeDep ROOT @img/sharp-libvips-linux-ppc64@1.3.4 OK for: sharp@0.35.5 want: 1.3.4
3497 silly placeDep ROOT @img/sharp-libvips-linux-riscv64@1.3.4 OK for: sharp@0.35.5 want: 1.3.4
3498 silly placeDep ROOT @img/sharp-libvips-linux-s390x@1.3.4 OK for: sharp@0.35.5 want: 1.3.4
3499 silly placeDep ROOT @img/sharp-libvips-linux-x64@1.3.4 OK for: sharp@0.35.5 want: 1.3.4
3500 silly placeDep ROOT @img/sharp-libvips-linuxmusl-arm64@1.3.4 OK for: sharp@0.35.5 want: 1.3.4
3501 silly placeDep ROOT @img/sharp-libvips-linuxmusl-x64@1.3.4 OK for: sharp@0.35.5 want: 1.3.4
3502 silly placeDep ROOT @img/sharp-linux-arm@0.35.5 OK for: sharp@0.35.5 want: 0.35.5
3503 silly placeDep ROOT @img/sharp-linux-arm64@0.35.5 OK for: sharp@0.35.5 want: 0.35.5
3504 silly placeDep ROOT @img/sharp-linux-ppc64@0.35.5 OK for: sharp@0.35.5 want: 0.35.5
3505 silly placeDep ROOT @img/sharp-linux-riscv64@0.35.5 OK for: sharp@0.35.5 want: 0.35.5
3506 silly placeDep ROOT @img/sharp-linux-s390x@0.35.5 OK for: sharp@0.35.5 want: 0.35.5
3507 silly placeDep ROOT @img/sharp-linux-x64@0.35.5 OK for: sharp@0.35.5 want: 0.35.5
3508 silly placeDep ROOT @img/sharp-linuxmusl-arm64@0.35.5 OK for: sharp@0.35.5 want: 0.35.5
3509 silly placeDep ROOT @img/sharp-linuxmusl-x64@0.35.5 OK for: sharp@0.35.5 want: 0.35.5
3510 silly placeDep ROOT @img/sharp-webcontainers-wasm32@0.35.5 OK for: sharp@0.35.5 want: 0.35.5
3511 silly placeDep ROOT @img/sharp-win32-arm64@0.35.5 OK for: sharp@0.35.5 want: 0.35.5
3512 silly placeDep ROOT @img/sharp-win32-ia32@0.35.5 OK for: sharp@0.35.5 want: 0.35.5
3513 silly placeDep ROOT @img/sharp-win32-x64@0.35.5 OK for: sharp@0.35.5 want: 0.35.5
3514 silly fetch manifest @img/sharp-wasm32@0.35.5
3515 silly packumentCache full:https://registry.npmjs.org/@img%2fsharp-wasm32 cache-miss
3516 silly fetch manifest @img/sharp-wasm32@0.35.5
3517 silly packumentCache full:https://registry.npmjs.org/@img%2fsharp-wasm32 cache-miss
3518 http fetch GET 200 https://registry.npmjs.org/@img%2fsharp-wasm32 258ms (cache miss)
3519 silly packumentCache full:https://registry.npmjs.org/@img%2fsharp-wasm32 set size:undefined disposed:false
3520 http fetch GET 200 https://registry.npmjs.org/@img%2fsharp-wasm32 260ms (cache miss)
3521 silly packumentCache full:https://registry.npmjs.org/@img%2fsharp-wasm32 set size:undefined disposed:false
3522 silly placeDep ROOT @img/sharp-wasm32@0.35.5 OK for: @img/sharp-freebsd-wasm32@0.35.5 want: 0.35.5
3523 silly fetch manifest @emnapi/runtime@^1.11.3
3524 silly packumentCache full:https://registry.npmjs.org/@emnapi%2fruntime cache-miss
3525 http fetch GET 200 https://registry.npmjs.org/@emnapi%2fruntime 38ms (cache miss)
3526 silly packumentCache full:https://registry.npmjs.org/@emnapi%2fruntime set size:undefined disposed:false
3527 silly placeDep ROOT @emnapi/runtime@1.11.3 OK for: @img/sharp-wasm32@0.35.5 want: ^1.11.3
3528 silly placeDep ROOT @cloudflare/workerd-darwin-64@1.20260901.1 OK for: workerd@1.20260901.1 want: 1.20260901.1
3529 silly placeDep ROOT @cloudflare/workerd-darwin-arm64@1.20260901.1 OK for: workerd@1.20260901.1 want: 1.20260901.1
3530 silly placeDep ROOT @cloudflare/workerd-linux-64@1.20260901.1 OK for: workerd@1.20260901.1 want: 1.20260901.1
3531 silly placeDep ROOT @cloudflare/workerd-linux-arm64@1.20260901.1 OK for: workerd@1.20260901.1 want: 1.20260901.1
3532 silly placeDep ROOT @cloudflare/workerd-windows-64@1.20260901.1 OK for: workerd@1.20260901.1 want: 1.20260901.1
3533 silly placeDep ROOT pend@1.2.0 OK for: yauzl@3.4.0 want: ~1.2.0
3534 silly placeDep node_modules/@puppeteer/browsers cliui@9.0.1 OK for: yargs@18.2.0 want: ^9.0.1
3535 silly placeDep node_modules/@puppeteer/browsers string-width@8.3.0 OK for: yargs@18.2.0 want: ^8.2.1
3536 silly placeDep node_modules/@puppeteer/browsers yargs-parser@22.0.0 OK for: yargs@18.2.0 want: ^22.0.0
3537 silly fetch manifest string-width@^7.2.0
3538 silly packumentCache full:https://registry.npmjs.org/string-width cache-hit
3539 silly fetch manifest strip-ansi@^7.1.0
3540 silly packumentCache full:https://registry.npmjs.org/strip-ansi cache-hit
3541 silly fetch manifest wrap-ansi@^9.0.0
3542 silly packumentCache full:https://registry.npmjs.org/wrap-ansi cache-miss
3543 http cache https://registry.npmjs.org/wrap-ansi 7ms (cache hit)
3544 silly packumentCache full:https://registry.npmjs.org/wrap-ansi set size:59620 disposed:false
3545 silly placeDep node_modules/@puppeteer/browsers/node_modules/cliui string-width@7.2.0 OK for: cliui@9.0.1 want: ^7.2.0
3546 silly placeDep node_modules/@puppeteer/browsers strip-ansi@7.2.0 OK for: cliui@9.0.1 want: ^7.1.0
3547 silly placeDep node_modules/@puppeteer/browsers wrap-ansi@9.0.2 OK for: cliui@9.0.1 want: ^9.0.0
3548 silly fetch manifest emoji-regex@^10.3.0
3549 silly packumentCache full:https://registry.npmjs.org/emoji-regex cache-miss
3550 silly fetch manifest ansi-styles@^6.2.1
3551 silly packumentCache full:https://registry.npmjs.org/ansi-styles cache-miss
3552 silly fetch manifest string-width@^7.0.0
3553 silly packumentCache full:https://registry.npmjs.org/string-width cache-hit
3554 http cache https://registry.npmjs.org/ansi-styles 2ms (cache hit)
3555 silly packumentCache full:https://registry.npmjs.org/ansi-styles set size:71772 disposed:false
3556 http fetch GET 200 https://registry.npmjs.org/emoji-regex 26ms (cache miss)
3557 silly packumentCache full:https://registry.npmjs.org/emoji-regex set size:undefined disposed:false
3558 silly placeDep node_modules/@puppeteer/browsers ansi-regex@6.4.0 OK for: strip-ansi@7.2.0 want: ^6.2.2
3559 silly placeDep node_modules/@puppeteer/browsers ansi-styles@6.2.3 OK for: wrap-ansi@9.0.2 want: ^6.2.1
3560 silly placeDep node_modules/@puppeteer/browsers/node_modules/wrap-ansi string-width@7.2.0 OK for: wrap-ansi@9.0.2 want: ^7.0.0
3561 silly placeDep ROOT @smithy/shared-ini-file-loader@4.7.2 OK for: @distilled.cloud/aws@1.0.0-rc.12 want: ^4.7.0
3562 silly placeDep ROOT @smithy/util-base64@4.6.2 OK for: @distilled.cloud/aws@1.0.0-rc.12 want: ^4.6.0
3563 silly placeDep ROOT fast-xml-parser@5.11.2 OK for: @distilled.cloud/aws@1.0.0-rc.12 want: ^5.10.1
3564 silly fetch manifest strnum@^2.4.2
3565 silly packumentCache full:https://registry.npmjs.org/strnum cache-miss
3566 silly fetch manifest is-unsafe@^2.0.0
3567 silly packumentCache full:https://registry.npmjs.org/is-unsafe cache-miss
3568 silly fetch manifest xml-naming@^0.3.0
3569 silly packumentCache full:https://registry.npmjs.org/xml-naming cache-miss
3570 silly fetch manifest fast-xml-builder@^1.2.0
3571 silly packumentCache full:https://registry.npmjs.org/fast-xml-builder cache-miss
3572 silly fetch manifest @nodable/entities@^3.0.1
3573 silly packumentCache full:https://registry.npmjs.org/@nodable%2fentities cache-miss
3574 silly fetch manifest path-expression-matcher@^1.6.2
3575 silly packumentCache full:https://registry.npmjs.org/path-expression-matcher cache-miss
3576 http fetch GET 200 https://registry.npmjs.org/xml-naming 22ms (cache miss)
3577 silly packumentCache full:https://registry.npmjs.org/xml-naming set size:undefined disposed:false
3578 http fetch GET 200 https://registry.npmjs.org/is-unsafe 22ms (cache miss)
3579 silly packumentCache full:https://registry.npmjs.org/is-unsafe set size:undefined disposed:false
3580 http fetch GET 200 https://registry.npmjs.org/fast-xml-builder 22ms (cache miss)
3581 silly packumentCache full:https://registry.npmjs.org/fast-xml-builder set size:undefined disposed:false
3582 http fetch GET 200 https://registry.npmjs.org/path-expression-matcher 26ms (cache miss)
3583 silly packumentCache full:https://registry.npmjs.org/path-expression-matcher set size:undefined disposed:false
3584 http fetch GET 200 https://registry.npmjs.org/strnum 27ms (cache miss)
3585 silly packumentCache full:https://registry.npmjs.org/strnum set size:undefined disposed:false
3586 http fetch GET 200 https://registry.npmjs.org/@nodable%2fentities 31ms (cache miss)
3587 silly packumentCache full:https://registry.npmjs.org/@nodable%2fentities set size:undefined disposed:false
3588 silly placeDep ROOT @nodable/entities@3.1.0 OK for: fast-xml-parser@5.11.2 want: ^3.0.1
3589 silly placeDep ROOT fast-xml-builder@1.3.1 OK for: fast-xml-parser@5.11.2 want: ^1.2.0
3590 silly placeDep ROOT is-unsafe@2.0.2 OK for: fast-xml-parser@5.11.2 want: ^2.0.0
3591 silly placeDep ROOT path-expression-matcher@1.6.2 OK for: fast-xml-parser@5.11.2 want: ^1.6.2
3592 silly placeDep ROOT strnum@2.4.2 OK for: fast-xml-parser@5.11.2 want: ^2.4.2
3593 silly placeDep ROOT xml-naming@0.3.0 OK for: fast-xml-parser@5.11.2 want: ^0.3.0
3594 silly fetch manifest anynum@^1.0.1
3595 silly packumentCache full:https://registry.npmjs.org/anynum cache-miss
3596 http fetch GET 200 https://registry.npmjs.org/anynum 19ms (cache miss)
3597 silly packumentCache full:https://registry.npmjs.org/anynum set size:undefined disposed:false
3598 silly placeDep ROOT anynum@1.0.1 OK for: strnum@2.4.2 want: ^1.0.1
3599 silly placeDep ROOT graphql@16.11.0 OK for: @distilled.cloud/core@1.0.0-rc.12 want: 16.11.0
3600 silly placeDep node_modules/@prisma/composer capnp-es@0.0.16 OK for: @alchemy.run/cloudflare-runtime@2.0.0-beta.78 want: ^0.0.16
3601 silly placeDep node_modules/@prisma/composer typescript@6.0.3 OK for: capnp-es@0.0.16 want: ^5.7.3 || ^6.0.0
3602 silly placeDep node_modules/@prisma/composer magic-string@0.30.21 OK for: @alchemy.run/cloudflare-runtime@2.0.0-beta.78 want: ^0.30.21
3603 silly placeDep node_modules/@puppeteer/browsers emoji-regex@10.6.0 OK for: string-width@7.2.0 want: ^10.3.0
3604 silly reify mark retired [ '/Users/nixonpaul/node_modules/agent-base' ]
3605 silly reify mark retired [
3605 silly reify   '/Users/nixonpaul/node_modules/acorn',
3605 silly reify   '/Users/nixonpaul/node_modules/.bin/acorn'
3605 silly reify ]
3606 silly reify mark retired [ '/Users/nixonpaul/node_modules/acorn-import-attributes' ]
3607 silly reify mark retired [ '/Users/nixonpaul/node_modules/abbrev' ]
3608 silly reify mark retired [ '/Users/nixonpaul/node_modules/ajv' ]
3609 silly reify mark retired [ '/Users/nixonpaul/node_modules/ansi-regex' ]
3610 silly reify mark retired [ '/Users/nixonpaul/node_modules/ansi-escapes' ]
3611 silly reify mark retired [
3611 silly reify   '/Users/nixonpaul/node_modules/alchemy',
3611 silly reify   '/Users/nixonpaul/node_modules/.bin/alchemy'
3611 silly reify ]
3612 silly reify mark retired [ '/Users/nixonpaul/node_modules/arkregex' ]
3613 silly reify mark retired [ '/Users/nixonpaul/node_modules/auto-bind' ]
3614 silly reify mark retired [ '/Users/nixonpaul/node_modules/anynum' ]
3615 silly reify mark retired [ '/Users/nixonpaul/node_modules/assertion-error' ]
3616 silly reify mark retired [ '/Users/nixonpaul/node_modules/arktype' ]
3617 silly reify mark retired [ '/Users/nixonpaul/node_modules/async-sema' ]
3618 silly reify mark retired [ '/Users/nixonpaul/node_modules/aws4fetch' ]
3619 silly reify mark retired [ '/Users/nixonpaul/node_modules/b4a' ]
3620 silly reify mark retired [ '/Users/nixonpaul/node_modules/axios' ]
3621 silly reify mark retired [ '/Users/nixonpaul/node_modules/aws-ssl-profiles' ]
3622 silly reify mark retired [ '/Users/nixonpaul/node_modules/bare-events' ]
3623 silly reify mark retired [ '/Users/nixonpaul/node_modules/bare-url' ]
3624 silly reify mark retired [ '/Users/nixonpaul/node_modules/bare-fs' ]
3625 silly reify mark retired [ '/Users/nixonpaul/node_modules/bare-stream' ]
3626 silly reify mark retired [ '/Users/nixonpaul/node_modules/bcrypt' ]
3627 silly reify mark retired [ '/Users/nixonpaul/node_modules/bare-path' ]
3628 silly reify mark retired [ '/Users/nixonpaul/node_modules/before-after-hook' ]
3629 silly reify mark retired [ '/Users/nixonpaul/node_modules/bignumber.js' ]
3630 silly reify mark retired [ '/Users/nixonpaul/node_modules/base64-js' ]
3631 silly reify mark retired [ '/Users/nixonpaul/node_modules/bindings' ]
3632 silly reify mark retired [ '/Users/nixonpaul/node_modules/buffer-equal-constant-time' ]
3633 silly reify mark retired [ '/Users/nixonpaul/node_modules/better-result' ]
3634 silly reify mark retired [ '/Users/nixonpaul/node_modules/braces' ]
3635 silly reify mark retired [ '/Users/nixonpaul/node_modules/bundle-name' ]
3636 silly reify mark retired [ '/Users/nixonpaul/node_modules/bowser' ]
3637 silly reify mark retired [
3637 silly reify   '/Users/nixonpaul/node_modules/capnp-es',
3637 silly reify   '/Users/nixonpaul/node_modules/.bin/capnp-es',
3637 silly reify   '/Users/nixonpaul/node_modules/.bin/capnpc-js',
3637 silly reify   '/Users/nixonpaul/node_modules/.bin/capnpc-dts',
3637 silly reify   '/Users/nixonpaul/node_modules/.bin/capnpc-ts'
3637 silly reify ]
3638 silly reify mark retired [ '/Users/nixonpaul/node_modules/capnweb' ]
3639 silly reify mark retired [ '/Users/nixonpaul/node_modules/c12' ]
3640 silly reify mark retired [ '/Users/nixonpaul/node_modules/chai' ]
3641 silly reify mark retired [ '/Users/nixonpaul/node_modules/chevrotain' ]
3642 silly reify mark retired [ '/Users/nixonpaul/node_modules/chownr' ]
3643 silly reify mark retired [ '/Users/nixonpaul/node_modules/cli-cursor' ]
3644 silly reify mark retired [ '/Users/nixonpaul/node_modules/cli-boxes' ]
3645 silly reify mark retired [ '/Users/nixonpaul/node_modules/chokidar' ]
3646 silly reify mark retired [ '/Users/nixonpaul/node_modules/ci-info' ]
3647 silly reify mark retired [ '/Users/nixonpaul/node_modules/cli-truncate' ]
3648 silly reify mark retired [ '/Users/nixonpaul/node_modules/cliui/node_modules/string-width' ]
3649 silly reify mark retired [ '/Users/nixonpaul/node_modules/cliui/node_modules/strip-ansi' ]
3650 silly reify mark retired [ '/Users/nixonpaul/node_modules/cliui/node_modules/wrap-ansi' ]
3651 silly reify mark retired [ '/Users/nixonpaul/node_modules/clipanion' ]
3652 silly reify mark retired [ '/Users/nixonpaul/node_modules/classnames' ]
3653 silly reify mark retired [ '/Users/nixonpaul/node_modules/closest-match' ]
3654 silly reify mark retired [ '/Users/nixonpaul/node_modules/code-excerpt' ]
3655 silly reify mark retired [ '/Users/nixonpaul/node_modules/colorette' ]
3656 silly reify mark retired [ '/Users/nixonpaul/node_modules/convert-source-map' ]
3657 silly reify mark retired [ '/Users/nixonpaul/node_modules/consola' ]
3658 silly reify mark retired [ '/Users/nixonpaul/node_modules/content-type' ]
3659 silly reify mark retired [ '/Users/nixonpaul/node_modules/core-util-is' ]
3660 silly reify mark retired [ '/Users/nixonpaul/node_modules/confbox' ]
3661 silly reify mark retired [ '/Users/nixonpaul/node_modules/csstype' ]
3662 silly reify mark retired [ '/Users/nixonpaul/node_modules/convert-to-spaces' ]
3663 silly reify mark retired [ '/Users/nixonpaul/node_modules/cross-spawn' ]
3664 silly reify mark retired [ '/Users/nixonpaul/node_modules/d3-array' ]
3665 silly reify mark retired [ '/Users/nixonpaul/node_modules/d3-color' ]
3666 silly reify mark retired [ '/Users/nixonpaul/node_modules/d3-delaunay' ]
3667 silly reify mark retired [ '/Users/nixonpaul/node_modules/d3-path' ]
3668 silly reify mark retired [ '/Users/nixonpaul/node_modules/d3-geo' ]
3669 silly reify mark retired [ '/Users/nixonpaul/node_modules/d3-format' ]
3670 silly reify mark retired [ '/Users/nixonpaul/node_modules/d3-shape' ]
3671 silly reify mark retired [ '/Users/nixonpaul/node_modules/d3-interpolate' ]
3672 silly reify mark retired [ '/Users/nixonpaul/node_modules/d3-time' ]
3673 silly reify mark retired [ '/Users/nixonpaul/node_modules/data-uri-to-buffer' ]
3674 silly reify mark retired [ '/Users/nixonpaul/node_modules/deepmerge-ts' ]
3675 silly reify mark retired [ '/Users/nixonpaul/node_modules/debug' ]
3676 silly reify mark retired [ '/Users/nixonpaul/node_modules/d3-time-format' ]
3677 silly reify mark retired [ '/Users/nixonpaul/node_modules/d3-scale' ]
3678 silly reify mark retired [ '/Users/nixonpaul/node_modules/default-browser' ]
3679 silly reify mark retired [ '/Users/nixonpaul/node_modules/default-browser-id' ]
3680 silly reify mark retired [ '/Users/nixonpaul/node_modules/defu' ]
3681 silly reify mark retired [ '/Users/nixonpaul/node_modules/define-lazy-prop' ]
3682 silly reify mark retired [ '/Users/nixonpaul/node_modules/delaunator' ]
3683 silly reify mark retired [ '/Users/nixonpaul/node_modules/denque' ]
3684 silly reify mark retired [ '/Users/nixonpaul/node_modules/detect-libc' ]
3685 silly reify mark retired [ '/Users/nixonpaul/node_modules/destr' ]
3686 silly reify mark retired [ '/Users/nixonpaul/node_modules/dotenv' ]
3687 silly reify mark retired [ '/Users/nixonpaul/node_modules/elkjs' ]
3688 silly reify mark retired [ '/Users/nixonpaul/node_modules/ecdsa-sig-formatter' ]
3689 silly reify mark retired [ '/Users/nixonpaul/node_modules/environment' ]
3690 silly reify mark retired [ '/Users/nixonpaul/node_modules/empathic' ]
3691 silly reify mark retired [ '/Users/nixonpaul/node_modules/env-paths' ]
3692 silly reify mark retired [ '/Users/nixonpaul/node_modules/effect' ]
3693 silly reify mark retired [
3693 silly reify   '/Users/nixonpaul/node_modules/es-set-tostringtag/node_modules/hasown'
3693 silly reify ]
3694 silly reify mark retired [ '/Users/nixonpaul/node_modules/es-module-lexer' ]
3695 silly reify mark retired [ '/Users/nixonpaul/node_modules/escape-string-regexp' ]
3696 silly reify mark retired [ '/Users/nixonpaul/node_modules/es-toolkit' ]
3697 silly reify mark retired [ '/Users/nixonpaul/node_modules/estree-walker' ]
3698 silly reify mark retired [
3698 silly reify   '/Users/nixonpaul/node_modules/esbuild',
3698 silly reify   '/Users/nixonpaul/node_modules/.bin/esbuild'
3698 silly reify ]
3699 silly reify mark retired [ '/Users/nixonpaul/node_modules/expect-type' ]
3700 silly reify mark retired [ '/Users/nixonpaul/node_modules/events-universal' ]
3701 silly reify mark retired [ '/Users/nixonpaul/node_modules/execa' ]
3702 silly reify mark retired [ '/Users/nixonpaul/node_modules/exsolve' ]
3703 silly reify mark retired [ '/Users/nixonpaul/node_modules/fast-check' ]
3704 silly reify mark retired [ '/Users/nixonpaul/node_modules/fast-deep-equal' ]
3705 silly reify mark retired [ '/Users/nixonpaul/node_modules/extend' ]
3706 silly reify mark retired [ '/Users/nixonpaul/node_modules/fast-fifo' ]
3707 silly reify mark retired [ '/Users/nixonpaul/node_modules/fast-decode-uri-component' ]
3708 silly reify mark retired [ '/Users/nixonpaul/node_modules/fast-querystring' ]
3709 silly reify mark retired [ '/Users/nixonpaul/node_modules/fast-string-width' ]
3710 silly reify mark retired [ '/Users/nixonpaul/node_modules/fast-xml-builder' ]
3711 silly reify mark retired [ '/Users/nixonpaul/node_modules/fast-glob' ]
3712 silly reify mark retired [ '/Users/nixonpaul/node_modules/fast-wrap-ansi' ]
3713 silly reify mark retired [ '/Users/nixonpaul/node_modules/fast-uri' ]
3714 silly reify mark retired [ '/Users/nixonpaul/node_modules/fetch-blob' ]
3715 silly reify mark retired [
3715 silly reify   '/Users/nixonpaul/node_modules/fast-xml-parser',
3715 silly reify   '/Users/nixonpaul/node_modules/.bin/fxparser'
3715 silly reify ]
3716 silly reify mark retired [ '/Users/nixonpaul/node_modules/figures' ]
3717 silly reify mark retired [ '/Users/nixonpaul/node_modules/fdir' ]
3718 silly reify mark retired [ '/Users/nixonpaul/node_modules/fastq' ]
3719 silly reify mark retired [ '/Users/nixonpaul/node_modules/file-uri-to-path' ]
3720 silly reify mark retired [ '/Users/nixonpaul/node_modules/form-data' ]
3721 silly reify mark retired [ '/Users/nixonpaul/node_modules/fill-range' ]
3722 silly reify mark retired [ '/Users/nixonpaul/node_modules/follow-redirects' ]
3723 silly reify mark retired [ '/Users/nixonpaul/node_modules/formdata-polyfill' ]
3724 silly reify mark retired [ '/Users/nixonpaul/node_modules/foreground-child' ]
3725 silly reify mark retired [ '/Users/nixonpaul/node_modules/fsevents' ]
3726 silly reify mark retired [ '/Users/nixonpaul/node_modules/generate-function' ]
3727 silly reify mark retired [ '/Users/nixonpaul/node_modules/get-intrinsic/node_modules/hasown' ]
3728 silly reify mark retired [ '/Users/nixonpaul/node_modules/gcp-metadata' ]
3729 silly reify mark retired [ '/Users/nixonpaul/node_modules/gaxios' ]
3730 silly reify mark retired [ '/Users/nixonpaul/node_modules/get-east-asian-width' ]
3731 silly reify mark retired [ '/Users/nixonpaul/node_modules/get-port-please' ]
3732 silly reify mark retired [ '/Users/nixonpaul/node_modules/get-stream' ]
3733 silly reify mark retired [ '/Users/nixonpaul/node_modules/google-logging-utils' ]
3734 silly reify mark retired [ '/Users/nixonpaul/node_modules/find-my-way' ]
3735 silly reify mark retired [ '/Users/nixonpaul/node_modules/google-auth-library' ]
3736 silly reify mark retired [ '/Users/nixonpaul/node_modules/graceful-fs' ]
3737 silly reify mark retired [ '/Users/nixonpaul/node_modules/graphmatch' ]
3738 silly reify mark retired [ '/Users/nixonpaul/node_modules/glob-parent' ]
3739 silly reify mark retired [ '/Users/nixonpaul/node_modules/grammex' ]
3740 silly reify mark retired [ '/Users/nixonpaul/node_modules/fast-string-truncated-width' ]
3741 silly reify mark retired [ '/Users/nixonpaul/node_modules/hasown' ]
3742 silly reify mark retired [ '/Users/nixonpaul/node_modules/https-proxy-agent' ]
3743 silly reify mark retired [ '/Users/nixonpaul/node_modules/hono' ]
3744 silly reify mark retired [ '/Users/nixonpaul/node_modules/immediate' ]
3745 silly reify mark retired [ '/Users/nixonpaul/node_modules/http-status-codes' ]
3746 silly reify mark retired [ '/Users/nixonpaul/node_modules/human-signals' ]
3747 silly reify mark retired [ '/Users/nixonpaul/node_modules/indent-string' ]
3748 silly reify mark retired [ '/Users/nixonpaul/node_modules/iconv-lite' ]
3749 silly reify mark retired [
3749 silly reify   '/Users/nixonpaul/node_modules/is-docker',
3749 silly reify   '/Users/nixonpaul/node_modules/.bin/is-docker'
3749 silly reify ]
3750 silly reify mark retired [ '/Users/nixonpaul/node_modules/is-extglob' ]
3751 silly reify mark retired [ '/Users/nixonpaul/node_modules/is-glob' ]
3752 silly reify mark retired [
3752 silly reify   '/Users/nixonpaul/node_modules/is-in-ci',
3752 silly reify   '/Users/nixonpaul/node_modules/.bin/is-in-ci'
3752 silly reify ]
3753 silly reify mark retired [ '/Users/nixonpaul/node_modules/internmap' ]
3754 silly reify mark retired [ '/Users/nixonpaul/node_modules/ink' ]
3755 silly reify mark retired [ '/Users/nixonpaul/node_modules/is-number' ]
3756 silly reify mark retired [
3756 silly reify   '/Users/nixonpaul/node_modules/is-inside-container',
3756 silly reify   '/Users/nixonpaul/node_modules/.bin/is-inside-container'
3756 silly reify ]
3757 silly reify mark retired [ '/Users/nixonpaul/node_modules/is-unicode-supported' ]
3758 silly reify mark retired [ '/Users/nixonpaul/node_modules/is-in-ssh' ]
3759 silly reify mark retired [ '/Users/nixonpaul/node_modules/is-plain-obj' ]
3760 silly reify mark retired [ '/Users/nixonpaul/node_modules/is-wsl' ]
3761 silly reify mark retired [ '/Users/nixonpaul/node_modules/is-property' ]
3762 silly reify mark retired [ '/Users/nixonpaul/node_modules/isarray' ]
3763 silly reify mark retired [ '/Users/nixonpaul/node_modules/is-unsafe' ]
3764 silly reify mark retired [
3764 silly reify   '/Users/nixonpaul/node_modules/jiti',
3764 silly reify   '/Users/nixonpaul/node_modules/.bin/jiti'
3764 silly reify ]
3765 silly reify mark retired [ '/Users/nixonpaul/node_modules/jju' ]
3766 silly reify mark retired [ '/Users/nixonpaul/node_modules/json-bigint' ]
3767 silly reify mark retired [ '/Users/nixonpaul/node_modules/isexe' ]
3768 silly reify mark retired [ '/Users/nixonpaul/node_modules/is-stream' ]
3769 silly reify mark retired [ '/Users/nixonpaul/node_modules/js-base64' ]
3770 silly reify mark retired [ '/Users/nixonpaul/node_modules/json-schema-traverse' ]
3771 silly reify mark retired [ '/Users/nixonpaul/node_modules/jwa' ]
3772 silly reify mark retired [ '/Users/nixonpaul/node_modules/jsonc-parser' ]
3773 silly reify mark retired [ '/Users/nixonpaul/node_modules/json-with-bigint' ]
3774 silly reify mark retired [ '/Users/nixonpaul/node_modules/jszip' ]
3775 silly reify mark retired [ '/Users/nixonpaul/node_modules/libsodium' ]
3776 silly reify mark retired [ '/Users/nixonpaul/node_modules/libsql' ]
3777 silly reify mark retired [ '/Users/nixonpaul/node_modules/libsodium-wrappers' ]
3778 silly reify mark retired [ '/Users/nixonpaul/node_modules/jsonwebtoken' ]
3779 silly reify mark retired [ '/Users/nixonpaul/node_modules/jws' ]
3780 silly reify mark retired [ '/Users/nixonpaul/node_modules/lilconfig' ]
3781 silly reify mark retired [ '/Users/nixonpaul/node_modules/lightningcss-darwin-arm64' ]
3782 silly reify mark retired [ '/Users/nixonpaul/node_modules/lie' ]
3783 silly reify mark retired [ '/Users/nixonpaul/node_modules/lightningcss' ]
3784 silly reify mark retired [ '/Users/nixonpaul/node_modules/lodash.isnumber' ]
3785 silly reify mark retired [ '/Users/nixonpaul/node_modules/lodash.isboolean' ]
3786 silly reify mark retired [ '/Users/nixonpaul/node_modules/lodash.includes' ]
3787 silly reify mark retired [ '/Users/nixonpaul/node_modules/lodash.once' ]
3788 silly reify mark retired [ '/Users/nixonpaul/node_modules/lodash' ]
3789 silly reify mark retired [ '/Users/nixonpaul/node_modules/lodash.isinteger' ]
3790 silly reify mark retired [ '/Users/nixonpaul/node_modules/lodash.isplainobject' ]
3791 silly reify mark retired [ '/Users/nixonpaul/node_modules/lodash.isstring' ]
3792 silly reify mark retired [ '/Users/nixonpaul/node_modules/magic-string' ]
3793 silly reify mark retired [ '/Users/nixonpaul/node_modules/long' ]
3794 silly reify mark retired [ '/Users/nixonpaul/node_modules/micromatch' ]
3795 silly reify mark retired [ '/Users/nixonpaul/node_modules/lru.min' ]
3796 silly reify mark retired [ '/Users/nixonpaul/node_modules/magicast' ]
3797 silly reify mark retired [ '/Users/nixonpaul/node_modules/merge2' ]
3798 silly reify mark retired [ '/Users/nixonpaul/node_modules/mimic-fn' ]
3799 silly reify mark retired [ '/Users/nixonpaul/node_modules/minipass' ]
3800 silly reify mark retired [ '/Users/nixonpaul/node_modules/lru-cache' ]
3801 silly reify mark retired [ '/Users/nixonpaul/node_modules/ms' ]
3802 silly reify mark retired [ '/Users/nixonpaul/node_modules/minizlib' ]
3803 silly reify mark retired [ '/Users/nixonpaul/node_modules/modern-tar' ]
3804 silly reify mark retired [ '/Users/nixonpaul/node_modules/named-placeholders' ]
3805 silly reify mark retired [ '/Users/nixonpaul/node_modules/msgpackr' ]
3806 silly reify mark retired [
3806 silly reify   '/Users/nixonpaul/node_modules/msgpackr-extract',
3806 silly reify   '/Users/nixonpaul/node_modules/.bin/download-msgpackr-prebuilds'
3806 silly reify ]
3807 silly reify mark retired [ '/Users/nixonpaul/node_modules/mysql2' ]
3808 silly reify mark retired [
3808 silly reify   '/Users/nixonpaul/node_modules/node-gyp-build',
3808 silly reify   '/Users/nixonpaul/node_modules/.bin/node-gyp-build',
3808 silly reify   '/Users/nixonpaul/node_modules/.bin/node-gyp-build-optional',
3808 silly reify   '/Users/nixonpaul/node_modules/.bin/node-gyp-build-test'
3808 silly reify ]
3809 silly reify mark retired [ '/Users/nixonpaul/node_modules/node-domexception' ]
3810 silly reify mark retired [
3810 silly reify   '/Users/nixonpaul/node_modules/giget',
3810 silly reify   '/Users/nixonpaul/node_modules/.bin/giget'
3810 silly reify ]
3811 silly reify mark retired [ '/Users/nixonpaul/node_modules/node-addon-api' ]
3812 silly reify mark retired [
3812 silly reify   '/Users/nixonpaul/node_modules/node-gyp-build-optional-packages',
3812 silly reify   '/Users/nixonpaul/node_modules/.bin/node-gyp-build-optional-packages',
3812 silly reify   '/Users/nixonpaul/node_modules/.bin/node-gyp-build-optional-packages-optional',
3812 silly reify   '/Users/nixonpaul/node_modules/.bin/node-gyp-build-optional-packages-test'
3812 silly reify ]
3813 silly reify mark retired [
3813 silly reify   '/Users/nixonpaul/node_modules/nanoid',
3813 silly reify   '/Users/nixonpaul/node_modules/.bin/nanoid'
3813 silly reify ]
3814 silly reify mark retired [
3814 silly reify   '/Users/nixonpaul/node_modules/nopt',
3814 silly reify   '/Users/nixonpaul/node_modules/.bin/nopt'
3814 silly reify ]
3815 silly reify mark retired [ '/Users/nixonpaul/node_modules/npm-run-path' ]
3816 silly reify mark retired [ '/Users/nixonpaul/node_modules/onetime' ]
3817 silly reify mark retired [ '/Users/nixonpaul/node_modules/ohash' ]
3818 silly reify mark retired [ '/Users/nixonpaul/node_modules/openapi-fetch' ]
3819 silly reify mark retired [ '/Users/nixonpaul/node_modules/open' ]
3820 silly reify mark retired [ '/Users/nixonpaul/node_modules/p-retry' ]
3821 silly reify mark retired [ '/Users/nixonpaul/node_modules/package-manager-detector' ]
3822 silly reify mark retired [ '/Users/nixonpaul/node_modules/obug' ]
3823 silly reify mark retired [ '/Users/nixonpaul/node_modules/openapi-typescript-helpers' ]
3824 silly reify mark retired [ '/Users/nixonpaul/node_modules/patch-console' ]
3825 silly reify mark retired [ '/Users/nixonpaul/node_modules/parse-ms' ]
3826 silly reify mark retired [ '/Users/nixonpaul/node_modules/pako' ]
3827 silly reify mark retired [ '/Users/nixonpaul/node_modules/path-expression-matcher' ]
3828 silly reify mark retired [ '/Users/nixonpaul/node_modules/pathe' ]
3829 silly reify mark retired [ '/Users/nixonpaul/node_modules/path-key' ]
3830 silly reify mark retired [ '/Users/nixonpaul/node_modules/pg-cloudflare' ]
3831 silly reify mark retired [ '/Users/nixonpaul/node_modules/perfect-debounce' ]
3832 silly reify mark retired [ '/Users/nixonpaul/node_modules/pg' ]
3833 silly reify mark retired [ '/Users/nixonpaul/node_modules/pg-connection-string' ]
3834 silly reify mark retired [ '/Users/nixonpaul/node_modules/pend' ]
3835 silly reify mark retired [ '/Users/nixonpaul/node_modules/pg-int8' ]
3836 silly reify mark retired [ '/Users/nixonpaul/node_modules/pg-pool' ]
3837 silly reify mark retired [ '/Users/nixonpaul/node_modules/pg-types' ]
3838 silly reify mark retired [ '/Users/nixonpaul/node_modules/path-scurry' ]
3839 silly reify mark retired [ '/Users/nixonpaul/node_modules/pg-cursor' ]
3840 silly reify mark retired [ '/Users/nixonpaul/node_modules/picocolors' ]
3841 silly reify mark retired [ '/Users/nixonpaul/node_modules/pgpass' ]
3842 silly reify mark retired [ '/Users/nixonpaul/node_modules/pluralize' ]
3843 silly reify mark retired [ '/Users/nixonpaul/node_modules/pkg-types' ]
3844 silly reify mark retired [ '/Users/nixonpaul/node_modules/picomatch' ]
3845 silly reify mark retired [ '/Users/nixonpaul/node_modules/pg-protocol' ]
3846 silly reify mark retired [ '/Users/nixonpaul/node_modules/postcss' ]
3847 silly reify mark retired [ '/Users/nixonpaul/node_modules/postgres-array' ]
3848 silly reify mark retired [ '/Users/nixonpaul/node_modules/postgres' ]
3849 silly reify mark retired [ '/Users/nixonpaul/node_modules/postgres-date' ]
3850 silly reify mark retired [ '/Users/nixonpaul/node_modules/postgres-bytea' ]
3851 silly reify mark retired [ '/Users/nixonpaul/node_modules/postgres-interval' ]
3852 silly reify mark retired [ '/Users/nixonpaul/node_modules/process-nextick-args' ]
3853 silly reify mark retired [
3853 silly reify   '/Users/nixonpaul/node_modules/prettier',
3853 silly reify   '/Users/nixonpaul/node_modules/.bin/prettier'
3853 silly reify ]
3854 silly reify mark retired [ '/Users/nixonpaul/node_modules/powershell-utils' ]
3855 silly reify mark retired [
3855 silly reify   '/Users/nixonpaul/node_modules/prisma',
3855 silly reify   '/Users/nixonpaul/node_modules/.bin/prisma'
3855 silly reify ]
3856 silly reify mark retired [ '/Users/nixonpaul/node_modules/pretty-ms' ]
3857 silly reify mark retired [ '/Users/nixonpaul/node_modules/promise-limit' ]
3858 silly reify mark retired [ '/Users/nixonpaul/node_modules/protobufjs' ]
3859 silly reify mark retired [ '/Users/nixonpaul/node_modules/queue-microtask' ]
3860 silly reify mark retired [ '/Users/nixonpaul/node_modules/proper-lockfile' ]
3861 silly reify mark retired [ '/Users/nixonpaul/node_modules/rc9' ]
3862 silly reify mark retired [ '/Users/nixonpaul/node_modules/proxy-from-env' ]
3863 silly reify mark retired [ '/Users/nixonpaul/node_modules/pure-rand' ]
3864 silly reify mark retired [ '/Users/nixonpaul/node_modules/react' ]
3865 silly reify mark retired [ '/Users/nixonpaul/node_modules/react-reconciler' ]
3866 silly reify mark retired [ '/Users/nixonpaul/node_modules/readable-stream' ]
3867 silly reify mark retired [ '/Users/nixonpaul/node_modules/readdirp' ]
3868 silly reify mark retired [ '/Users/nixonpaul/node_modules/regexp-to-ast' ]
3869 silly reify mark retired [ '/Users/nixonpaul/node_modules/resolve-from' ]
3870 silly reify mark retired [ '/Users/nixonpaul/node_modules/retry' ]
3871 silly reify mark retired [ '/Users/nixonpaul/node_modules/restore-cursor' ]
3872 silly reify mark retired [ '/Users/nixonpaul/node_modules/remeda' ]
3873 silly reify mark retired [ '/Users/nixonpaul/node_modules/require-from-string' ]
3874 silly reify mark retired [ '/Users/nixonpaul/node_modules/reusify' ]
3875 silly reify mark retired [ '/Users/nixonpaul/node_modules/ret' ]
3876 silly reify mark retired [ '/Users/nixonpaul/node_modules/robust-predicates' ]
3877 silly reify mark retired [
3877 silly reify   '/Users/nixonpaul/node_modules/safe-regex2',
3877 silly reify   '/Users/nixonpaul/node_modules/.bin/safe-regex2'
3877 silly reify ]
3878 silly reify mark retired [ '/Users/nixonpaul/node_modules/run-parallel' ]
3879 silly reify mark retired [
3879 silly reify   '/Users/nixonpaul/node_modules/rolldown',
3879 silly reify   '/Users/nixonpaul/node_modules/.bin/rolldown'
3879 silly reify ]
3880 silly reify mark retired [ '/Users/nixonpaul/node_modules/safer-buffer' ]
3881 silly reify mark retired [ '/Users/nixonpaul/node_modules/run-applescript' ]
3882 silly reify mark retired [ '/Users/nixonpaul/node_modules/seq-queue' ]
3883 silly reify mark retired [ '/Users/nixonpaul/node_modules/setimmediate' ]
3884 silly reify mark retired [ '/Users/nixonpaul/node_modules/siginfo' ]
3885 silly reify mark retired [ '/Users/nixonpaul/node_modules/shebang-regex' ]
3886 silly reify mark retired [
3886 silly reify   '/Users/nixonpaul/node_modules/semver',
3886 silly reify   '/Users/nixonpaul/node_modules/.bin/semver'
3886 silly reify ]
3887 silly reify mark retired [ '/Users/nixonpaul/node_modules/shebang-command' ]
3888 silly reify mark retired [ '/Users/nixonpaul/node_modules/sharp' ]
3889 silly reify mark retired [ '/Users/nixonpaul/node_modules/signal-exit' ]
3890 silly reify mark retired [ '/Users/nixonpaul/node_modules/sisteransi' ]
3891 silly reify mark retired [ '/Users/nixonpaul/node_modules/slice-ansi' ]
3892 silly reify mark retired [ '/Users/nixonpaul/node_modules/stackback' ]
3893 silly reify mark retired [ '/Users/nixonpaul/node_modules/split2' ]
3894 silly reify mark retired [ '/Users/nixonpaul/node_modules/source-map-js' ]
3895 silly reify mark retired [ '/Users/nixonpaul/node_modules/stack-utils' ]
3896 silly reify mark retired [ '/Users/nixonpaul/node_modules/sqlstring' ]
3897 silly reify mark retired [ '/Users/nixonpaul/node_modules/strip-ansi' ]
3898 silly reify mark retired [ '/Users/nixonpaul/node_modules/std-env' ]
3899 silly reify mark retired [ '/Users/nixonpaul/node_modules/string-width' ]
3900 silly reify mark retired [ '/Users/nixonpaul/node_modules/strip-final-newline' ]
3901 silly reify mark retired [ '/Users/nixonpaul/node_modules/streamx' ]
3902 silly reify mark retired [ '/Users/nixonpaul/node_modules/terminal-size' ]
3903 silly reify mark retired [ '/Users/nixonpaul/node_modules/tagged-tag' ]
3904 silly reify mark retired [ '/Users/nixonpaul/node_modules/strnum' ]
3905 silly reify mark retired [ '/Users/nixonpaul/node_modules/tar-stream' ]
3906 silly reify mark retired [ '/Users/nixonpaul/node_modules/text-decoder' ]
3907 silly reify mark retired [ '/Users/nixonpaul/node_modules/tar' ]
3908 silly reify mark retired [ '/Users/nixonpaul/node_modules/teex' ]
3909 silly reify mark retired [ '/Users/nixonpaul/node_modules/tiny-invariant' ]
3910 silly reify mark retired [ '/Users/nixonpaul/node_modules/tinyrainbow' ]
3911 silly reify mark retired [ '/Users/nixonpaul/node_modules/tinyexec' ]
3912 silly reify mark retired [ '/Users/nixonpaul/node_modules/tinyglobby' ]
3913 silly reify mark retired [ '/Users/nixonpaul/node_modules/tinybench' ]
3914 silly reify mark retired [ '/Users/nixonpaul/node_modules/to-regex-range' ]
3915 silly reify mark retired [ '/Users/nixonpaul/node_modules/undici-types' ]
3916 silly reify mark retired [ '/Users/nixonpaul/node_modules/type-fest' ]
3917 silly reify mark retired [
3917 silly reify   '/Users/nixonpaul/node_modules/typescript',
3917 silly reify   '/Users/nixonpaul/node_modules/.bin/tsc'
3917 silly reify ]
3918 silly reify mark retired [ '/Users/nixonpaul/node_modules/ts-toolbelt' ]
3919 silly reify mark retired [ '/Users/nixonpaul/node_modules/unicorn-magic' ]
3920 silly reify mark retired [ '/Users/nixonpaul/node_modules/uniku' ]
3921 silly reify mark retired [ '/Users/nixonpaul/node_modules/util-deprecate' ]
3922 silly reify mark retired [ '/Users/nixonpaul/node_modules/universal-user-agent' ]
3923 silly reify mark retired [
3923 silly reify   '/Users/nixonpaul/node_modules/vite',
3923 silly reify   '/Users/nixonpaul/node_modules/.bin/vite'
3923 silly reify ]
3924 silly reify mark retired [ '/Users/nixonpaul/node_modules/typanion' ]
3925 silly reify mark retired [ '/Users/nixonpaul/node_modules/vscode-jsonrpc' ]
3926 silly reify mark retired [ '/Users/nixonpaul/node_modules/unenv' ]
3927 silly reify mark retired [
3927 silly reify   '/Users/nixonpaul/node_modules/vitest',
3927 silly reify   '/Users/nixonpaul/node_modules/.bin/vitest'
3927 silly reify ]
3928 silly reify mark retired [ '/Users/nixonpaul/node_modules/valibot' ]
3929 silly reify mark retired [ '/Users/nixonpaul/node_modules/vscode-languageserver-textdocument' ]
3930 silly reify mark retired [ '/Users/nixonpaul/node_modules/vscode-languageserver-types' ]
3931 silly reify mark retired [ '/Users/nixonpaul/node_modules/vscode-languageserver-protocol' ]
3932 silly reify mark retired [
3932 silly reify   '/Users/nixonpaul/node_modules/vscode-languageserver',
3932 silly reify   '/Users/nixonpaul/node_modules/.bin/installServerIntoExtension'
3932 silly reify ]
3933 silly reify mark retired [ '/Users/nixonpaul/node_modules/undici' ]
3934 silly reify mark retired [ '/Users/nixonpaul/node_modules/web-streams-polyfill' ]
3935 silly reify mark retired [
3935 silly reify   '/Users/nixonpaul/node_modules/why-is-node-running',
3935 silly reify   '/Users/nixonpaul/node_modules/.bin/why-is-node-running'
3935 silly reify ]
3936 silly reify mark retired [
3936 silly reify   '/Users/nixonpaul/node_modules/which',
3936 silly reify   '/Users/nixonpaul/node_modules/.bin/node-which'
3936 silly reify ]
3937 silly reify mark retired [ '/Users/nixonpaul/node_modules/widest-line' ]
3938 silly reify mark retired [ '/Users/nixonpaul/node_modules/wrap-ansi' ]
3939 silly reify mark retired [
3939 silly reify   '/Users/nixonpaul/node_modules/workerd',
3939 silly reify   '/Users/nixonpaul/node_modules/.bin/workerd'
3939 silly reify ]
3940 silly reify mark retired [ '/Users/nixonpaul/node_modules/xml-naming' ]
3941 silly reify mark retired [ '/Users/nixonpaul/node_modules/ws' ]
3942 silly reify mark retired [ '/Users/nixonpaul/node_modules/wsl-utils' ]
3943 silly reify mark retired [ '/Users/nixonpaul/node_modules/yargs/node_modules/string-width' ]
3944 silly reify mark retired [ '/Users/nixonpaul/node_modules/xtend' ]
3945 silly reify mark retired [ '/Users/nixonpaul/node_modules/yoga-layout' ]
3946 silly reify mark retired [ '/Users/nixonpaul/node_modules/yoctocolors' ]
3947 silly reify mark retired [ '/Users/nixonpaul/node_modules/zeptomatch' ]
3948 silly reify mark retired [
3948 silly reify   '/Users/nixonpaul/node_modules/yaml',
3948 silly reify   '/Users/nixonpaul/node_modules/.bin/yaml'
3948 silly reify ]
3949 silly reify mark retired [ '/Users/nixonpaul/node_modules/yauzl' ]
3950 silly reify mark retired [ '/Users/nixonpaul/node_modules/@alchemy.run/cloudflare-runtime' ]
3951 silly reify mark retired [ '/Users/nixonpaul/node_modules/@alcalzone/ansi-tokenize' ]
3952 silly reify mark retired [ '/Users/nixonpaul/node_modules/zod' ]
3953 silly reify mark retired [ '/Users/nixonpaul/node_modules/@alchemy.run/floci' ]
3954 silly reify mark retired [ '/Users/nixonpaul/node_modules/@aws/lambda-invoke-store' ]
3955 silly reify mark retired [ '/Users/nixonpaul/node_modules/@ark/schema' ]
3956 silly reify mark retired [ '/Users/nixonpaul/node_modules/@aws-crypto/crc32' ]
3957 silly reify mark retired [ '/Users/nixonpaul/node_modules/@alchemy.run/node-utils' ]
3958 silly reify mark retired [ '/Users/nixonpaul/node_modules/@ark/util' ]
3959 silly reify mark retired [ '/Users/nixonpaul/node_modules/@aws-crypto/util' ]
3960 silly reify mark retired [ '/Users/nixonpaul/node_modules/@aws-sdk/credential-provider-env' ]
3961 silly reify mark retired [
3961 silly reify   '/Users/nixonpaul/node_modules/@aws-sdk/credential-provider-process'
3961 silly reify ]
3962 silly reify mark retired [ '/Users/nixonpaul/node_modules/@aws-sdk/credential-provider-node' ]
3963 silly reify mark retired [ '/Users/nixonpaul/node_modules/@aws-sdk/core' ]
3964 silly reify mark retired [ '/Users/nixonpaul/node_modules/@aws-sdk/credential-provider-http' ]
3965 silly reify mark retired [
3965 silly reify   '/Users/nixonpaul/node_modules/@aws-sdk/credential-provider-cognito-identity'
3965 silly reify ]
3966 silly reify mark retired [ '/Users/nixonpaul/node_modules/@aws-sdk/credential-providers' ]
3967 silly reify mark retired [ '/Users/nixonpaul/node_modules/@aws-sdk/credential-provider-ini' ]
3968 silly reify mark retired [ '/Users/nixonpaul/node_modules/@aws-sdk/nested-clients' ]
3969 silly reify mark retired [ '/Users/nixonpaul/node_modules/@aws-sdk/signature-v4-multi-region' ]
3970 silly reify mark retired [ '/Users/nixonpaul/node_modules/@aws-sdk/credential-provider-login' ]
3971 silly reify mark retired [ '/Users/nixonpaul/node_modules/@aws-sdk/xml-builder' ]
3972 silly reify mark retired [ '/Users/nixonpaul/node_modules/@aws-sdk/token-providers' ]
3973 silly reify mark retired [ '/Users/nixonpaul/node_modules/@babel/helper-validator-identifier' ]
3974 silly reify mark retired [ '/Users/nixonpaul/node_modules/@babel/helper-string-parser' ]
3975 silly reify mark retired [
3975 silly reify   '/Users/nixonpaul/node_modules/@aws-sdk/credential-provider-web-identity'
3975 silly reify ]
3976 silly reify mark retired [ '/Users/nixonpaul/node_modules/@babel/types' ]
3977 silly reify mark retired [ '/Users/nixonpaul/node_modules/@aws-sdk/credential-provider-sso' ]
3978 silly reify mark retired [
3978 silly reify   '/Users/nixonpaul/node_modules/@babel/parser',
3978 silly reify   '/Users/nixonpaul/node_modules/.bin/parser'
3978 silly reify ]
3979 silly reify mark retired [ '/Users/nixonpaul/node_modules/@clack/prompts' ]
3980 silly reify mark retired [ '/Users/nixonpaul/node_modules/@clack/core' ]
3981 silly reify mark retired [ '/Users/nixonpaul/node_modules/@aws-sdk/types' ]
3982 silly reify mark retired [ '/Users/nixonpaul/node_modules/@chevrotain/cst-dts-gen' ]
3983 silly reify mark retired [ '/Users/nixonpaul/node_modules/@chevrotain/types' ]
3984 silly reify mark retired [ '/Users/nixonpaul/node_modules/@chevrotain/gast' ]
3985 silly reify mark retired [ '/Users/nixonpaul/node_modules/@cloudflare/workers-types' ]
3986 silly reify mark retired [ '/Users/nixonpaul/node_modules/@chevrotain/utils' ]
3987 silly reify mark retired [ '/Users/nixonpaul/node_modules/@cloudflare/unenv-preset' ]
3988 silly reify mark retired [ '/Users/nixonpaul/node_modules/@distilled.cloud/core' ]
3989 silly reify mark retired [ '/Users/nixonpaul/node_modules/@distilled.cloud/fly-io' ]
3990 silly reify mark retired [ '/Users/nixonpaul/node_modules/@distilled.cloud/aws' ]
3991 silly reify mark retired [ '/Users/nixonpaul/node_modules/@cloudflare/workerd-darwin-arm64' ]
3992 silly reify mark retired [ '/Users/nixonpaul/node_modules/@distilled.cloud/planetscale' ]
3993 silly reify mark retired [ '/Users/nixonpaul/node_modules/@effect/sql-d1' ]
3994 silly reify mark retired [ '/Users/nixonpaul/node_modules/@effect/sql-sqlite-do' ]
3995 silly reify mark retired [ '/Users/nixonpaul/node_modules/@distilled.cloud/neon' ]
3996 silly reify mark retired [ '/Users/nixonpaul/node_modules/@effect/vitest' ]
3997 silly reify mark retired [
3997 silly reify   '/Users/nixonpaul/node_modules/@electric-sql/pglite-socket',
3997 silly reify   '/Users/nixonpaul/node_modules/.bin/pglite-server'
3997 silly reify ]
3998 silly reify mark retired [ '/Users/nixonpaul/node_modules/@distilled.cloud/hetzner' ]
3999 silly reify mark retired [ '/Users/nixonpaul/node_modules/@hono/node-server' ]
4000 silly reify mark retired [ '/Users/nixonpaul/node_modules/@electric-sql/pglite-tools' ]
4001 silly reify mark retired [ '/Users/nixonpaul/node_modules/@img/sharp-darwin-arm64' ]
4002 silly reify mark retired [ '/Users/nixonpaul/node_modules/@esbuild/darwin-arm64' ]
4003 silly reify mark retired [ '/Users/nixonpaul/node_modules/@google/genai' ]
4004 silly reify mark retired [ '/Users/nixonpaul/node_modules/@electric-sql/pglite' ]
4005 silly reify mark retired [ '/Users/nixonpaul/node_modules/@img/colour' ]
4006 silly reify mark retired [ '/Users/nixonpaul/node_modules/@isaacs/fs-minipass' ]
4007 silly reify mark retired [ '/Users/nixonpaul/node_modules/@libsql/darwin-arm64' ]
4008 silly reify mark retired [ '/Users/nixonpaul/node_modules/@img/sharp-libvips-darwin-arm64' ]
4009 silly reify mark retired [ '/Users/nixonpaul/node_modules/@jridgewell/sourcemap-codec' ]
4010 silly reify mark retired [ '/Users/nixonpaul/node_modules/@libsql/hrana-client' ]
4011 silly reify mark retired [ '/Users/nixonpaul/node_modules/@neon-rs/load' ]
4012 silly reify mark retired [ '/Users/nixonpaul/node_modules/@libsql/isomorphic-ws' ]
4013 silly reify mark retired [ '/Users/nixonpaul/node_modules/@manypkg/tools' ]
4014 silly reify mark retired [ '/Users/nixonpaul/node_modules/@libsql/client' ]
4015 silly reify mark retired [
4015 silly reify   '/Users/nixonpaul/node_modules/@mapbox/node-pre-gyp',
4015 silly reify   '/Users/nixonpaul/node_modules/.bin/node-pre-gyp'
4015 silly reify ]
4016 silly reify mark retired [ '/Users/nixonpaul/node_modules/@mrleebo/prisma-ast' ]
4017 silly reify mark retired [
4017 silly reify   '/Users/nixonpaul/node_modules/@msgpackr-extract/msgpackr-extract-darwin-arm64'
4017 silly reify ]
4018 silly reify mark retired [ '/Users/nixonpaul/node_modules/@libsql/core' ]
4019 silly reify mark retired [ '/Users/nixonpaul/node_modules/@nodable/entities' ]
4020 silly reify mark retired [ '/Users/nixonpaul/node_modules/@distilled.cloud/axiom' ]
4021 silly reify mark retired [ '/Users/nixonpaul/node_modules/@distilled.cloud/cloudflare' ]
4022 silly reify mark retired [ '/Users/nixonpaul/node_modules/@nodelib/fs.stat' ]
4023 silly reify mark retired [ '/Users/nixonpaul/node_modules/@nodelib/fs.walk' ]
4024 silly reify mark retired [ '/Users/nixonpaul/node_modules/@octokit/auth-token' ]
4025 silly reify mark retired [ '/Users/nixonpaul/node_modules/@nodelib/fs.scandir' ]
4026 silly reify mark retired [ '/Users/nixonpaul/node_modules/@octokit/core' ]
4027 silly reify mark retired [ '/Users/nixonpaul/node_modules/@octokit/openapi-types' ]
4028 silly reify mark retired [ '/Users/nixonpaul/node_modules/@noble/hashes' ]
4029 silly reify mark retired [ '/Users/nixonpaul/node_modules/@octokit/request' ]
4030 silly reify mark retired [ '/Users/nixonpaul/node_modules/@octokit/openapi-webhooks-types' ]
4031 silly reify mark retired [ '/Users/nixonpaul/node_modules/@octokit/graphql' ]
4032 silly reify mark retired [ '/Users/nixonpaul/node_modules/@octokit/endpoint' ]
4033 silly reify mark retired [ '/Users/nixonpaul/node_modules/@octokit/rest' ]
4034 silly reify mark retired [ '/Users/nixonpaul/node_modules/@octokit/plugin-paginate-rest' ]
4035 silly reify mark retired [
4035 silly reify   '/Users/nixonpaul/node_modules/@octokit/plugin-rest-endpoint-methods'
4035 silly reify ]
4036 silly reify mark retired [ '/Users/nixonpaul/node_modules/@oxc-project/types' ]
4037 silly reify mark retired [ '/Users/nixonpaul/node_modules/@octokit/plugin-request-log' ]
4038 silly reify mark retired [ '/Users/nixonpaul/node_modules/@octokit/webhooks' ]
4039 silly reify mark retired [ '/Users/nixonpaul/node_modules/@octokit/webhooks-methods' ]
4040 silly reify mark retired [ '/Users/nixonpaul/node_modules/@prisma/debug' ]
4041 silly reify mark retired [ '/Users/nixonpaul/node_modules/yallist' ]
4042 silly reify mark retired [ '/Users/nixonpaul/node_modules/@prisma/composer' ]
4043 silly reify mark retired [ '/Users/nixonpaul/node_modules/@prisma/config' ]
4044 silly reify mark retired [ '/Users/nixonpaul/node_modules/@prisma/cli-engine' ]
4045 silly reify mark retired [ '/Users/nixonpaul/node_modules/@prisma/engines' ]
4046 silly reify mark retired [ '/Users/nixonpaul/node_modules/@octokit/request-error' ]
4047 silly reify mark retired [ '/Users/nixonpaul/node_modules/@prisma/dev' ]
4048 silly reify mark retired [ '/Users/nixonpaul/node_modules/@prisma/compute-sdk' ]
4049 silly reify mark retired [ '/Users/nixonpaul/node_modules/@prisma/get-platform' ]
4050 silly reify mark retired [ '/Users/nixonpaul/node_modules/@prisma/engines-version' ]
4051 silly reify mark retired [ '/Users/nixonpaul/node_modules/@prisma/fetch-engine' ]
4052 silly reify mark retired [ '/Users/nixonpaul/node_modules/@prisma/orm-family-sql' ]
4053 silly reify mark retired [ '/Users/nixonpaul/node_modules/@prisma/orm-postgres' ]
4054 silly reify mark retired [ '/Users/nixonpaul/node_modules/@prisma/orm-toolchain' ]
4055 silly reify mark retired [ '/Users/nixonpaul/node_modules/@prisma/orm-target-postgres' ]
4056 silly reify mark retired [ '/Users/nixonpaul/node_modules/@prisma/management-api-sdk' ]
4057 silly reify mark retired [ '/Users/nixonpaul/node_modules/@prisma/query-plan-executor' ]
4058 silly reify mark retired [ '/Users/nixonpaul/node_modules/@prisma/orm-framework' ]
4059 silly reify mark retired [ '/Users/nixonpaul/node_modules/@prisma/streams-local' ]
4060 silly reify mark retired [ '/Users/nixonpaul/node_modules/@protobufjs/aspromise' ]
4061 silly reify mark retired [ '/Users/nixonpaul/node_modules/@protobufjs/base64' ]
4062 silly reify mark retired [ '/Users/nixonpaul/node_modules/@prisma/studio-core' ]
4063 silly reify mark retired [ '/Users/nixonpaul/node_modules/@protobufjs/codegen' ]
4064 silly reify mark retired [
4064 silly reify   '/Users/nixonpaul/node_modules/@puppeteer/browsers',
4064 silly reify   '/Users/nixonpaul/node_modules/.bin/browsers'
4064 silly reify ]
4065 silly reify mark retired [ '/Users/nixonpaul/node_modules/@protobufjs/fetch' ]
4066 silly reify mark retired [ '/Users/nixonpaul/node_modules/@protobufjs/eventemitter' ]
4067 silly reify mark retired [ '/Users/nixonpaul/node_modules/@octokit/types' ]
4068 silly reify mark retired [ '/Users/nixonpaul/node_modules/@protobufjs/utf8' ]
4069 silly reify mark retired [ '/Users/nixonpaul/node_modules/@protobufjs/float' ]
4070 silly reify mark retired [ '/Users/nixonpaul/node_modules/@protobufjs/pool' ]
4071 silly reify mark retired [ '/Users/nixonpaul/node_modules/@radix-ui/react-compose-refs' ]
4072 silly reify mark retired [ '/Users/nixonpaul/node_modules/@radix-ui/react-slot' ]
4073 silly reify mark retired [ '/Users/nixonpaul/node_modules/@rolldown/binding-darwin-arm64' ]
4074 silly reify mark retired [ '/Users/nixonpaul/node_modules/@radix-ui/react-toggle' ]
4075 silly reify mark retired [ '/Users/nixonpaul/node_modules/@protobufjs/path' ]
4076 silly reify mark retired [ '/Users/nixonpaul/node_modules/@rolldown/pluginutils' ]
4077 silly reify mark retired [
4077 silly reify   '/Users/nixonpaul/node_modules/@prisma/composer-cli',
4077 silly reify   '/Users/nixonpaul/node_modules/.bin/prisma-composer'
4077 silly reify ]
4078 silly reify mark retired [ '/Users/nixonpaul/node_modules/@radix-ui/react-primitive' ]
4079 silly reify mark retired [ '/Users/nixonpaul/node_modules/@rollup/pluginutils' ]
4080 silly reify mark retired [
4080 silly reify   '/Users/nixonpaul/node_modules/@radix-ui/react-use-controllable-state'
4080 silly reify ]
4081 silly reify mark retired [ '/Users/nixonpaul/node_modules/@smithy/core' ]
4082 silly reify mark retired [ '/Users/nixonpaul/node_modules/@sec-ant/readable-stream' ]
4083 silly reify mark retired [ '/Users/nixonpaul/node_modules/@sindresorhus/merge-streams' ]
4084 silly reify mark retired [ '/Users/nixonpaul/node_modules/@smithy/shared-ini-file-loader' ]
4085 silly reify mark retired [ '/Users/nixonpaul/node_modules/@radix-ui/react-use-layout-effect' ]
4086 silly reify mark retired [ '/Users/nixonpaul/node_modules/@smithy/util-utf8' ]
4087 silly reify mark retired [ '/Users/nixonpaul/node_modules/@smithy/util-base64' ]
4088 silly reify mark retired [ '/Users/nixonpaul/node_modules/@smithy/credential-provider-imds' ]
4089 silly reify mark retired [ '/Users/nixonpaul/node_modules/@smithy/node-http-handler' ]
4090 silly reify mark retired [ '/Users/nixonpaul/node_modules/@smithy/is-array-buffer' ]
4091 silly reify mark retired [ '/Users/nixonpaul/node_modules/@radix-ui/primitive' ]
4092 silly reify mark retired [ '/Users/nixonpaul/node_modules/@stricli/core' ]
4093 silly reify mark retired [ '/Users/nixonpaul/node_modules/@smithy/node-config-provider' ]
4094 silly reify mark retired [ '/Users/nixonpaul/node_modules/@standard-schema/spec' ]
4095 silly reify mark retired [ '/Users/nixonpaul/node_modules/@smithy/signature-v4' ]
4096 silly reify mark retired [
4096 silly reify   '/Users/nixonpaul/node_modules/@tensorflow/tfjs-core/node_modules/long'
4096 silly reify ]
4097 silly reify mark retired [ '/Users/nixonpaul/node_modules/@smithy/util-buffer-from' ]
4098 silly reify mark retired [ '/Users/nixonpaul/node_modules/@types/chai' ]
4099 silly reify mark retired [ '/Users/nixonpaul/node_modules/@types/bcrypt' ]
4100 silly reify mark retired [ '/Users/nixonpaul/node_modules/@types/d3-color' ]
4101 silly reify mark retired [ '/Users/nixonpaul/node_modules/@types/d3-format' ]
4102 silly reify mark retired [ '/Users/nixonpaul/node_modules/@smithy/types' ]
4103 silly reify mark retired [ '/Users/nixonpaul/node_modules/@types/d3-geo' ]
4104 silly reify mark retired [ '/Users/nixonpaul/node_modules/@types/aws-lambda' ]
4105 silly reify mark retired [ '/Users/nixonpaul/node_modules/@types/d3-delaunay' ]
4106 silly reify mark retired [ '/Users/nixonpaul/node_modules/@smithy/fetch-http-handler' ]
4107 silly reify mark retired [ '/Users/nixonpaul/node_modules/@types/d3-time-format' ]
4108 silly reify mark retired [ '/Users/nixonpaul/node_modules/@types/d3-array' ]
4109 silly reify mark retired [ '/Users/nixonpaul/node_modules/@types/estree' ]
4110 silly reify mark retired [ '/Users/nixonpaul/node_modules/@types/d3-interpolate' ]
4111 silly reify mark retired [ '/Users/nixonpaul/node_modules/@types/geojson' ]
4112 silly reify mark retired [ '/Users/nixonpaul/node_modules/@types/d3-path' ]
4113 silly reify mark retired [ '/Users/nixonpaul/node_modules/@types/d3-time' ]
4114 silly reify mark retired [ '/Users/nixonpaul/node_modules/@types/d3-shape' ]
4115 silly reify mark retired [ '/Users/nixonpaul/node_modules/@types/d3-scale' ]
4116 silly reify mark retired [ '/Users/nixonpaul/node_modules/@types/ms' ]
4117 silly reify mark retired [ '/Users/nixonpaul/node_modules/@types/jsonwebtoken' ]
4118 silly reify mark retired [ '/Users/nixonpaul/node_modules/@types/retry' ]
4119 silly reify mark retired [
4119 silly reify   '/Users/nixonpaul/node_modules/@types/node-fetch/node_modules/form-data'
4119 silly reify ]
4120 silly reify mark retired [ '/Users/nixonpaul/node_modules/@types/node' ]
4121 silly reify mark retired [ '/Users/nixonpaul/node_modules/@vercel/detect-agent' ]
4122 silly reify mark retired [ '/Users/nixonpaul/node_modules/@types/ws' ]
4123 silly reify mark retired [ '/Users/nixonpaul/node_modules/@types/lodash' ]
4124 silly reify mark retired [ '/Users/nixonpaul/node_modules/@types/pg' ]
4125 silly reify mark retired [
4125 silly reify   '/Users/nixonpaul/node_modules/@vercel/nft',
4125 silly reify   '/Users/nixonpaul/node_modules/.bin/nft'
4125 silly reify ]
4126 silly reify mark retired [ '/Users/nixonpaul/node_modules/@typescript/typescript-darwin-arm64' ]
4127 silly reify mark retired [ '/Users/nixonpaul/node_modules/@visx/curve' ]
4128 silly reify mark retired [ '/Users/nixonpaul/node_modules/@visx/event' ]
4129 silly reify mark retired [ '/Users/nixonpaul/node_modules/@visx/group' ]
4130 silly reify mark retired [ '/Users/nixonpaul/node_modules/@visx/grid' ]
4131 silly reify mark retired [ '/Users/nixonpaul/node_modules/@types/react' ]
4132 silly reify mark retired [ '/Users/nixonpaul/node_modules/@visx/responsive' ]
4133 silly reify mark retired [ '/Users/nixonpaul/node_modules/@types/deep-eql' ]
4134 silly reify mark retired [ '/Users/nixonpaul/node_modules/@visx/shape' ]
4135 silly reify mark retired [ '/Users/nixonpaul/node_modules/@visx/point' ]
4136 silly reify mark retired [ '/Users/nixonpaul/node_modules/@radix-ui/react-use-effect-event' ]
4137 silly reify mark retired [ '/Users/nixonpaul/node_modules/@vitest/expect' ]
4138 silly reify mark retired [ '/Users/nixonpaul/node_modules/@vitest/pretty-format' ]
4139 silly reify mark retired [ '/Users/nixonpaul/node_modules/@visx/vendor' ]
4140 silly reify mark retired [ '/Users/nixonpaul/node_modules/@vitest/mocker' ]
4141 silly reify mark retired [ '/Users/nixonpaul/node_modules/@vitest/spy' ]
4142 silly reify mark retired [ '/Users/nixonpaul/node_modules/@vitest/runner' ]
4143 silly reify mark retired [ '/Users/nixonpaul/node_modules/@visx/scale' ]
4144 silly reify mark retired [ '/Users/nixonpaul/node_modules/@vitest/snapshot' ]
4145 silly reify mark retired [ '/Users/nixonpaul/node_modules/@vitest/utils' ]
4146 silly reify moves {
4146 silly reify   '/Users/nixonpaul/node_modules/agent-base': '/Users/nixonpaul/node_modules/.agent-base-YJZ5v5h7',
4146 silly reify   '/Users/nixonpaul/node_modules/acorn': '/Users/nixonpaul/node_modules/.acorn-X3WvlSgo',
4146 silly reify   '/Users/nixonpaul/node_modules/.bin/acorn': '/Users/nixonpaul/node_modules/.bin/.acorn-EehcqeHO',
4146 silly reify   '/Users/nixonpaul/node_modules/acorn-import-attributes': '/Users/nixonpaul/node_modules/.acorn-import-attributes-g4hCvfPk',
4146 silly reify   '/Users/nixonpaul/node_modules/abbrev': '/Users/nixonpaul/node_modules/.abbrev-lIZAAJJg',
4146 silly reify   '/Users/nixonpaul/node_modules/ajv': '/Users/nixonpaul/node_modules/.ajv-V5puTdw7',
4146 silly reify   '/Users/nixonpaul/node_modules/ansi-regex': '/Users/nixonpaul/node_modules/.ansi-regex-TvRS9kek',
4146 silly reify   '/Users/nixonpaul/node_modules/ansi-escapes': '/Users/nixonpaul/node_modules/.ansi-escapes-89Q4ZVhl',
4146 silly reify   '/Users/nixonpaul/node_modules/alchemy': '/Users/nixonpaul/node_modules/.alchemy-EKCDqp3A',
4146 silly reify   '/Users/nixonpaul/node_modules/.bin/alchemy': '/Users/nixonpaul/node_modules/.bin/.alchemy-iOn8AlGw',
4146 silly reify   '/Users/nixonpaul/node_modules/arkregex': '/Users/nixonpaul/node_modules/.arkregex-J7s4dctH',
4146 silly reify   '/Users/nixonpaul/node_modules/auto-bind': '/Users/nixonpaul/node_modules/.auto-bind-owzrRkzz',
4146 silly reify   '/Users/nixonpaul/node_modules/anynum': '/Users/nixonpaul/node_modules/.anynum-SsiPV40e',
4146 silly reify   '/Users/nixonpaul/node_modules/assertion-error': '/Users/nixonpaul/node_modules/.assertion-error-u6LivpBy',
4146 silly reify   '/Users/nixonpaul/node_modules/arktype': '/Users/nixonpaul/node_modules/.arktype-rPE6WxQm',
4146 silly reify   '/Users/nixonpaul/node_modules/async-sema': '/Users/nixonpaul/node_modules/.async-sema-RKwS43kD',
4146 silly reify   '/Users/nixonpaul/node_modules/aws4fetch': '/Users/nixonpaul/node_modules/.aws4fetch-ig7D5VoB',
4146 silly reify   '/Users/nixonpaul/node_modules/b4a': '/Users/nixonpaul/node_modules/.b4a-3uyn9nzW',
4146 silly reify   '/Users/nixonpaul/node_modules/axios': '/Users/nixonpaul/node_modules/.axios-Uage5tdM',
4146 silly reify   '/Users/nixonpaul/node_modules/aws-ssl-profiles': '/Users/nixonpaul/node_modules/.aws-ssl-profiles-ET8WQrCt',
4146 silly reify   '/Users/nixonpaul/node_modules/bare-events': '/Users/nixonpaul/node_modules/.bare-events-TLvHzRND',
4146 silly reify   '/Users/nixonpaul/node_modules/bare-url': '/Users/nixonpaul/node_modules/.bare-url-n1jlprE3',
4146 silly reify   '/Users/nixonpaul/node_modules/bare-fs': '/Users/nixonpaul/node_modules/.bare-fs-611z3EvU',
4146 silly reify   '/Users/nixonpaul/node_modules/bare-stream': '/Users/nixonpaul/node_modules/.bare-stream-NAot0Tlr',
4146 silly reify   '/Users/nixonpaul/node_modules/bcrypt': '/Users/nixonpaul/node_modules/.bcrypt-HXD4szQl',
4146 silly reify   '/Users/nixonpaul/node_modules/bare-path': '/Users/nixonpaul/node_modules/.bare-path-nBCVdKMe',
4146 silly reify   '/Users/nixonpaul/node_modules/before-after-hook': '/Users/nixonpaul/node_modules/.before-after-hook-EvOsLivx',
4146 silly reify   '/Users/nixonpaul/node_modules/bignumber.js': '/Users/nixonpaul/node_modules/.bignumber.js-tMu4ikqQ',
4146 silly reify   '/Users/nixonpaul/node_modules/base64-js': '/Users/nixonpaul/node_modules/.base64-js-PFpge1n5',
4146 silly reify   '/Users/nixonpaul/node_modules/bindings': '/Users/nixonpaul/node_modules/.bindings-pftFE0P5',
4146 silly reify   '/Users/nixonpaul/node_modules/buffer-equal-constant-time': '/Users/nixonpaul/node_modules/.buffer-equal-constant-time-m7WoQkfV',
4146 silly reify   '/Users/nixonpaul/node_modules/better-result': '/Users/nixonpaul/node_modules/.better-result-Zn9ux3NJ',
4146 silly reify   '/Users/nixonpaul/node_modules/braces': '/Users/nixonpaul/node_modules/.braces-ivppRF9Q',
4146 silly reify   '/Users/nixonpaul/node_modules/bundle-name': '/Users/nixonpaul/node_modules/.bundle-name-vYpJ1LMx',
4146 silly reify   '/Users/nixonpaul/node_modules/bowser': '/Users/nixonpaul/node_modules/.bowser-kCBpd0EJ',
4146 silly reify   '/Users/nixonpaul/node_modules/capnp-es': '/Users/nixonpaul/node_modules/.capnp-es-xd1sERxT',
4146 silly reify   '/Users/nixonpaul/node_modules/.bin/capnp-es': '/Users/nixonpaul/node_modules/.bin/.capnp-es-WzbEyp1T',
4146 silly reify   '/Users/nixonpaul/node_modules/.bin/capnpc-js': '/Users/nixonpaul/node_modules/.bin/.capnpc-js-xxWIbdVh',
4146 silly reify   '/Users/nixonpaul/node_modules/.bin/capnpc-dts': '/Users/nixonpaul/node_modules/.bin/.capnpc-dts-8YTUZlsp',
4146 silly reify   '/Users/nixonpaul/node_modules/.bin/capnpc-ts': '/Users/nixonpaul/node_modules/.bin/.capnpc-ts-zdo5LW3c',
4146 silly reify   '/Users/nixonpaul/node_modules/capnweb': '/Users/nixonpaul/node_modules/.capnweb-EezgentB',
4146 silly reify   '/Users/nixonpaul/node_modules/c12': '/Users/nixonpaul/node_modules/.c12-83LCHQs9',
4146 silly reify   '/Users/nixonpaul/node_modules/chai': '/Users/nixonpaul/node_modules/.chai-LmwiGxYS',
4146 silly reify   '/Users/nixonpaul/node_modules/chevrotain': '/Users/nixonpaul/node_modules/.chevrotain-a0L4wbVJ',
4146 silly reify   '/Users/nixonpaul/node_modules/chownr': '/Users/nixonpaul/node_modules/.chownr-qD1q6pXc',
4146 silly reify   '/Users/nixonpaul/node_modules/cli-cursor': '/Users/nixonpaul/node_modules/.cli-cursor-iqjWOGnb',
4146 silly reify   '/Users/nixonpaul/node_modules/cli-boxes': '/Users/nixonpaul/node_modules/.cli-boxes-MoVsCArD',
4146 silly reify   '/Users/nixonpaul/node_modules/chokidar': '/Users/nixonpaul/node_modules/.chokidar-lxkexKKE',
4146 silly reify   '/Users/nixonpaul/node_modules/ci-info': '/Users/nixonpaul/node_modules/.ci-info-XjTcCP4z',
4146 silly reify   '/Users/nixonpaul/node_modules/cli-truncate': '/Users/nixonpaul/node_modules/.cli-truncate-D8avOSvE',
4146 silly reify   '/Users/nixonpaul/node_modules/cliui/node_modules/string-width': '/Users/nixonpaul/node_modules/cliui/node_modules/.string-width-V6mzKTDc',
4146 silly reify   '/Users/nixonpaul/node_modules/cliui/node_modules/strip-ansi': '/Users/nixonpaul/node_modules/cliui/node_modules/.strip-ansi-TJMwZZz4',
4146 silly reify   '/Users/nixonpaul/node_modules/cliui/node_modules/wrap-ansi': '/Users/nixonpaul/node_modules/cliui/node_modules/.wrap-ansi-790Pd3Hl',
4146 silly reify   '/Users/nixonpaul/node_modules/clipanion': '/Users/nixonpaul/node_modules/.clipanion-p0Hwq0XE',
4146 silly reify   '/Users/nixonpaul/node_modules/classnames': '/Users/nixonpaul/node_modules/.classnames-GVGfsPpo',
4146 silly reify   '/Users/nixonpaul/node_modules/closest-match': '/Users/nixonpaul/node_modules/.closest-match-aGU4n9pz',
4146 silly reify   '/Users/nixonpaul/node_modules/code-excerpt': '/Users/nixonpaul/node_modules/.code-excerpt-kd7SHXOK',
4146 silly reify   '/Users/nixonpaul/node_modules/colorette': '/Users/nixonpaul/node_modules/.colorette-gCq2MzQB',
4146 silly reify   '/Users/nixonpaul/node_modules/convert-source-map': '/Users/nixonpaul/node_modules/.convert-source-map-Z55okFE9',
4146 silly reify   '/Users/nixonpaul/node_modules/consola': '/Users/nixonpaul/node_modules/.consola-h6PdYKBC',
4146 silly reify   '/Users/nixonpaul/node_modules/content-type': '/Users/nixonpaul/node_modules/.content-type-uxKzNHIo',
4146 silly reify   '/Users/nixonpaul/node_modules/core-util-is': '/Users/nixonpaul/node_modules/.core-util-is-NkhJFsMk',
4146 silly reify   '/Users/nixonpaul/node_modules/confbox': '/Users/nixonpaul/node_modules/.confbox-Ehx7T6HP',
4146 silly reify   '/Users/nixonpaul/node_modules/csstype': '/Users/nixonpaul/node_modules/.csstype-xcl24HNj',
4146 silly reify   '/Users/nixonpaul/node_modules/convert-to-spaces': '/Users/nixonpaul/node_modules/.convert-to-spaces-MYJ3AIUb',
4146 silly reify   '/Users/nixonpaul/node_modules/cross-spawn': '/Users/nixonpaul/node_modules/.cross-spawn-1ucNerHK',
4146 silly reify   '/Users/nixonpaul/node_modules/d3-array': '/Users/nixonpaul/node_modules/.d3-array-Ku1lFHpb',
4146 silly reify   '/Users/nixonpaul/node_modules/d3-color': '/Users/nixonpaul/node_modules/.d3-color-3N4ZWt4x',
4146 silly reify   '/Users/nixonpaul/node_modules/d3-delaunay': '/Users/nixonpaul/node_modules/.d3-delaunay-mrrVPyqc',
4146 silly reify   '/Users/nixonpaul/node_modules/d3-path': '/Users/nixonpaul/node_modules/.d3-path-GbQtzbpD',
4146 silly reify   '/Users/nixonpaul/node_modules/d3-geo': '/Users/nixonpaul/node_modules/.d3-geo-rXxDobIC',
4146 silly reify   '/Users/nixonpaul/node_modules/d3-format': '/Users/nixonpaul/node_modules/.d3-format-H6Q6PbbR',
4146 silly reify   '/Users/nixonpaul/node_modules/d3-shape': '/Users/nixonpaul/node_modules/.d3-shape-EoLLHHHq',
4146 silly reify   '/Users/nixonpaul/node_modules/d3-interpolate': '/Users/nixonpaul/node_modules/.d3-interpolate-0MpM90V0',
4146 silly reify   '/Users/nixonpaul/node_modules/d3-time': '/Users/nixonpaul/node_modules/.d3-time-32gBWYYz',
4146 silly reify   '/Users/nixonpaul/node_modules/data-uri-to-buffer': '/Users/nixonpaul/node_modules/.data-uri-to-buffer-0QxUvIPi',
4146 silly reify   '/Users/nixonpaul/node_modules/deepmerge-ts': '/Users/nixonpaul/node_modules/.deepmerge-ts-9c4bTbca',
4146 silly reify   '/Users/nixonpaul/node_modules/debug': '/Users/nixonpaul/node_modules/.debug-ut5hU6j9',
4146 silly reify   '/Users/nixonpaul/node_modules/d3-time-format': '/Users/nixonpaul/node_modules/.d3-time-format-aWLof7Tn',
4146 silly reify   '/Users/nixonpaul/node_modules/d3-scale': '/Users/nixonpaul/node_modules/.d3-scale-XraOFpcf',
4146 silly reify   '/Users/nixonpaul/node_modules/default-browser': '/Users/nixonpaul/node_modules/.default-browser-WoFUhkhJ',
4146 silly reify   '/Users/nixonpaul/node_modules/default-browser-id': '/Users/nixonpaul/node_modules/.default-browser-id-J2l8cDJw',
4146 silly reify   '/Users/nixonpaul/node_modules/defu': '/Users/nixonpaul/node_modules/.defu-t2SpxSZ2',
4146 silly reify   '/Users/nixonpaul/node_modules/define-lazy-prop': '/Users/nixonpaul/node_modules/.define-lazy-prop-aCGrJHdU',
4146 silly reify   '/Users/nixonpaul/node_modules/delaunator': '/Users/nixonpaul/node_modules/.delaunator-ncyg44Le',
4146 silly reify   '/Users/nixonpaul/node_modules/denque': '/Users/nixonpaul/node_modules/.denque-PDhzTVDm',
4146 silly reify   '/Users/nixonpaul/node_modules/detect-libc': '/Users/nixonpaul/node_modules/.detect-libc-Sx1BuG3l',
4146 silly reify   '/Users/nixonpaul/node_modules/destr': '/Users/nixonpaul/node_modules/.destr-1jLhjlqU',
4146 silly reify   '/Users/nixonpaul/node_modules/dotenv': '/Users/nixonpaul/node_modules/.dotenv-UR1kwDfw',
4146 silly reify   '/Users/nixonpaul/node_modules/elkjs': '/Users/nixonpaul/node_modules/.elkjs-zOqxOeqk',
4146 silly reify   '/Users/nixonpaul/node_modules/ecdsa-sig-formatter': '/Users/nixonpaul/node_modules/.ecdsa-sig-formatter-3ueWvbBC',
4146 silly reify   '/Users/nixonpaul/node_modules/environment': '/Users/nixonpaul/node_modules/.environment-Bzf7vXDY',
4146 silly reify   '/Users/nixonpaul/node_modules/empathic': '/Users/nixonpaul/node_modules/.empathic-o7MRqttP',
4146 silly reify   '/Users/nixonpaul/node_modules/env-paths': '/Users/nixonpaul/node_modules/.env-paths-19IDu05f',
4146 silly reify   '/Users/nixonpaul/node_modules/effect': '/Users/nixonpaul/node_modules/.effect-aESE4K2M',
4146 silly reify   '/Users/nixonpaul/node_modules/es-set-tostringtag/node_modules/hasown': '/Users/nixonpaul/node_modules/es-set-tostringtag/node_modules/.hasown-kOdeakz0',
4146 silly reify   '/Users/nixonpaul/node_modules/es-module-lexer': '/Users/nixonpaul/node_modules/.es-module-lexer-525YO7Yh',
4146 silly reify   '/Users/nixonpaul/node_modules/escape-string-regexp': '/Users/nixonpaul/node_modules/.escape-string-regexp-kUl3Gj4c',
4146 silly reify   '/Users/nixonpaul/node_modules/es-toolkit': '/Users/nixonpaul/node_modules/.es-toolkit-bULFtxyr',
4146 silly reify   '/Users/nixonpaul/node_modules/estree-walker': '/Users/nixonpaul/node_modules/.estree-walker-rlVhMnRv',
4146 silly reify   '/Users/nixonpaul/node_modules/esbuild': '/Users/nixonpaul/node_modules/.esbuild-qv4bsBIP',
4146 silly reify   '/Users/nixonpaul/node_modules/.bin/esbuild': '/Users/nixonpaul/node_modules/.bin/.esbuild-VTxBlPFW',
4146 silly reify   '/Users/nixonpaul/node_modules/expect-type': '/Users/nixonpaul/node_modules/.expect-type-rM8ZpkHc',
4146 silly reify   '/Users/nixonpaul/node_modules/events-universal': '/Users/nixonpaul/node_modules/.events-universal-vgMrvd6p',
4146 silly reify   '/Users/nixonpaul/node_modules/execa': '/Users/nixonpaul/node_modules/.execa-tH48Ncgg',
4146 silly reify   '/Users/nixonpaul/node_modules/exsolve': '/Users/nixonpaul/node_modules/.exsolve-vK34orjK',
4146 silly reify   '/Users/nixonpaul/node_modules/fast-check': '/Users/nixonpaul/node_modules/.fast-check-6oEBiYGz',
4146 silly reify   '/Users/nixonpaul/node_modules/fast-deep-equal': '/Users/nixonpaul/node_modules/.fast-deep-equal-fZr34E6F',
4146 silly reify   '/Users/nixonpaul/node_modules/extend': '/Users/nixonpaul/node_modules/.extend-1PNyHZri',
4146 silly reify   '/Users/nixonpaul/node_modules/fast-fifo': '/Users/nixonpaul/node_modules/.fast-fifo-POzfvlzq',
4146 silly reify   '/Users/nixonpaul/node_modules/fast-decode-uri-component': '/Users/nixonpaul/node_modules/.fast-decode-uri-component-O2fBzYYC',
4146 silly reify   '/Users/nixonpaul/node_modules/fast-querystring': '/Users/nixonpaul/node_modules/.fast-querystring-ii3hZFRB',
4146 silly reify   '/Users/nixonpaul/node_modules/fast-string-width': '/Users/nixonpaul/node_modules/.fast-string-width-xJInfNZf',
4146 silly reify   '/Users/nixonpaul/node_modules/fast-xml-builder': '/Users/nixonpaul/node_modules/.fast-xml-builder-dckuzAQp',
4146 silly reify   '/Users/nixonpaul/node_modules/fast-glob': '/Users/nixonpaul/node_modules/.fast-glob-gbIvq5d5',
4146 silly reify   '/Users/nixonpaul/node_modules/fast-wrap-ansi': '/Users/nixonpaul/node_modules/.fast-wrap-ansi-7C2XAo22',
4146 silly reify   '/Users/nixonpaul/node_modules/fast-uri': '/Users/nixonpaul/node_modules/.fast-uri-B3HAtabT',
4146 silly reify   '/Users/nixonpaul/node_modules/fetch-blob': '/Users/nixonpaul/node_modules/.fetch-blob-cbCA3SqA',
4146 silly reify   '/Users/nixonpaul/node_modules/fast-xml-parser': '/Users/nixonpaul/node_modules/.fast-xml-parser-ihpMi0q6',
4146 silly reify   '/Users/nixonpaul/node_modules/.bin/fxparser': '/Users/nixonpaul/node_modules/.bin/.fxparser-o1arcv2J',
4146 silly reify   '/Users/nixonpaul/node_modules/figures': '/Users/nixonpaul/node_modules/.figures-vZn7U6B0',
4146 silly reify   '/Users/nixonpaul/node_modules/fdir': '/Users/nixonpaul/node_modules/.fdir-wW4zvJbG',
4146 silly reify   '/Users/nixonpaul/node_modules/fastq': '/Users/nixonpaul/node_modules/.fastq-LPrYqLDZ',
4146 silly reify   '/Users/nixonpaul/node_modules/file-uri-to-path': '/Users/nixonpaul/node_modules/.file-uri-to-path-6lcrxab4',
4146 silly reify   '/Users/nixonpaul/node_modules/form-data': '/Users/nixonpaul/node_modules/.form-data-MSfGkgYe',
4146 silly reify   '/Users/nixonpaul/node_modules/fill-range': '/Users/nixonpaul/node_modules/.fill-range-YKoMYZFH',
4146 silly reify   '/Users/nixonpaul/node_modules/follow-redirects': '/Users/nixonpaul/node_modules/.follow-redirects-WclXrBuR',
4146 silly reify   '/Users/nixonpaul/node_modules/formdata-polyfill': '/Users/nixonpaul/node_modules/.formdata-polyfill-0uV6pQ1z',
4146 silly reify   '/Users/nixonpaul/node_modules/foreground-child': '/Users/nixonpaul/node_modules/.foreground-child-IEz8cLYF',
4146 silly reify   '/Users/nixonpaul/node_modules/fsevents': '/Users/nixonpaul/node_modules/.fsevents-WH5S0jAY',
4146 silly reify   '/Users/nixonpaul/node_modules/generate-function': '/Users/nixonpaul/node_modules/.generate-function-StXuUybw',
4146 silly reify   '/Users/nixonpaul/node_modules/get-intrinsic/node_modules/hasown': '/Users/nixonpaul/node_modules/get-intrinsic/node_modules/.hasown-K6zRqCyd',
4146 silly reify   '/Users/nixonpaul/node_modules/gcp-metadata': '/Users/nixonpaul/node_modules/.gcp-metadata-CApjvr8A',
4146 silly reify   '/Users/nixonpaul/node_modules/gaxios': '/Users/nixonpaul/node_modules/.gaxios-ereKb49S',
4146 silly reify   '/Users/nixonpaul/node_modules/get-east-asian-width': '/Users/nixonpaul/node_modules/.get-east-asian-width-iJWZYoCK',
4146 silly reify   '/Users/nixonpaul/node_modules/get-port-please': '/Users/nixonpaul/node_modules/.get-port-please-LTuJnJOS',
4146 silly reify   '/Users/nixonpaul/node_modules/get-stream': '/Users/nixonpaul/node_modules/.get-stream-y10ymDba',
4146 silly reify   '/Users/nixonpaul/node_modules/google-logging-utils': '/Users/nixonpaul/node_modules/.google-logging-utils-6STL0j5W',
4146 silly reify   '/Users/nixonpaul/node_modules/find-my-way': '/Users/nixonpaul/node_modules/.find-my-way-zn22u8r1',
4146 silly reify   '/Users/nixonpaul/node_modules/google-auth-library': '/Users/nixonpaul/node_modules/.google-auth-library-CK9NQUd4',
4146 silly reify   '/Users/nixonpaul/node_modules/graceful-fs': '/Users/nixonpaul/node_modules/.graceful-fs-LeLHvwtP',
4146 silly reify   '/Users/nixonpaul/node_modules/graphmatch': '/Users/nixonpaul/node_modules/.graphmatch-ePtFx5yT',
4146 silly reify   '/Users/nixonpaul/node_modules/glob-parent': '/Users/nixonpaul/node_modules/.glob-parent-wbpoI5ts',
4146 silly reify   '/Users/nixonpaul/node_modules/grammex': '/Users/nixonpaul/node_modules/.grammex-Of3NukHF',
4146 silly reify   '/Users/nixonpaul/node_modules/fast-string-truncated-width': '/Users/nixonpaul/node_modules/.fast-string-truncated-width-OVTHDJkN',
4146 silly reify   '/Users/nixonpaul/node_modules/hasown': '/Users/nixonpaul/node_modules/.hasown-84IpIxig',
4146 silly reify   '/Users/nixonpaul/node_modules/https-proxy-agent': '/Users/nixonpaul/node_modules/.https-proxy-agent-eujjSoyc',
4146 silly reify   '/Users/nixonpaul/node_modules/hono': '/Users/nixonpaul/node_modules/.hono-GtInUmlJ',
4146 silly reify   '/Users/nixonpaul/node_modules/immediate': '/Users/nixonpaul/node_modules/.immediate-MMayQOMc',
4146 silly reify   '/Users/nixonpaul/node_modules/http-status-codes': '/Users/nixonpaul/node_modules/.http-status-codes-BY1PMWMH',
4146 silly reify   '/Users/nixonpaul/node_modules/human-signals': '/Users/nixonpaul/node_modules/.human-signals-wto9H27w',
4146 silly reify   '/Users/nixonpaul/node_modules/indent-string': '/Users/nixonpaul/node_modules/.indent-string-3yQovTkp',
4146 silly reify   '/Users/nixonpaul/node_modules/iconv-lite': '/Users/nixonpaul/node_modules/.iconv-lite-2ZzD6lGk',
4146 silly reify   '/Users/nixonpaul/node_modules/is-docker': '/Users/nixonpaul/node_modules/.is-docker-1VQwfdhq',
4146 silly reify   '/Users/nixonpaul/node_modules/.bin/is-docker': '/Users/nixonpaul/node_modules/.bin/.is-docker-ppbLVaWQ',
4146 silly reify   '/Users/nixonpaul/node_modules/is-extglob': '/Users/nixonpaul/node_modules/.is-extglob-yejjdsMT',
4146 silly reify   '/Users/nixonpaul/node_modules/is-glob': '/Users/nixonpaul/node_modules/.is-glob-wqmYJ67e',
4146 silly reify   '/Users/nixonpaul/node_modules/is-in-ci': '/Users/nixonpaul/node_modules/.is-in-ci-DuqzOLKO',
4146 silly reify   '/Users/nixonpaul/node_modules/.bin/is-in-ci': '/Users/nixonpaul/node_modules/.bin/.is-in-ci-byNQyYuV',
4146 silly reify   '/Users/nixonpaul/node_modules/internmap': '/Users/nixonpaul/node_modules/.internmap-wj29WzNm',
4146 silly reify   '/Users/nixonpaul/node_modules/ink': '/Users/nixonpaul/node_modules/.ink-0QcTzZ7B',
4146 silly reify   '/Users/nixonpaul/node_modules/is-number': '/Users/nixonpaul/node_modules/.is-number-2U2inxtu',
4146 silly reify   '/Users/nixonpaul/node_modules/is-inside-container': '/Users/nixonpaul/node_modules/.is-inside-container-hx0YGqO0',
4146 silly reify   '/Users/nixonpaul/node_modules/.bin/is-inside-container': '/Users/nixonpaul/node_modules/.bin/.is-inside-container-cIkwMTYw',
4146 silly reify   '/Users/nixonpaul/node_modules/is-unicode-supported': '/Users/nixonpaul/node_modules/.is-unicode-supported-77o7NZ3S',
4146 silly reify   '/Users/nixonpaul/node_modules/is-in-ssh': '/Users/nixonpaul/node_modules/.is-in-ssh-WXqghOGb',
4146 silly reify   '/Users/nixonpaul/node_modules/is-plain-obj': '/Users/nixonpaul/node_modules/.is-plain-obj-8HwdOTbE',
4146 silly reify   '/Users/nixonpaul/node_modules/is-wsl': '/Users/nixonpaul/node_modules/.is-wsl-RvvOmT2m',
4146 silly reify   '/Users/nixonpaul/node_modules/is-property': '/Users/nixonpaul/node_modules/.is-property-sjOryCtK',
4146 silly reify   '/Users/nixonpaul/node_modules/isarray': '/Users/nixonpaul/node_modules/.isarray-wgnkBfFz',
4146 silly reify   '/Users/nixonpaul/node_modules/is-unsafe': '/Users/nixonpaul/node_modules/.is-unsafe-G4jZr1Wb',
4146 silly reify   '/Users/nixonpaul/node_modules/jiti': '/Users/nixonpaul/node_modules/.jiti-nnnkS7r0',
4146 silly reify   '/Users/nixonpaul/node_modules/.bin/jiti': '/Users/nixonpaul/node_modules/.bin/.jiti-9b6BZNH1',
4146 silly reify   '/Users/nixonpaul/node_modules/jju': '/Users/nixonpaul/node_modules/.jju-4yHS4XtC',
4146 silly reify   '/Users/nixonpaul/node_modules/json-bigint': '/Users/nixonpaul/node_modules/.json-bigint-6kmDyrjC',
4146 silly reify   '/Users/nixonpaul/node_modules/isexe': '/Users/nixonpaul/node_modules/.isexe-bwDTBktU',
4146 silly reify   '/Users/nixonpaul/node_modules/is-stream': '/Users/nixonpaul/node_modules/.is-stream-Zj35g7Jn',
4146 silly reify   '/Users/nixonpaul/node_modules/js-base64': '/Users/nixonpaul/node_modules/.js-base64-udDIM2RH',
4146 silly reify   '/Users/nixonpaul/node_modules/json-schema-traverse': '/Users/nixonpaul/node_modules/.json-schema-traverse-kHb2kQj4',
4146 silly reify   '/Users/nixonpaul/node_modules/jwa': '/Users/nixonpaul/node_modules/.jwa-V0ViyVJl',
4146 silly reify   '/Users/nixonpaul/node_modules/jsonc-parser': '/Users/nixonpaul/node_modules/.jsonc-parser-BPGeZxbt',
4146 silly reify   '/Users/nixonpaul/node_modules/json-with-bigint': '/Users/nixonpaul/node_modules/.json-with-bigint-REVm7EqC',
4146 silly reify   '/Users/nixonpaul/node_modules/jszip': '/Users/nixonpaul/node_modules/.jszip-fgtPRTOi',
4146 silly reify   '/Users/nixonpaul/node_modules/libsodium': '/Users/nixonpaul/node_modules/.libsodium-Dfwmsbx3',
4146 silly reify   '/Users/nixonpaul/node_modules/libsql': '/Users/nixonpaul/node_modules/.libsql-ozXEhuRt',
4146 silly reify   '/Users/nixonpaul/node_modules/libsodium-wrappers': '/Users/nixonpaul/node_modules/.libsodium-wrappers-IayzNwZM',
4146 silly reify   '/Users/nixonpaul/node_modules/jsonwebtoken': '/Users/nixonpaul/node_modules/.jsonwebtoken-Gxl4ohfk',
4146 silly reify   '/Users/nixonpaul/node_modules/jws': '/Users/nixonpaul/node_modules/.jws-fDCnOQvb',
4146 silly reify   '/Users/nixonpaul/node_modules/lilconfig': '/Users/nixonpaul/node_modules/.lilconfig-5yrcKHO7',
4146 silly reify   '/Users/nixonpaul/node_modules/lightningcss-darwin-arm64': '/Users/nixonpaul/node_modules/.lightningcss-darwin-arm64-Xry3EW5C',
4146 silly reify   '/Users/nixonpaul/node_modules/lie': '/Users/nixonpaul/node_modules/.lie-9Bm8fBLV',
4146 silly reify   '/Users/nixonpaul/node_modules/lightningcss': '/Users/nixonpaul/node_modules/.lightningcss-x9kEzCbR',
4146 silly reify   '/Users/nixonpaul/node_modules/lodash.isnumber': '/Users/nixonpaul/node_modules/.lodash.isnumber-ZUGwIhOo',
4146 silly reify   '/Users/nixonpaul/node_modules/lodash.isboolean': '/Users/nixonpaul/node_modules/.lodash.isboolean-IYJKVby4',
4146 silly reify   '/Users/nixonpaul/node_modules/lodash.includes': '/Users/nixonpaul/node_modules/.lodash.includes-tK9PGhim',
4146 silly reify   '/Users/nixonpaul/node_modules/lodash.once': '/Users/nixonpaul/node_modules/.lodash.once-EOw2IIzG',
4146 silly reify   '/Users/nixonpaul/node_modules/lodash': '/Users/nixonpaul/node_modules/.lodash-FcOBgRtp',
4146 silly reify   '/Users/nixonpaul/node_modules/lodash.isinteger': '/Users/nixonpaul/node_modules/.lodash.isinteger-RbwG3OJm',
4146 silly reify   '/Users/nixonpaul/node_modules/lodash.isplainobject': '/Users/nixonpaul/node_modules/.lodash.isplainobject-my49lBmQ',
4146 silly reify   '/Users/nixonpaul/node_modules/lodash.isstring': '/Users/nixonpaul/node_modules/.lodash.isstring-YcOEu92y',
4146 silly reify   '/Users/nixonpaul/node_modules/magic-string': '/Users/nixonpaul/node_modules/.magic-string-rqMUNWyr',
4146 silly reify   '/Users/nixonpaul/node_modules/long': '/Users/nixonpaul/node_modules/.long-hwEqlnwH',
4146 silly reify   '/Users/nixonpaul/node_modules/micromatch': '/Users/nixonpaul/node_modules/.micromatch-ti2yOZgL',
4146 silly reify   '/Users/nixonpaul/node_modules/lru.min': '/Users/nixonpaul/node_modules/.lru.min-nKp9rKhL',
4146 silly reify   '/Users/nixonpaul/node_modules/magicast': '/Users/nixonpaul/node_modules/.magicast-vAQdCmr7',
4146 silly reify   '/Users/nixonpaul/node_modules/merge2': '/Users/nixonpaul/node_modules/.merge2-r6CDAhus',
4146 silly reify   '/Users/nixonpaul/node_modules/mimic-fn': '/Users/nixonpaul/node_modules/.mimic-fn-PAV93N3L',
4146 silly reify   '/Users/nixonpaul/node_modules/minipass': '/Users/nixonpaul/node_modules/.minipass-LMtd2Y1J',
4146 silly reify   '/Users/nixonpaul/node_modules/lru-cache': '/Users/nixonpaul/node_modules/.lru-cache-s4lfGcwI',
4146 silly reify   '/Users/nixonpaul/node_modules/ms': '/Users/nixonpaul/node_modules/.ms-FTIf2tPd',
4146 silly reify   '/Users/nixonpaul/node_modules/minizlib': '/Users/nixonpaul/node_modules/.minizlib-dm0HeMUv',
4146 silly reify   '/Users/nixonpaul/node_modules/modern-tar': '/Users/nixonpaul/node_modules/.modern-tar-qMoYCvAw',
4146 silly reify   '/Users/nixonpaul/node_modules/named-placeholders': '/Users/nixonpaul/node_modules/.named-placeholders-yBDTDwfr',
4146 silly reify   '/Users/nixonpaul/node_modules/msgpackr': '/Users/nixonpaul/node_modules/.msgpackr-dpbR33sd',
4146 silly reify   '/Users/nixonpaul/node_modules/msgpackr-extract': '/Users/nixonpaul/node_modules/.msgpackr-extract-DS9JchoZ',
4146 silly reify   '/Users/nixonpaul/node_modules/.bin/download-msgpackr-prebuilds': '/Users/nixonpaul/node_modules/.bin/.download-msgpackr-prebuilds-Wtw7VATM',
4146 silly reify   '/Users/nixonpaul/node_modules/mysql2': '/Users/nixonpaul/node_modules/.mysql2-HMvKXiB9',
4146 silly reify   '/Users/nixonpaul/node_modules/node-gyp-build': '/Users/nixonpaul/node_modules/.node-gyp-build-UNbFCZ1K',
4146 silly reify   '/Users/nixonpaul/node_modules/.bin/node-gyp-build': '/Users/nixonpaul/node_modules/.bin/.node-gyp-build-Zn0JJrmI',
4146 silly reify   '/Users/nixonpaul/node_modules/.bin/node-gyp-build-optional': '/Users/nixonpaul/node_modules/.bin/.node-gyp-build-optional-7ZdN6cEJ',
4146 silly reify   '/Users/nixonpaul/node_modules/.bin/node-gyp-build-test': '/Users/nixonpaul/node_modules/.bin/.node-gyp-build-test-gQARW7Az',
4146 silly reify   '/Users/nixonpaul/node_modules/node-domexception': '/Users/nixonpaul/node_modules/.node-domexception-orJZfFls',
4146 silly reify   '/Users/nixonpaul/node_modules/giget': '/Users/nixonpaul/node_modules/.giget-gURKZs2r',
4146 silly reify   '/Users/nixonpaul/node_modules/.bin/giget': '/Users/nixonpaul/node_modules/.bin/.giget-lRt1m41T',
4146 silly reify   '/Users/nixonpaul/node_modules/node-addon-api': '/Users/nixonpaul/node_modules/.node-addon-api-85ZZuXtj',
4146 silly reify   '/Users/nixonpaul/node_modules/node-gyp-build-optional-packages': '/Users/nixonpaul/node_modules/.node-gyp-build-optional-packages-vCpbBNVK',
4146 silly reify   '/Users/nixonpaul/node_modules/.bin/node-gyp-build-optional-packages': '/Users/nixonpaul/node_modules/.bin/.node-gyp-build-optional-packages-My0ao2Ll',
4146 silly reify   '/Users/nixonpaul/node_modules/.bin/node-gyp-build-optional-packages-optional': '/Users/nixonpaul/node_modules/.bin/.node-gyp-build-optional-packages-optional-ASsLcCzg',
4146 silly reify   '/Users/nixonpaul/node_modules/.bin/node-gyp-build-optional-packages-test': '/Users/nixonpaul/node_modules/.bin/.node-gyp-build-optional-packages-test-CWPPQY3O',
4146 silly reify   '/Users/nixonpaul/node_modules/nanoid': '/Users/nixonpaul/node_modules/.nanoid-s1q1TDWt',
4146 silly reify   '/Users/nixonpaul/node_modules/.bin/nanoid': '/Users/nixonpaul/node_modules/.bin/.nanoid-i80gZSch',
4146 silly reify   '/Users/nixonpaul/node_modules/nopt': '/Users/nixonpaul/node_modules/.nopt-9sdDfQ3N',
4146 silly reify   '/Users/nixonpaul/node_modules/.bin/nopt': '/Users/nixonpaul/node_modules/.bin/.nopt-nk88RBwy',
4146 silly reify   '/Users/nixonpaul/node_modules/npm-run-path': '/Users/nixonpaul/node_modules/.npm-run-path-PrfMStrm',
4146 silly reify   '/Users/nixonpaul/node_modules/onetime': '/Users/nixonpaul/node_modules/.onetime-NQdkxG7T',
4146 silly reify   '/Users/nixonpaul/node_modules/ohash': '/Users/nixonpaul/node_modules/.ohash-1yzzM5al',
4146 silly reify   '/Users/nixonpaul/node_modules/openapi-fetch': '/Users/nixonpaul/node_modules/.openapi-fetch-yq5BJcko',
4146 silly reify   '/Users/nixonpaul/node_modules/open': '/Users/nixonpaul/node_modules/.open-HlxGNteG',
4146 silly reify   '/Users/nixonpaul/node_modules/p-retry': '/Users/nixonpaul/node_modules/.p-retry-x6cFmOok',
4146 silly reify   '/Users/nixonpaul/node_modules/package-manager-detector': '/Users/nixonpaul/node_modules/.package-manager-detector-ocHfh9iD',
4146 silly reify   '/Users/nixonpaul/node_modules/obug': '/Users/nixonpaul/node_modules/.obug-TYXeNBuC',
4146 silly reify   '/Users/nixonpaul/node_modules/openapi-typescript-helpers': '/Users/nixonpaul/node_modules/.openapi-typescript-helpers-CiuvwN0m',
4146 silly reify   '/Users/nixonpaul/node_modules/patch-console': '/Users/nixonpaul/node_modules/.patch-console-mDeq4XTV',
4146 silly reify   '/Users/nixonpaul/node_modules/parse-ms': '/Users/nixonpaul/node_modules/.parse-ms-cJGx8Yny',
4146 silly reify   '/Users/nixonpaul/node_modules/pako': '/Users/nixonpaul/node_modules/.pako-OtOSwj00',
4146 silly reify   '/Users/nixonpaul/node_modules/path-expression-matcher': '/Users/nixonpaul/node_modules/.path-expression-matcher-2WmpA5Jw',
4146 silly reify   '/Users/nixonpaul/node_modules/pathe': '/Users/nixonpaul/node_modules/.pathe-DDvJ6yaj',
4146 silly reify   '/Users/nixonpaul/node_modules/path-key': '/Users/nixonpaul/node_modules/.path-key-xlhmA0Ux',
4146 silly reify   '/Users/nixonpaul/node_modules/pg-cloudflare': '/Users/nixonpaul/node_modules/.pg-cloudflare-xDkYuS2G',
4146 silly reify   '/Users/nixonpaul/node_modules/perfect-debounce': '/Users/nixonpaul/node_modules/.perfect-debounce-dpeG50yL',
4146 silly reify   '/Users/nixonpaul/node_modules/pg': '/Users/nixonpaul/node_modules/.pg-zS2M4vXl',
4146 silly reify   '/Users/nixonpaul/node_modules/pg-connection-string': '/Users/nixonpaul/node_modules/.pg-connection-string-O3B1gxKU',
4146 silly reify   '/Users/nixonpaul/node_modules/pend': '/Users/nixonpaul/node_modules/.pend-zDMLDHI8',
4146 silly reify   '/Users/nixonpaul/node_modules/pg-int8': '/Users/nixonpaul/node_modules/.pg-int8-GVtJBR8S',
4146 silly reify   '/Users/nixonpaul/node_modules/pg-pool': '/Users/nixonpaul/node_modules/.pg-pool-2SmZ2t87',
4146 silly reify   '/Users/nixonpaul/node_modules/pg-types': '/Users/nixonpaul/node_modules/.pg-types-52o49cmx',
4146 silly reify   '/Users/nixonpaul/node_modules/path-scurry': '/Users/nixonpaul/node_modules/.path-scurry-q6yTEeuq',
4146 silly reify   '/Users/nixonpaul/node_modules/pg-cursor': '/Users/nixonpaul/node_modules/.pg-cursor-5UIx1Nll',
4146 silly reify   '/Users/nixonpaul/node_modules/picocolors': '/Users/nixonpaul/node_modules/.picocolors-8V7ocMU1',
4146 silly reify   '/Users/nixonpaul/node_modules/pgpass': '/Users/nixonpaul/node_modules/.pgpass-jsv2K8jp',
4146 silly reify   '/Users/nixonpaul/node_modules/pluralize': '/Users/nixonpaul/node_modules/.pluralize-PlscN3zY',
4146 silly reify   '/Users/nixonpaul/node_modules/pkg-types': '/Users/nixonpaul/node_modules/.pkg-types-KooVauWw',
4146 silly reify   '/Users/nixonpaul/node_modules/picomatch': '/Users/nixonpaul/node_modules/.picomatch-TmzpqZ5p',
4146 silly reify   '/Users/nixonpaul/node_modules/pg-protocol': '/Users/nixonpaul/node_modules/.pg-protocol-wwrTxFY8',
4146 silly reify   '/Users/nixonpaul/node_modules/postcss': '/Users/nixonpaul/node_modules/.postcss-eRIzMpIt',
4146 silly reify   '/Users/nixonpaul/node_modules/postgres-array': '/Users/nixonpaul/node_modules/.postgres-array-mtT5joM4',
4146 silly reify   '/Users/nixonpaul/node_modules/postgres': '/Users/nixonpaul/node_modules/.postgres-ONQ2ijnI',
4146 silly reify   '/Users/nixonpaul/node_modules/postgres-date': '/Users/nixonpaul/node_modules/.postgres-date-ZnFk5T5v',
4146 silly reify   '/Users/nixonpaul/node_modules/postgres-bytea': '/Users/nixonpaul/node_modules/.postgres-bytea-2ENtLMhw',
4146 silly reify   '/Users/nixonpaul/node_modules/postgres-interval': '/Users/nixonpaul/node_modules/.postgres-interval-snZaDUiM',
4146 silly reify   '/Users/nixonpaul/node_modules/process-nextick-args': '/Users/nixonpaul/node_modules/.process-nextick-args-Vl9wCIjO',
4146 silly reify   '/Users/nixonpaul/node_modules/prettier': '/Users/nixonpaul/node_modules/.prettier-YiQCuuuQ',
4146 silly reify   '/Users/nixonpaul/node_modules/.bin/prettier': '/Users/nixonpaul/node_modules/.bin/.prettier-97L0eZfH',
4146 silly reify   '/Users/nixonpaul/node_modules/powershell-utils': '/Users/nixonpaul/node_modules/.powershell-utils-XQReoGGA',
4146 silly reify   '/Users/nixonpaul/node_modules/prisma': '/Users/nixonpaul/node_modules/.prisma-FbI68Go5',
4146 silly reify   '/Users/nixonpaul/node_modules/.bin/prisma': '/Users/nixonpaul/node_modules/.bin/.prisma-07mL2OvA',
4146 silly reify   '/Users/nixonpaul/node_modules/pretty-ms': '/Users/nixonpaul/node_modules/.pretty-ms-MGUTGtoR',
4146 silly reify   '/Users/nixonpaul/node_modules/promise-limit': '/Users/nixonpaul/node_modules/.promise-limit-C6Yyllcb',
4146 silly reify   '/Users/nixonpaul/node_modules/protobufjs': '/Users/nixonpaul/node_modules/.protobufjs-6oAu6H4e',
4146 silly reify   '/Users/nixonpaul/node_modules/queue-microtask': '/Users/nixonpaul/node_modules/.queue-microtask-1TVId2sF',
4146 silly reify   '/Users/nixonpaul/node_modules/proper-lockfile': '/Users/nixonpaul/node_modules/.proper-lockfile-FcIz1vT4',
4146 silly reify   '/Users/nixonpaul/node_modules/rc9': '/Users/nixonpaul/node_modules/.rc9-A7ujGgYF',
4146 silly reify   '/Users/nixonpaul/node_modules/proxy-from-env': '/Users/nixonpaul/node_modules/.proxy-from-env-89FkBL7N',
4146 silly reify   '/Users/nixonpaul/node_modules/pure-rand': '/Users/nixonpaul/node_modules/.pure-rand-TSipVxvi',
4146 silly reify   '/Users/nixonpaul/node_modules/react': '/Users/nixonpaul/node_modules/.react-6CPOJKsk',
4146 silly reify   '/Users/nixonpaul/node_modules/react-reconciler': '/Users/nixonpaul/node_modules/.react-reconciler-djdJpKAU',
4146 silly reify   '/Users/nixonpaul/node_modules/readable-stream': '/Users/nixonpaul/node_modules/.readable-stream-aLVhcT2v',
4146 silly reify   '/Users/nixonpaul/node_modules/readdirp': '/Users/nixonpaul/node_modules/.readdirp-Dm8S4ikO',
4146 silly reify   '/Users/nixonpaul/node_modules/regexp-to-ast': '/Users/nixonpaul/node_modules/.regexp-to-ast-UhiVNCNK',
4146 silly reify   '/Users/nixonpaul/node_modules/resolve-from': '/Users/nixonpaul/node_modules/.resolve-from-fxY3up7P',
4146 silly reify   '/Users/nixonpaul/node_modules/retry': '/Users/nixonpaul/node_modules/.retry-h8FVF1O5',
4146 silly reify   '/Users/nixonpaul/node_modules/restore-cursor': '/Users/nixonpaul/node_modules/.restore-cursor-pZpxVIra',
4146 silly reify   '/Users/nixonpaul/node_modules/remeda': '/Users/nixonpaul/node_modules/.remeda-i6jVWJqU',
4146 silly reify   '/Users/nixonpaul/node_modules/require-from-string': '/Users/nixonpaul/node_modules/.require-from-string-1xgmuH2h',
4146 silly reify   '/Users/nixonpaul/node_modules/reusify': '/Users/nixonpaul/node_modules/.reusify-KQ0wMphs',
4146 silly reify   '/Users/nixonpaul/node_modules/ret': '/Users/nixonpaul/node_modules/.ret-FI5e6ISI',
4146 silly reify   '/Users/nixonpaul/node_modules/robust-predicates': '/Users/nixonpaul/node_modules/.robust-predicates-T9VRytVr',
4146 silly reify   '/Users/nixonpaul/node_modules/safe-regex2': '/Users/nixonpaul/node_modules/.safe-regex2-iNP9bRDp',
4146 silly reify   '/Users/nixonpaul/node_modules/.bin/safe-regex2': '/Users/nixonpaul/node_modules/.bin/.safe-regex2-2ehDTXqR',
4146 silly reify   '/Users/nixonpaul/node_modules/run-parallel': '/Users/nixonpaul/node_modules/.run-parallel-RLWHgRhP',
4146 silly reify   '/Users/nixonpaul/node_modules/rolldown': '/Users/nixonpaul/node_modules/.rolldown-bT15niGF',
4146 silly reify   '/Users/nixonpaul/node_modules/.bin/rolldown': '/Users/nixonpaul/node_modules/.bin/.rolldown-QlN09mqU',
4146 silly reify   '/Users/nixonpaul/node_modules/safer-buffer': '/Users/nixonpaul/node_modules/.safer-buffer-sM2UZwNC',
4146 silly reify   '/Users/nixonpaul/node_modules/run-applescript': '/Users/nixonpaul/node_modules/.run-applescript-AIkHM9iH',
4146 silly reify   '/Users/nixonpaul/node_modules/seq-queue': '/Users/nixonpaul/node_modules/.seq-queue-0Rg6PIaZ',
4146 silly reify   '/Users/nixonpaul/node_modules/setimmediate': '/Users/nixonpaul/node_modules/.setimmediate-yv6pymDK',
4146 silly reify   '/Users/nixonpaul/node_modules/siginfo': '/Users/nixonpaul/node_modules/.siginfo-NS1rXhiH',
4146 silly reify   '/Users/nixonpaul/node_modules/shebang-regex': '/Users/nixonpaul/node_modules/.shebang-regex-dKpSDLyZ',
4146 silly reify   '/Users/nixonpaul/node_modules/semver': '/Users/nixonpaul/node_modules/.semver-j0PjDIrc',
4146 silly reify   '/Users/nixonpaul/node_modules/.bin/semver': '/Users/nixonpaul/node_modules/.bin/.semver-HhyX0GRs',
4146 silly reify   '/Users/nixonpaul/node_modules/shebang-command': '/Users/nixonpaul/node_modules/.shebang-command-Sf9hdHWs',
4146 silly reify   '/Users/nixonpaul/node_modules/sharp': '/Users/nixonpaul/node_modules/.sharp-abCWHMGI',
4146 silly reify   '/Users/nixonpaul/node_modules/signal-exit': '/Users/nixonpaul/node_modules/.signal-exit-fzjFxiKE',
4146 silly reify   '/Users/nixonpaul/node_modules/sisteransi': '/Users/nixonpaul/node_modules/.sisteransi-PJ2z9m4M',
4146 silly reify   '/Users/nixonpaul/node_modules/slice-ansi': '/Users/nixonpaul/node_modules/.slice-ansi-YTqULiwd',
4146 silly reify   '/Users/nixonpaul/node_modules/stackback': '/Users/nixonpaul/node_modules/.stackback-5OZnvOP5',
4146 silly reify   '/Users/nixonpaul/node_modules/split2': '/Users/nixonpaul/node_modules/.split2-xzMR87ND',
4146 silly reify   '/Users/nixonpaul/node_modules/source-map-js': '/Users/nixonpaul/node_modules/.source-map-js-J2A4fceg',
4146 silly reify   '/Users/nixonpaul/node_modules/stack-utils': '/Users/nixonpaul/node_modules/.stack-utils-SKq3REa3',
4146 silly reify   '/Users/nixonpaul/node_modules/sqlstring': '/Users/nixonpaul/node_modules/.sqlstring-rwdZqxmc',
4146 silly reify   '/Users/nixonpaul/node_modules/strip-ansi': '/Users/nixonpaul/node_modules/.strip-ansi-iiF3ToO0',
4146 silly reify   '/Users/nixonpaul/node_modules/std-env': '/Users/nixonpaul/node_modules/.std-env-wT9Rx7Td',
4146 silly reify   '/Users/nixonpaul/node_modules/string-width': '/Users/nixonpaul/node_modules/.string-width-4sOmKNPc',
4146 silly reify   '/Users/nixonpaul/node_modules/strip-final-newline': '/Users/nixonpaul/node_modules/.strip-final-newline-vSpdK6Ou',
4146 silly reify   '/Users/nixonpaul/node_modules/streamx': '/Users/nixonpaul/node_modules/.streamx-Jd7qjY7S',
4146 silly reify   '/Users/nixonpaul/node_modules/terminal-size': '/Users/nixonpaul/node_modules/.terminal-size-pC4MVdct',
4146 silly reify   '/Users/nixonpaul/node_modules/tagged-tag': '/Users/nixonpaul/node_modules/.tagged-tag-3c7LG1BF',
4146 silly reify   '/Users/nixonpaul/node_modules/strnum': '/Users/nixonpaul/node_modules/.strnum-Ug5YJ20h',
4146 silly reify   '/Users/nixonpaul/node_modules/tar-stream': '/Users/nixonpaul/node_modules/.tar-stream-AT6ASloC',
4146 silly reify   '/Users/nixonpaul/node_modules/text-decoder': '/Users/nixonpaul/node_modules/.text-decoder-wh3faeeQ',
4146 silly reify   '/Users/nixonpaul/node_modules/tar': '/Users/nixonpaul/node_modules/.tar-bhK17vym',
4146 silly reify   '/Users/nixonpaul/node_modules/teex': '/Users/nixonpaul/node_modules/.teex-hEtpzStn',
4146 silly reify   '/Users/nixonpaul/node_modules/tiny-invariant': '/Users/nixonpaul/node_modules/.tiny-invariant-3jDPJtDM',
4146 silly reify   '/Users/nixonpaul/node_modules/tinyrainbow': '/Users/nixonpaul/node_modules/.tinyrainbow-Ff4I2Ux5',
4146 silly reify   '/Users/nixonpaul/node_modules/tinyexec': '/Users/nixonpaul/node_modules/.tinyexec-Ua8UFxfw',
4146 silly reify   '/Users/nixonpaul/node_modules/tinyglobby': '/Users/nixonpaul/node_modules/.tinyglobby-UX1ZhhtU',
4146 silly reify   '/Users/nixonpaul/node_modules/tinybench': '/Users/nixonpaul/node_modules/.tinybench-Om2aJBKv',
4146 silly reify   '/Users/nixonpaul/node_modules/to-regex-range': '/Users/nixonpaul/node_modules/.to-regex-range-Oygr8hgd',
4146 silly reify   '/Users/nixonpaul/node_modules/undici-types': '/Users/nixonpaul/node_modules/.undici-types-H4dMIoUi',
4146 silly reify   '/Users/nixonpaul/node_modules/type-fest': '/Users/nixonpaul/node_modules/.type-fest-GE0fouOK',
4146 silly reify   '/Users/nixonpaul/node_modules/typescript': '/Users/nixonpaul/node_modules/.typescript-QG1m3k1b',
4146 silly reify   '/Users/nixonpaul/node_modules/.bin/tsc': '/Users/nixonpaul/node_modules/.bin/.tsc-llF4u5LD',
4146 silly reify   '/Users/nixonpaul/node_modules/ts-toolbelt': '/Users/nixonpaul/node_modules/.ts-toolbelt-5Zqm7Pad',
4146 silly reify   '/Users/nixonpaul/node_modules/unicorn-magic': '/Users/nixonpaul/node_modules/.unicorn-magic-Vg9EHob3',
4146 silly reify   '/Users/nixonpaul/node_modules/uniku': '/Users/nixonpaul/node_modules/.uniku-XSazkWxH',
4146 silly reify   '/Users/nixonpaul/node_modules/util-deprecate': '/Users/nixonpaul/node_modules/.util-deprecate-9w4TdOAe',
4146 silly reify   '/Users/nixonpaul/node_modules/universal-user-agent': '/Users/nixonpaul/node_modules/.universal-user-agent-l2KV4pLV',
4146 silly reify   '/Users/nixonpaul/node_modules/vite': '/Users/nixonpaul/node_modules/.vite-XfPVtVol',
4146 silly reify   '/Users/nixonpaul/node_modules/.bin/vite': '/Users/nixonpaul/node_modules/.bin/.vite-3HXuqnvk',
4146 silly reify   '/Users/nixonpaul/node_modules/typanion': '/Users/nixonpaul/node_modules/.typanion-iANG1Pul',
4146 silly reify   '/Users/nixonpaul/node_modules/vscode-jsonrpc': '/Users/nixonpaul/node_modules/.vscode-jsonrpc-ht0BXnHA',
4146 silly reify   '/Users/nixonpaul/node_modules/unenv': '/Users/nixonpaul/node_modules/.unenv-TBAvw0F9',
4146 silly reify   '/Users/nixonpaul/node_modules/vitest': '/Users/nixonpaul/node_modules/.vitest-SB0uoxxu',
4146 silly reify   '/Users/nixonpaul/node_modules/.bin/vitest': '/Users/nixonpaul/node_modules/.bin/.vitest-9M8O3OUk',
4146 silly reify   '/Users/nixonpaul/node_modules/valibot': '/Users/nixonpaul/node_modules/.valibot-3IGmNQ2L',
4146 silly reify   '/Users/nixonpaul/node_modules/vscode-languageserver-textdocument': '/Users/nixonpaul/node_modules/.vscode-languageserver-textdocument-UFCPaAY8',
4146 silly reify   '/Users/nixonpaul/node_modules/vscode-languageserver-types': '/Users/nixonpaul/node_modules/.vscode-languageserver-types-IpTNv30k',
4146 silly reify   '/Users/nixonpaul/node_modules/vscode-languageserver-protocol': '/Users/nixonpaul/node_modules/.vscode-languageserver-protocol-eh1LQeFY',
4146 silly reify   '/Users/nixonpaul/node_modules/vscode-languageserver': '/Users/nixonpaul/node_modules/.vscode-languageserver-x0uhdPP5',
4146 silly reify   '/Users/nixonpaul/node_modules/.bin/installServerIntoExtension': '/Users/nixonpaul/node_modules/.bin/.installServerIntoExtension-1S9qf3Bt',
4146 silly reify   '/Users/nixonpaul/node_modules/undici': '/Users/nixonpaul/node_modules/.undici-lFE51bEa',
4146 silly reify   '/Users/nixonpaul/node_modules/web-streams-polyfill': '/Users/nixonpaul/node_modules/.web-streams-polyfill-PR7jqKDO',
4146 silly reify   '/Users/nixonpaul/node_modules/why-is-node-running': '/Users/nixonpaul/node_modules/.why-is-node-running-rrQz6qmZ',
4146 silly reify   '/Users/nixonpaul/node_modules/.bin/why-is-node-running': '/Users/nixonpaul/node_modules/.bin/.why-is-node-running-bUMJf26d',
4146 silly reify   '/Users/nixonpaul/node_modules/which': '/Users/nixonpaul/node_modules/.which-DuTcXvHg',
4146 silly reify   '/Users/nixonpaul/node_modules/.bin/node-which': '/Users/nixonpaul/node_modules/.bin/.node-which-wK4WB5w4',
4146 silly reify   '/Users/nixonpaul/node_modules/widest-line': '/Users/nixonpaul/node_modules/.widest-line-baJHeaPA',
4146 silly reify   '/Users/nixonpaul/node_modules/wrap-ansi': '/Users/nixonpaul/node_modules/.wrap-ansi-GhjQyW4n',
4146 silly reify   '/Users/nixonpaul/node_modules/workerd': '/Users/nixonpaul/node_modules/.workerd-d4llapxm',
4146 silly reify   '/Users/nixonpaul/node_modules/.bin/workerd': '/Users/nixonpaul/node_modules/.bin/.workerd-DQ9ABpha',
4146 silly reify   '/Users/nixonpaul/node_modules/xml-naming': '/Users/nixonpaul/node_modules/.xml-naming-pjvhkRGE',
4146 silly reify   '/Users/nixonpaul/node_modules/ws': '/Users/nixonpaul/node_modules/.ws-oNXt6pUQ',
4146 silly reify   '/Users/nixonpaul/node_modules/wsl-utils': '/Users/nixonpaul/node_modules/.wsl-utils-tMIiiQCt',
4146 silly reify   '/Users/nixonpaul/node_modules/yargs/node_modules/string-width': '/Users/nixonpaul/node_modules/yargs/node_modules/.string-width-T94pnMfB',
4146 silly reify   '/Users/nixonpaul/node_modules/xtend': '/Users/nixonpaul/node_modules/.xtend-jnQd6jHY',
4146 silly reify   '/Users/nixonpaul/node_modules/yoga-layout': '/Users/nixonpaul/node_modules/.yoga-layout-rAAKY9zP',
4146 silly reify   '/Users/nixonpaul/node_modules/yoctocolors': '/Users/nixonpaul/node_modules/.yoctocolors-W23Qq95R',
4146 silly reify   '/Users/nixonpaul/node_modules/zeptomatch': '/Users/nixonpaul/node_modules/.zeptomatch-39e7Lw7S',
4146 silly reify   '/Users/nixonpaul/node_modules/yaml': '/Users/nixonpaul/node_modules/.yaml-obVYRUfu',
4146 silly reify   '/Users/nixonpaul/node_modules/.bin/yaml': '/Users/nixonpaul/node_modules/.bin/.yaml-72bvmo1Z',
4146 silly reify   '/Users/nixonpaul/node_modules/yauzl': '/Users/nixonpaul/node_modules/.yauzl-dEkPRfwc',
4146 silly reify   '/Users/nixonpaul/node_modules/@alchemy.run/cloudflare-runtime': '/Users/nixonpaul/node_modules/@alchemy.run/.cloudflare-runtime-FsqHU69x',
4146 silly reify   '/Users/nixonpaul/node_modules/@alcalzone/ansi-tokenize': '/Users/nixonpaul/node_modules/@alcalzone/.ansi-tokenize-i4IIM6ku',
4146 silly reify   '/Users/nixonpaul/node_modules/zod': '/Users/nixonpaul/node_modules/.zod-yYuipXt3',
4146 silly reify   '/Users/nixonpaul/node_modules/@alchemy.run/floci': '/Users/nixonpaul/node_modules/@alchemy.run/.floci-UuNUpmJx',
4146 silly reify   '/Users/nixonpaul/node_modules/@aws/lambda-invoke-store': '/Users/nixonpaul/node_modules/@aws/.lambda-invoke-store-5DGXR3Vq',
4146 silly reify   '/Users/nixonpaul/node_modules/@ark/schema': '/Users/nixonpaul/node_modules/@ark/.schema-ZZxBnOrN',
4146 silly reify   '/Users/nixonpaul/node_modules/@aws-crypto/crc32': '/Users/nixonpaul/node_modules/@aws-crypto/.crc32-M7YtHabQ',
4146 silly reify   '/Users/nixonpaul/node_modules/@alchemy.run/node-utils': '/Users/nixonpaul/node_modules/@alchemy.run/.node-utils-CFN6zAho',
4146 silly reify   '/Users/nixonpaul/node_modules/@ark/util': '/Users/nixonpaul/node_modules/@ark/.util-AB7m1Rul',
4146 silly reify   '/Users/nixonpaul/node_modules/@aws-crypto/util': '/Users/nixonpaul/node_modules/@aws-crypto/.util-6q6skHjB',
4146 silly reify   '/Users/nixonpaul/node_modules/@aws-sdk/credential-provider-env': '/Users/nixonpaul/node_modules/@aws-sdk/.credential-provider-env-pa4SooBv',
4146 silly reify   '/Users/nixonpaul/node_modules/@aws-sdk/credential-provider-process': '/Users/nixonpaul/node_modules/@aws-sdk/.credential-provider-process-uQEUAAmu',
4146 silly reify   '/Users/nixonpaul/node_modules/@aws-sdk/credential-provider-node': '/Users/nixonpaul/node_modules/@aws-sdk/.credential-provider-node-u1SkweX0',
4146 silly reify   '/Users/nixonpaul/node_modules/@aws-sdk/core': '/Users/nixonpaul/node_modules/@aws-sdk/.core-TsOkDW2J',
4146 silly reify   '/Users/nixonpaul/node_modules/@aws-sdk/credential-provider-http': '/Users/nixonpaul/node_modules/@aws-sdk/.credential-provider-http-sSOIa07A',
4146 silly reify   '/Users/nixonpaul/node_modules/@aws-sdk/credential-provider-cognito-identity': '/Users/nixonpaul/node_modules/@aws-sdk/.credential-provider-cognito-identity-LpvebI2J',
4146 silly reify   '/Users/nixonpaul/node_modules/@aws-sdk/credential-providers': '/Users/nixonpaul/node_modules/@aws-sdk/.credential-providers-KIL3WM9X',
4146 silly reify   '/Users/nixonpaul/node_modules/@aws-sdk/credential-provider-ini': '/Users/nixonpaul/node_modules/@aws-sdk/.credential-provider-ini-8LpLDKqV',
4146 silly reify   '/Users/nixonpaul/node_modules/@aws-sdk/nested-clients': '/Users/nixonpaul/node_modules/@aws-sdk/.nested-clients-fhZrNMhG',
4146 silly reify   '/Users/nixonpaul/node_modules/@aws-sdk/signature-v4-multi-region': '/Users/nixonpaul/node_modules/@aws-sdk/.signature-v4-multi-region-KAxf76A0',
4146 silly reify   '/Users/nixonpaul/node_modules/@aws-sdk/credential-provider-login': '/Users/nixonpaul/node_modules/@aws-sdk/.credential-provider-login-goObAYZi',
4146 silly reify   '/Users/nixonpaul/node_modules/@aws-sdk/xml-builder': '/Users/nixonpaul/node_modules/@aws-sdk/.xml-builder-Ip5s20Jp',
4146 silly reify   '/Users/nixonpaul/node_modules/@aws-sdk/token-providers': '/Users/nixonpaul/node_modules/@aws-sdk/.token-providers-QPBOWWvV',
4146 silly reify   '/Users/nixonpaul/node_modules/@babel/helper-validator-identifier': '/Users/nixonpaul/node_modules/@babel/.helper-validator-identifier-5wloWLb7',
4146 silly reify   '/Users/nixonpaul/node_modules/@babel/helper-string-parser': '/Users/nixonpaul/node_modules/@babel/.helper-string-parser-8lMn1413',
4146 silly reify   '/Users/nixonpaul/node_modules/@aws-sdk/credential-provider-web-identity': '/Users/nixonpaul/node_modules/@aws-sdk/.credential-provider-web-identity-r7TEfJM2',
4146 silly reify   '/Users/nixonpaul/node_modules/@babel/types': '/Users/nixonpaul/node_modules/@babel/.types-h7aRz9qM',
4146 silly reify   '/Users/nixonpaul/node_modules/@aws-sdk/credential-provider-sso': '/Users/nixonpaul/node_modules/@aws-sdk/.credential-provider-sso-E5tG2aSf',
4146 silly reify   '/Users/nixonpaul/node_modules/@babel/parser': '/Users/nixonpaul/node_modules/@babel/.parser-77Fva12D',
4146 silly reify   '/Users/nixonpaul/node_modules/.bin/parser': '/Users/nixonpaul/node_modules/.bin/.parser-H5OVaHGb',
4146 silly reify   '/Users/nixonpaul/node_modules/@clack/prompts': '/Users/nixonpaul/node_modules/@clack/.prompts-OVeNchMH',
4146 silly reify   '/Users/nixonpaul/node_modules/@clack/core': '/Users/nixonpaul/node_modules/@clack/.core-BnwWcWA4',
4146 silly reify   '/Users/nixonpaul/node_modules/@aws-sdk/types': '/Users/nixonpaul/node_modules/@aws-sdk/.types-U7nIhL0G',
4146 silly reify   '/Users/nixonpaul/node_modules/@chevrotain/cst-dts-gen': '/Users/nixonpaul/node_modules/@chevrotain/.cst-dts-gen-MAYFsP2i',
4146 silly reify   '/Users/nixonpaul/node_modules/@chevrotain/types': '/Users/nixonpaul/node_modules/@chevrotain/.types-PCib167j',
4146 silly reify   '/Users/nixonpaul/node_modules/@chevrotain/gast': '/Users/nixonpaul/node_modules/@chevrotain/.gast-5pCu2LjG',
4146 silly reify   '/Users/nixonpaul/node_modules/@cloudflare/workers-types': '/Users/nixonpaul/node_modules/@cloudflare/.workers-types-yA0HHIG3',
4146 silly reify   '/Users/nixonpaul/node_modules/@chevrotain/utils': '/Users/nixonpaul/node_modules/@chevrotain/.utils-4h4ojdnX',
4146 silly reify   '/Users/nixonpaul/node_modules/@cloudflare/unenv-preset': '/Users/nixonpaul/node_modules/@cloudflare/.unenv-preset-DRK2mbeG',
4146 silly reify   '/Users/nixonpaul/node_modules/@distilled.cloud/core': '/Users/nixonpaul/node_modules/@distilled.cloud/.core-UPjOOB68',
4146 silly reify   '/Users/nixonpaul/node_modules/@distilled.cloud/fly-io': '/Users/nixonpaul/node_modules/@distilled.cloud/.fly-io-UzfG3Sba',
4146 silly reify   '/Users/nixonpaul/node_modules/@distilled.cloud/aws': '/Users/nixonpaul/node_modules/@distilled.cloud/.aws-I2Fi9qDK',
4146 silly reify   '/Users/nixonpaul/node_modules/@cloudflare/workerd-darwin-arm64': '/Users/nixonpaul/node_modules/@cloudflare/.workerd-darwin-arm64-9KmErMRg',
4146 silly reify   '/Users/nixonpaul/node_modules/@distilled.cloud/planetscale': '/Users/nixonpaul/node_modules/@distilled.cloud/.planetscale-LFhem6TN',
4146 silly reify   '/Users/nixonpaul/node_modules/@effect/sql-d1': '/Users/nixonpaul/node_modules/@effect/.sql-d1-aOweVEhR',
4146 silly reify   '/Users/nixonpaul/node_modules/@effect/sql-sqlite-do': '/Users/nixonpaul/node_modules/@effect/.sql-sqlite-do-uk1PfHvG',
4146 silly reify   '/Users/nixonpaul/node_modules/@distilled.cloud/neon': '/Users/nixonpaul/node_modules/@distilled.cloud/.neon-UhjlmAAT',
4146 silly reify   '/Users/nixonpaul/node_modules/@effect/vitest': '/Users/nixonpaul/node_modules/@effect/.vitest-0T20akHM',
4146 silly reify   '/Users/nixonpaul/node_modules/@electric-sql/pglite-socket': '/Users/nixonpaul/node_modules/@electric-sql/.pglite-socket-1E8bvLkt',
4146 silly reify   '/Users/nixonpaul/node_modules/.bin/pglite-server': '/Users/nixonpaul/node_modules/.bin/.pglite-server-H5CnR4eC',
4146 silly reify   '/Users/nixonpaul/node_modules/@distilled.cloud/hetzner': '/Users/nixonpaul/node_modules/@distilled.cloud/.hetzner-8H2Kamus',
4146 silly reify   '/Users/nixonpaul/node_modules/@hono/node-server': '/Users/nixonpaul/node_modules/@hono/.node-server-uBEskOUd',
4146 silly reify   '/Users/nixonpaul/node_modules/@electric-sql/pglite-tools': '/Users/nixonpaul/node_modules/@electric-sql/.pglite-tools-Lr4pDcVE',
4146 silly reify   '/Users/nixonpaul/node_modules/@img/sharp-darwin-arm64': '/Users/nixonpaul/node_modules/@img/.sharp-darwin-arm64-HfmpDRcT',
4146 silly reify   '/Users/nixonpaul/node_modules/@esbuild/darwin-arm64': '/Users/nixonpaul/node_modules/@esbuild/.darwin-arm64-gVtByOfj',
4146 silly reify   '/Users/nixonpaul/node_modules/@google/genai': '/Users/nixonpaul/node_modules/@google/.genai-PhVXQltm',
4146 silly reify   '/Users/nixonpaul/node_modules/@electric-sql/pglite': '/Users/nixonpaul/node_modules/@electric-sql/.pglite-XOmW784G',
4146 silly reify   '/Users/nixonpaul/node_modules/@img/colour': '/Users/nixonpaul/node_modules/@img/.colour-YBqlj0t3',
4146 silly reify   '/Users/nixonpaul/node_modules/@isaacs/fs-minipass': '/Users/nixonpaul/node_modules/@isaacs/.fs-minipass-SwCzG8gh',
4146 silly reify   '/Users/nixonpaul/node_modules/@libsql/darwin-arm64': '/Users/nixonpaul/node_modules/@libsql/.darwin-arm64-h8zkZTen',
4146 silly reify   '/Users/nixonpaul/node_modules/@img/sharp-libvips-darwin-arm64': '/Users/nixonpaul/node_modules/@img/.sharp-libvips-darwin-arm64-gXv4O7PB',
4146 silly reify   '/Users/nixonpaul/node_modules/@jridgewell/sourcemap-codec': '/Users/nixonpaul/node_modules/@jridgewell/.sourcemap-codec-aTs25cHm',
4146 silly reify   '/Users/nixonpaul/node_modules/@libsql/hrana-client': '/Users/nixonpaul/node_modules/@libsql/.hrana-client-Av9uIayL',
4146 silly reify   '/Users/nixonpaul/node_modules/@neon-rs/load': '/Users/nixonpaul/node_modules/@neon-rs/.load-k6fkINwj',
4146 silly reify   '/Users/nixonpaul/node_modules/@libsql/isomorphic-ws': '/Users/nixonpaul/node_modules/@libsql/.isomorphic-ws-zY5RIGf2',
4146 silly reify   '/Users/nixonpaul/node_modules/@manypkg/tools': '/Users/nixonpaul/node_modules/@manypkg/.tools-Z0H0HuEM',
4146 silly reify   '/Users/nixonpaul/node_modules/@libsql/client': '/Users/nixonpaul/node_modules/@libsql/.client-B5evR3xV',
4146 silly reify   '/Users/nixonpaul/node_modules/@mapbox/node-pre-gyp': '/Users/nixonpaul/node_modules/@mapbox/.node-pre-gyp-XuNtblhk',
4146 silly reify   '/Users/nixonpaul/node_modules/.bin/node-pre-gyp': '/Users/nixonpaul/node_modules/.bin/.node-pre-gyp-2nJIbN6F',
4146 silly reify   '/Users/nixonpaul/node_modules/@mrleebo/prisma-ast': '/Users/nixonpaul/node_modules/@mrleebo/.prisma-ast-lcIyavAA',
4146 silly reify   '/Users/nixonpaul/node_modules/@msgpackr-extract/msgpackr-extract-darwin-arm64': '/Users/nixonpaul/node_modules/@msgpackr-extract/.msgpackr-extract-darwin-arm64-EM69LlYj',
4146 silly reify   '/Users/nixonpaul/node_modules/@libsql/core': '/Users/nixonpaul/node_modules/@libsql/.core-fvbZDAS8',
4146 silly reify   '/Users/nixonpaul/node_modules/@nodable/entities': '/Users/nixonpaul/node_modules/@nodable/.entities-lVSrfdKC',
4146 silly reify   '/Users/nixonpaul/node_modules/@distilled.cloud/axiom': '/Users/nixonpaul/node_modules/@distilled.cloud/.axiom-338YLUTI',
4146 silly reify   '/Users/nixonpaul/node_modules/@distilled.cloud/cloudflare': '/Users/nixonpaul/node_modules/@distilled.cloud/.cloudflare-C2S4jCE9',
4146 silly reify   '/Users/nixonpaul/node_modules/@nodelib/fs.stat': '/Users/nixonpaul/node_modules/@nodelib/.fs.stat-d858qcpW',
4146 silly reify   '/Users/nixonpaul/node_modules/@nodelib/fs.walk': '/Users/nixonpaul/node_modules/@nodelib/.fs.walk-0pg4kXfU',
4146 silly reify   '/Users/nixonpaul/node_modules/@octokit/auth-token': '/Users/nixonpaul/node_modules/@octokit/.auth-token-84bXUFH0',
4146 silly reify   '/Users/nixonpaul/node_modules/@nodelib/fs.scandir': '/Users/nixonpaul/node_modules/@nodelib/.fs.scandir-181u9fgb',
4146 silly reify   '/Users/nixonpaul/node_modules/@octokit/core': '/Users/nixonpaul/node_modules/@octokit/.core-JIG5owcU',
4146 silly reify   '/Users/nixonpaul/node_modules/@octokit/openapi-types': '/Users/nixonpaul/node_modules/@octokit/.openapi-types-c1u8CUOe',
4146 silly reify   '/Users/nixonpaul/node_modules/@noble/hashes': '/Users/nixonpaul/node_modules/@noble/.hashes-7eE6PNoh',
4146 silly reify   '/Users/nixonpaul/node_modules/@octokit/request': '/Users/nixonpaul/node_modules/@octokit/.request-cdUZ9rGN',
4146 silly reify   '/Users/nixonpaul/node_modules/@octokit/openapi-webhooks-types': '/Users/nixonpaul/node_modules/@octokit/.openapi-webhooks-types-VVyedfLe',
4146 silly reify   '/Users/nixonpaul/node_modules/@octokit/graphql': '/Users/nixonpaul/node_modules/@octokit/.graphql-DJ06cdqs',
4146 silly reify   '/Users/nixonpaul/node_modules/@octokit/endpoint': '/Users/nixonpaul/node_modules/@octokit/.endpoint-mausRfPt',
4146 silly reify   '/Users/nixonpaul/node_modules/@octokit/rest': '/Users/nixonpaul/node_modules/@octokit/.rest-ggw9Q3Fl',
4146 silly reify   '/Users/nixonpaul/node_modules/@octokit/plugin-paginate-rest': '/Users/nixonpaul/node_modules/@octokit/.plugin-paginate-rest-boiCQiLs',
4146 silly reify   '/Users/nixonpaul/node_modules/@octokit/plugin-rest-endpoint-methods': '/Users/nixonpaul/node_modules/@octokit/.plugin-rest-endpoint-methods-dOXiXLEh',
4146 silly reify   '/Users/nixonpaul/node_modules/@oxc-project/types': '/Users/nixonpaul/node_modules/@oxc-project/.types-ubTUBuc3',
4146 silly reify   '/Users/nixonpaul/node_modules/@octokit/plugin-request-log': '/Users/nixonpaul/node_modules/@octokit/.plugin-request-log-uStZh6aO',
4146 silly reify   '/Users/nixonpaul/node_modules/@octokit/webhooks': '/Users/nixonpaul/node_modules/@octokit/.webhooks-QeGmLFIg',
4146 silly reify   '/Users/nixonpaul/node_modules/@octokit/webhooks-methods': '/Users/nixonpaul/node_modules/@octokit/.webhooks-methods-feZlcDTN',
4146 silly reify   '/Users/nixonpaul/node_modules/@prisma/debug': '/Users/nixonpaul/node_modules/@prisma/.debug-8xH7ucb5',
4146 silly reify   '/Users/nixonpaul/node_modules/yallist': '/Users/nixonpaul/node_modules/.yallist-OavhiwtH',
4146 silly reify   '/Users/nixonpaul/node_modules/@prisma/composer': '/Users/nixonpaul/node_modules/@prisma/.composer-ZFPITsOW',
4146 silly reify   '/Users/nixonpaul/node_modules/@prisma/config': '/Users/nixonpaul/node_modules/@prisma/.config-PhQoMvUK',
4146 silly reify   '/Users/nixonpaul/node_modules/@prisma/cli-engine': '/Users/nixonpaul/node_modules/@prisma/.cli-engine-zWz1fdru',
4146 silly reify   '/Users/nixonpaul/node_modules/@prisma/engines': '/Users/nixonpaul/node_modules/@prisma/.engines-tqZ5RWWc',
4146 silly reify   '/Users/nixonpaul/node_modules/@octokit/request-error': '/Users/nixonpaul/node_modules/@octokit/.request-error-6M7uPRPw',
4146 silly reify   '/Users/nixonpaul/node_modules/@prisma/dev': '/Users/nixonpaul/node_modules/@prisma/.dev-7dEsecP3',
4146 silly reify   '/Users/nixonpaul/node_modules/@prisma/compute-sdk': '/Users/nixonpaul/node_modules/@prisma/.compute-sdk-vwsPQDyc',
4146 silly reify   '/Users/nixonpaul/node_modules/@prisma/get-platform': '/Users/nixonpaul/node_modules/@prisma/.get-platform-lf77L2gW',
4146 silly reify   '/Users/nixonpaul/node_modules/@prisma/engines-version': '/Users/nixonpaul/node_modules/@prisma/.engines-version-t1bxXbbU',
4146 silly reify   '/Users/nixonpaul/node_modules/@prisma/fetch-engine': '/Users/nixonpaul/node_modules/@prisma/.fetch-engine-ihihZ6Nr',
4146 silly reify   '/Users/nixonpaul/node_modules/@prisma/orm-family-sql': '/Users/nixonpaul/node_modules/@prisma/.orm-family-sql-ivdkCdH6',
4146 silly reify   '/Users/nixonpaul/node_modules/@prisma/orm-postgres': '/Users/nixonpaul/node_modules/@prisma/.orm-postgres-b6TTasc5',
4146 silly reify   '/Users/nixonpaul/node_modules/@prisma/orm-toolchain': '/Users/nixonpaul/node_modules/@prisma/.orm-toolchain-WlWiNKqv',
4146 silly reify   '/Users/nixonpaul/node_modules/@prisma/orm-target-postgres': '/Users/nixonpaul/node_modules/@prisma/.orm-target-postgres-KySY0Q0x',
4146 silly reify   '/Users/nixonpaul/node_modules/@prisma/management-api-sdk': '/Users/nixonpaul/node_modules/@prisma/.management-api-sdk-DPiSDbFh',
4146 silly reify   '/Users/nixonpaul/node_modules/@prisma/query-plan-executor': '/Users/nixonpaul/node_modules/@prisma/.query-plan-executor-1rlUsE5t',
4146 silly reify   '/Users/nixonpaul/node_modules/@prisma/orm-framework': '/Users/nixonpaul/node_modules/@prisma/.orm-framework-RuGoC4ii',
4146 silly reify   '/Users/nixonpaul/node_modules/@prisma/streams-local': '/Users/nixonpaul/node_modules/@prisma/.streams-local-pAwDzGQ9',
4146 silly reify   '/Users/nixonpaul/node_modules/@protobufjs/aspromise': '/Users/nixonpaul/node_modules/@protobufjs/.aspromise-jipW0w8Q',
4146 silly reify   '/Users/nixonpaul/node_modules/@protobufjs/base64': '/Users/nixonpaul/node_modules/@protobufjs/.base64-Cr3WwiU5',
4146 silly reify   '/Users/nixonpaul/node_modules/@prisma/studio-core': '/Users/nixonpaul/node_modules/@prisma/.studio-core-WqyAj7N8',
4146 silly reify   '/Users/nixonpaul/node_modules/@protobufjs/codegen': '/Users/nixonpaul/node_modules/@protobufjs/.codegen-J6wNvX3r',
4146 silly reify   '/Users/nixonpaul/node_modules/@puppeteer/browsers': '/Users/nixonpaul/node_modules/@puppeteer/.browsers-gHgnubB5',
4146 silly reify   '/Users/nixonpaul/node_modules/.bin/browsers': '/Users/nixonpaul/node_modules/.bin/.browsers-7CvVbTRx',
4146 silly reify   '/Users/nixonpaul/node_modules/@protobufjs/fetch': '/Users/nixonpaul/node_modules/@protobufjs/.fetch-Oos5ciId',
4146 silly reify   '/Users/nixonpaul/node_modules/@protobufjs/eventemitter': '/Users/nixonpaul/node_modules/@protobufjs/.eventemitter-U7Qdt7n9',
4146 silly reify   '/Users/nixonpaul/node_modules/@octokit/types': '/Users/nixonpaul/node_modules/@octokit/.types-NP62TFwf',
4146 silly reify   '/Users/nixonpaul/node_modules/@protobufjs/utf8': '/Users/nixonpaul/node_modules/@protobufjs/.utf8-Nb8awQpI',
4146 silly reify   '/Users/nixonpaul/node_modules/@protobufjs/float': '/Users/nixonpaul/node_modules/@protobufjs/.float-0FoqRAZ4',
4146 silly reify   '/Users/nixonpaul/node_modules/@protobufjs/pool': '/Users/nixonpaul/node_modules/@protobufjs/.pool-o8inmYlc',
4146 silly reify   '/Users/nixonpaul/node_modules/@radix-ui/react-compose-refs': '/Users/nixonpaul/node_modules/@radix-ui/.react-compose-refs-LjHrJqRJ',
4146 silly reify   '/Users/nixonpaul/node_modules/@radix-ui/react-slot': '/Users/nixonpaul/node_modules/@radix-ui/.react-slot-p6kOAO8Y',
4146 silly reify   '/Users/nixonpaul/node_modules/@rolldown/binding-darwin-arm64': '/Users/nixonpaul/node_modules/@rolldown/.binding-darwin-arm64-AlG9O0rF',
4146 silly reify   '/Users/nixonpaul/node_modules/@radix-ui/react-toggle': '/Users/nixonpaul/node_modules/@radix-ui/.react-toggle-Zz1A660G',
4146 silly reify   '/Users/nixonpaul/node_modules/@protobufjs/path': '/Users/nixonpaul/node_modules/@protobufjs/.path-CgYpB7Io',
4146 silly reify   '/Users/nixonpaul/node_modules/@rolldown/pluginutils': '/Users/nixonpaul/node_modules/@rolldown/.pluginutils-2Vg2AV4W',
4146 silly reify   '/Users/nixonpaul/node_modules/@prisma/composer-cli': '/Users/nixonpaul/node_modules/@prisma/.composer-cli-HnzjCktX',
4146 silly reify   '/Users/nixonpaul/node_modules/.bin/prisma-composer': '/Users/nixonpaul/node_modules/.bin/.prisma-composer-qMCAO9x3',
4146 silly reify   '/Users/nixonpaul/node_modules/@radix-ui/react-primitive': '/Users/nixonpaul/node_modules/@radix-ui/.react-primitive-pEboLW4m',
4146 silly reify   '/Users/nixonpaul/node_modules/@rollup/pluginutils': '/Users/nixonpaul/node_modules/@rollup/.pluginutils-gIhzWoLO',
4146 silly reify   '/Users/nixonpaul/node_modules/@radix-ui/react-use-controllable-state': '/Users/nixonpaul/node_modules/@radix-ui/.react-use-controllable-state-xcWaLa1s',
4146 silly reify   '/Users/nixonpaul/node_modules/@smithy/core': '/Users/nixonpaul/node_modules/@smithy/.core-W7ankV86',
4146 silly reify   '/Users/nixonpaul/node_modules/@sec-ant/readable-stream': '/Users/nixonpaul/node_modules/@sec-ant/.readable-stream-dn6Qph5V',
4146 silly reify   '/Users/nixonpaul/node_modules/@sindresorhus/merge-streams': '/Users/nixonpaul/node_modules/@sindresorhus/.merge-streams-e6c4kHJx',
4146 silly reify   '/Users/nixonpaul/node_modules/@smithy/shared-ini-file-loader': '/Users/nixonpaul/node_modules/@smithy/.shared-ini-file-loader-gWPqBopb',
4146 silly reify   '/Users/nixonpaul/node_modules/@radix-ui/react-use-layout-effect': '/Users/nixonpaul/node_modules/@radix-ui/.react-use-layout-effect-ZRN9whPS',
4146 silly reify   '/Users/nixonpaul/node_modules/@smithy/util-utf8': '/Users/nixonpaul/node_modules/@smithy/.util-utf8-Vpov9qEA',
4146 silly reify   '/Users/nixonpaul/node_modules/@smithy/util-base64': '/Users/nixonpaul/node_modules/@smithy/.util-base64-VnvnO0mw',
4146 silly reify   '/Users/nixonpaul/node_modules/@smithy/credential-provider-imds': '/Users/nixonpaul/node_modules/@smithy/.credential-provider-imds-ubBjBIPK',
4146 silly reify   '/Users/nixonpaul/node_modules/@smithy/node-http-handler': '/Users/nixonpaul/node_modules/@smithy/.node-http-handler-i9TUfEdD',
4146 silly reify   '/Users/nixonpaul/node_modules/@smithy/is-array-buffer': '/Users/nixonpaul/node_modules/@smithy/.is-array-buffer-WGnhJs4e',
4146 silly reify   '/Users/nixonpaul/node_modules/@radix-ui/primitive': '/Users/nixonpaul/node_modules/@radix-ui/.primitive-m4MN4qqI',
4146 silly reify   '/Users/nixonpaul/node_modules/@stricli/core': '/Users/nixonpaul/node_modules/@stricli/.core-nPImzHzL',
4146 silly reify   '/Users/nixonpaul/node_modules/@smithy/node-config-provider': '/Users/nixonpaul/node_modules/@smithy/.node-config-provider-LLAkdPaA',
4146 silly reify   '/Users/nixonpaul/node_modules/@standard-schema/spec': '/Users/nixonpaul/node_modules/@standard-schema/.spec-LI0azEPh',
4146 silly reify   '/Users/nixonpaul/node_modules/@smithy/signature-v4': '/Users/nixonpaul/node_modules/@smithy/.signature-v4-4xh50HuA',
4146 silly reify   '/Users/nixonpaul/node_modules/@tensorflow/tfjs-core/node_modules/long': '/Users/nixonpaul/node_modules/@tensorflow/tfjs-core/node_modules/.long-Lr6Fx4ua',
4146 silly reify   '/Users/nixonpaul/node_modules/@smithy/util-buffer-from': '/Users/nixonpaul/node_modules/@smithy/.util-buffer-from-C1kq1yqs',
4146 silly reify   '/Users/nixonpaul/node_modules/@types/chai': '/Users/nixonpaul/node_modules/@types/.chai-VyhNLHpx',
4146 silly reify   '/Users/nixonpaul/node_modules/@types/bcrypt': '/Users/nixonpaul/node_modules/@types/.bcrypt-jqSUV2LR',
4146 silly reify   '/Users/nixonpaul/node_modules/@types/d3-color': '/Users/nixonpaul/node_modules/@types/.d3-color-R2npeW4v',
4146 silly reify   '/Users/nixonpaul/node_modules/@types/d3-format': '/Users/nixonpaul/node_modules/@types/.d3-format-OFZmKFGk',
4146 silly reify   '/Users/nixonpaul/node_modules/@smithy/types': '/Users/nixonpaul/node_modules/@smithy/.types-k3RdJRbk',
4146 silly reify   '/Users/nixonpaul/node_modules/@types/d3-geo': '/Users/nixonpaul/node_modules/@types/.d3-geo-85LjuAO4',
4146 silly reify   '/Users/nixonpaul/node_modules/@types/aws-lambda': '/Users/nixonpaul/node_modules/@types/.aws-lambda-tL8rWdKY',
4146 silly reify   '/Users/nixonpaul/node_modules/@types/d3-delaunay': '/Users/nixonpaul/node_modules/@types/.d3-delaunay-fPJL0jvZ',
4146 silly reify   '/Users/nixonpaul/node_modules/@smithy/fetch-http-handler': '/Users/nixonpaul/node_modules/@smithy/.fetch-http-handler-eT68XJy0',
4146 silly reify   '/Users/nixonpaul/node_modules/@types/d3-time-format': '/Users/nixonpaul/node_modules/@types/.d3-time-format-kc0gmuHN',
4146 silly reify   '/Users/nixonpaul/node_modules/@types/d3-array': '/Users/nixonpaul/node_modules/@types/.d3-array-Z7aYCfnB',
4146 silly reify   '/Users/nixonpaul/node_modules/@types/estree': '/Users/nixonpaul/node_modules/@types/.estree-F1df3qOo',
4146 silly reify   '/Users/nixonpaul/node_modules/@types/d3-interpolate': '/Users/nixonpaul/node_modules/@types/.d3-interpolate-kovl2I2e',
4146 silly reify   '/Users/nixonpaul/node_modules/@types/geojson': '/Users/nixonpaul/node_modules/@types/.geojson-4tTAtebc',
4146 silly reify   '/Users/nixonpaul/node_modules/@types/d3-path': '/Users/nixonpaul/node_modules/@types/.d3-path-cbLXZW15',
4146 silly reify   '/Users/nixonpaul/node_modules/@types/d3-time': '/Users/nixonpaul/node_modules/@types/.d3-time-a996Jqx6',
4146 silly reify   '/Users/nixonpaul/node_modules/@types/d3-shape': '/Users/nixonpaul/node_modules/@types/.d3-shape-txjozCTV',
4146 silly reify   '/Users/nixonpaul/node_modules/@types/d3-scale': '/Users/nixonpaul/node_modules/@types/.d3-scale-I2dgrkiQ',
4146 silly reify   '/Users/nixonpaul/node_modules/@types/ms': '/Users/nixonpaul/node_modules/@types/.ms-Aq1bmIoJ',
4146 silly reify   '/Users/nixonpaul/node_modules/@types/jsonwebtoken': '/Users/nixonpaul/node_modules/@types/.jsonwebtoken-VOTzlVnI',
4146 silly reify   '/Users/nixonpaul/node_modules/@types/retry': '/Users/nixonpaul/node_modules/@types/.retry-gLgsWmG6',
4146 silly reify   '/Users/nixonpaul/node_modules/@types/node-fetch/node_modules/form-data': '/Users/nixonpaul/node_modules/@types/node-fetch/node_modules/.form-data-nf8KTCs2',
4146 silly reify   '/Users/nixonpaul/node_modules/@types/node': '/Users/nixonpaul/node_modules/@types/.node-CrZwnXWs',
4146 silly reify   '/Users/nixonpaul/node_modules/@vercel/detect-agent': '/Users/nixonpaul/node_modules/@vercel/.detect-agent-339J0Z6G',
4146 silly reify   '/Users/nixonpaul/node_modules/@types/ws': '/Users/nixonpaul/node_modules/@types/.ws-B7hBBx9X',
4146 silly reify   '/Users/nixonpaul/node_modules/@types/lodash': '/Users/nixonpaul/node_modules/@types/.lodash-fgNPphUO',
4146 silly reify   '/Users/nixonpaul/node_modules/@types/pg': '/Users/nixonpaul/node_modules/@types/.pg-4zFPPK0b',
4146 silly reify   '/Users/nixonpaul/node_modules/@vercel/nft': '/Users/nixonpaul/node_modules/@vercel/.nft-SUCbHJaK',
4146 silly reify   '/Users/nixonpaul/node_modules/.bin/nft': '/Users/nixonpaul/node_modules/.bin/.nft-10uWChpL',
4146 silly reify   '/Users/nixonpaul/node_modules/@typescript/typescript-darwin-arm64': '/Users/nixonpaul/node_modules/@typescript/.typescript-darwin-arm64-XgoB4cm2',
4146 silly reify   '/Users/nixonpaul/node_modules/@visx/curve': '/Users/nixonpaul/node_modules/@visx/.curve-5OX5IHwb',
4146 silly reify   '/Users/nixonpaul/node_modules/@visx/event': '/Users/nixonpaul/node_modules/@visx/.event-OnwGeOCK',
4146 silly reify   '/Users/nixonpaul/node_modules/@visx/group': '/Users/nixonpaul/node_modules/@visx/.group-aoLhxvTK',
4146 silly reify   '/Users/nixonpaul/node_modules/@visx/grid': '/Users/nixonpaul/node_modules/@visx/.grid-J52q9wjt',
4146 silly reify   '/Users/nixonpaul/node_modules/@types/react': '/Users/nixonpaul/node_modules/@types/.react-m6TmKLyu',
4146 silly reify   '/Users/nixonpaul/node_modules/@visx/responsive': '/Users/nixonpaul/node_modules/@visx/.responsive-E4MgcK1Z',
4146 silly reify   '/Users/nixonpaul/node_modules/@types/deep-eql': '/Users/nixonpaul/node_modules/@types/.deep-eql-wJtO0Dtc',
4146 silly reify   '/Users/nixonpaul/node_modules/@visx/shape': '/Users/nixonpaul/node_modules/@visx/.shape-lPtjWwQ0',
4146 silly reify   '/Users/nixonpaul/node_modules/@visx/point': '/Users/nixonpaul/node_modules/@visx/.point-vAnh68yy',
4146 silly reify   '/Users/nixonpaul/node_modules/@radix-ui/react-use-effect-event': '/Users/nixonpaul/node_modules/@radix-ui/.react-use-effect-event-0OOsMJgP',
4146 silly reify   '/Users/nixonpaul/node_modules/@vitest/expect': '/Users/nixonpaul/node_modules/@vitest/.expect-wUyyBuAF',
4146 silly reify   '/Users/nixonpaul/node_modules/@vitest/pretty-format': '/Users/nixonpaul/node_modules/@vitest/.pretty-format-n9VZDAXV',
4146 silly reify   '/Users/nixonpaul/node_modules/@visx/vendor': '/Users/nixonpaul/node_modules/@visx/.vendor-R4yFmWvL',
4146 silly reify   '/Users/nixonpaul/node_modules/@vitest/mocker': '/Users/nixonpaul/node_modules/@vitest/.mocker-iuf0j0ZT',
4146 silly reify   '/Users/nixonpaul/node_modules/@vitest/spy': '/Users/nixonpaul/node_modules/@vitest/.spy-KwLfVddR',
4146 silly reify   '/Users/nixonpaul/node_modules/@vitest/runner': '/Users/nixonpaul/node_modules/@vitest/.runner-W6TQ7u5y',
4146 silly reify   '/Users/nixonpaul/node_modules/@visx/scale': '/Users/nixonpaul/node_modules/@visx/.scale-A3PByQbl',
4146 silly reify   '/Users/nixonpaul/node_modules/@vitest/snapshot': '/Users/nixonpaul/node_modules/@vitest/.snapshot-Qnpam0Q4',
4146 silly reify   '/Users/nixonpaul/node_modules/@vitest/utils': '/Users/nixonpaul/node_modules/@vitest/.utils-J7i1bVvb'
4146 silly reify }
4147 silly audit bulk request {
4147 silly audit   '@tensorflow-models/handpose': [ '0.1.0' ],
4147 silly audit   '@tensorflow/tfjs': [ '4.22.0' ],
4147 silly audit   '@tensorflow/tfjs-backend-cpu': [ '4.22.0' ],
4147 silly audit   '@tensorflow/tfjs-backend-webgl': [ '4.22.0' ],
4147 silly audit   '@tensorflow/tfjs-converter': [ '4.22.0' ],
4147 silly audit   '@tensorflow/tfjs-core': [ '4.22.0' ],
4147 silly audit   '@types/offscreencanvas': [ '2019.7.3', '2019.3.0' ],
4147 silly audit   '@tensorflow/tfjs-data': [ '4.22.0' ],
4147 silly audit   '@tensorflow/tfjs-layers': [ '4.22.0' ],
4147 silly audit   '@types/long': [ '4.0.2' ],
4147 silly audit   '@types/node-fetch': [ '2.6.12' ],
4147 silly audit   '@types/seedrandom': [ '2.4.34' ],
4147 silly audit   '@webgpu/types': [ '0.1.38' ],
4147 silly audit   'ansi-regex': [ '5.0.1', '6.4.0' ],
4147 silly audit   'ansi-styles': [ '4.3.0', '6.2.3' ],
4147 silly audit   argparse: [ '1.0.10' ],
4147 silly audit   asynckit: [ '0.4.0' ],
4147 silly audit   'balanced-match': [ '1.0.2', '4.0.4' ],
4147 silly audit   'brace-expansion': [ '1.1.11', '5.0.12' ],
4147 silly audit   'call-bind-apply-helpers': [ '1.0.2' ],
4147 silly audit   chalk: [ '4.1.2' ],
4147 silly audit   cliui: [ '7.0.4', '9.0.1' ],
4147 silly audit   'color-convert': [ '2.0.1' ],
4147 silly audit   'color-name': [ '1.1.4' ],
4147 silly audit   'combined-stream': [ '1.0.8' ],
4147 silly audit   'concat-map': [ '0.0.1' ],
4147 silly audit   'core-js': [ '3.29.1' ],
4147 silly audit   'delayed-stream': [ '1.0.0' ],
4147 silly audit   'dunder-proto': [ '1.0.1' ],
4147 silly audit   'emoji-regex': [ '8.0.0', '10.6.0' ],
4147 silly audit   'es-define-property': [ '1.0.1' ],
4147 silly audit   'es-errors': [ '1.3.0' ],
4147 silly audit   'es-object-atoms': [ '1.1.1' ],
4147 silly audit   'es-set-tostringtag': [ '2.1.0' ],
4147 silly audit   escalade: [ '3.2.0' ],
4147 silly audit   'fs.realpath': [ '1.0.0' ],
4147 silly audit   'function-bind': [ '1.1.2' ],
4147 silly audit   'get-caller-file': [ '2.0.5' ],
4147 silly audit   'get-intrinsic': [ '1.3.0' ],
4147 silly audit   'get-proto': [ '1.0.1' ],
4147 silly audit   glob: [ '7.2.3', '13.0.6' ],
4147 silly audit   gopd: [ '1.2.0' ],
4147 silly audit   'has-flag': [ '4.0.0' ],
4147 silly audit   'has-symbols': [ '1.1.0' ],
4147 silly audit   'has-tostringtag': [ '1.0.2' ],
4147 silly audit   inflight: [ '1.0.6' ],
4147 silly audit   inherits: [ '2.0.4' ],
4147 silly audit   'is-fullwidth-code-point': [ '3.0.0' ],
4147 silly audit   long: [ '4.0.0', '5.3.2' ],
4147 silly audit   'math-intrinsics': [ '1.1.0' ],
4147 silly audit   'mime-db': [ '1.52.0' ],
4147 silly audit   'mime-types': [ '2.1.35' ],
4147 silly audit   minimatch: [ '3.1.2', '10.2.6' ],
4147 silly audit   'node-fetch': [ '2.6.13', '3.3.2' ],
4147 silly audit   once: [ '1.4.0' ],
4147 silly audit   'path-is-absolute': [ '1.0.1' ],
4147 silly audit   'react-dom': [ '19.1.0' ],
4147 silly audit   'react-webcam': [ '7.2.0' ],
4147 silly audit   'regenerator-runtime': [ '0.13.11' ],
4147 silly audit   'require-directory': [ '2.1.1' ],
4147 silly audit   rimraf: [ '3.0.2' ],
4147 silly audit   'safe-buffer': [ '5.2.1' ],
4147 silly audit   scheduler: [ '0.26.0', '0.28.0' ],
4147 silly audit   seedrandom: [ '3.0.5' ],
4147 silly audit   'sprintf-js': [ '1.0.3' ],
4147 silly audit   string_decoder: [ '1.3.0' ],
4147 silly audit   'string-width': [ '4.2.3', '8.3.0', '7.2.0' ],
4147 silly audit   'strip-ansi': [ '6.0.1', '7.2.0' ],
4147 silly audit   'supports-color': [ '7.2.0' ],
4147 silly audit   tr46: [ '0.0.3' ],
4147 silly audit   tslib: [ '2.8.1' ],
4147 silly audit   'webidl-conversions': [ '3.0.1' ],
4147 silly audit   'whatwg-url': [ '5.0.0' ],
4147 silly audit   'wrap-ansi': [ '7.0.0', '10.0.2', '9.0.2' ],
4147 silly audit   wrappy: [ '1.0.2' ],
4147 silly audit   y18n: [ '5.0.8' ],
4147 silly audit   yargs: [ '16.2.0', '18.2.0' ],
4147 silly audit   'yargs-parser': [ '20.2.9', '22.0.0' ],
4147 silly audit   '@google/genai': [ '2.28.0' ],
4147 silly audit   '@prisma/orm-postgres': [ '8.0.0-rc.17' ],
4147 silly audit   'temporal-polyfill': [ '1.0.5' ],
4147 silly audit   '@types/bcrypt': [ '6.0.0' ],
4147 silly audit   '@types/jsonwebtoken': [ '9.0.10' ],
4147 silly audit   '@types/pg': [ '8.23.1', '8.20.4' ],
4147 silly audit   axios: [ '1.20.0' ],
4147 silly audit   bcrypt: [ '6.0.0' ],
4147 silly audit   jsonwebtoken: [ '9.0.3' ],
4147 silly audit   prisma: [ '8.0.0-rc.22' ],
4147 silly audit   typescript: [ '7.0.2', '6.0.3' ],
4147 silly audit   zod: [ '4.6.5' ],
4147 silly audit   'google-auth-library': [ '10.9.1' ],
4147 silly audit   'p-retry': [ '4.6.2' ],
4147 silly audit   protobufjs: [ '7.6.6' ],
4147 silly audit   ws: [ '8.22.0' ],
4147 silly audit   '@prisma/orm-family-sql': [ '8.0.0-rc.17' ],
4147 silly audit   '@prisma/orm-framework': [ '8.0.0-rc.17' ],
4147 silly audit   '@prisma/orm-target-postgres': [ '8.0.0-rc.17' ],
4147 silly audit   '@prisma/orm-toolchain': [ '8.0.0-rc.17' ],
4147 silly audit   '@prisma/cli-engine': [ '0.7.0' ],
4147 silly audit   '@prisma/management-api-sdk': [ '1.82.0', '1.80.0' ],
4147 silly audit   '@types/node': [ '26.1.2' ],
4147 silly audit   arktype: [ '2.2.8' ],
4147 silly audit   pathe: [ '2.0.3' ],
4147 silly audit   pg: [ '8.22.0' ],
4147 silly audit   tinyglobby: [ '0.2.17' ],
4147 silly audit   '@clack/prompts': [ '1.5.0' ],
4147 silly audit   '@stricli/core': [ '1.3.0' ],
4147 silly audit   c12: [ '3.3.4' ],
4147 silly audit   colorette: [ '2.0.20' ],
4147 silly audit   'package-manager-detector': [ '1.8.0' ],
4147 silly audit   '@clack/core': [ '1.4.0' ],
4147 silly audit   'fast-string-width': [ '3.0.2' ],
4147 silly audit   'fast-wrap-ansi': [ '0.2.2' ],
4147 silly audit   sisteransi: [ '1.0.5' ],
4147 silly audit   'openapi-fetch': [ '0.14.0' ],
4147 silly audit   '@standard-schema/spec': [ '1.1.0' ],
4147 silly audit   pluralize: [ '8.0.0' ],
4147 silly audit   'ts-toolbelt': [ '9.6.0' ],
4147 silly audit   uniku: [ '0.5.0' ],
4147 silly audit   'pg-cursor': [ '2.22.1' ],
4147 silly audit   'postgres-array': [ '2.0.0' ],
4147 silly audit   '@vercel/detect-agent': [ '1.2.5' ],
4147 silly audit   'ci-info': [ '4.4.0' ],
4147 silly audit   clipanion: [ '4.0.0-rc.4' ],
4147 silly audit   'closest-match': [ '1.3.3' ],
4147 silly audit   esbuild: [ '0.28.2' ],
4147 silly audit   'jsonc-parser': [ '3.3.1' ],
4147 silly audit   prettier: [ '3.9.9' ],
4147 silly audit   'vscode-languageserver': [ '10.1.0' ],
4147 silly audit   'vscode-languageserver-textdocument': [ '1.0.12' ],
4147 silly audit   '@types/ms': [ '2.1.0' ],
4147 silly audit   'undici-types': [ '8.3.0' ],
4147 silly audit   'pg-protocol': [ '1.16.1' ],
4147 silly audit   'pg-types': [ '2.2.0' ],
4147 silly audit   '@ark/schema': [ '0.56.7' ],
4147 silly audit   '@ark/util': [ '0.56.7' ],
4147 silly audit   arkregex: [ '0.0.13' ],
4147 silly audit   'follow-redirects': [ '1.16.1' ],
4147 silly audit   'form-data': [ '4.0.6' ],
4147 silly audit   'https-proxy-agent': [ '5.0.1', '7.0.6' ],
4147 silly audit   'proxy-from-env': [ '2.1.0' ],
4147 silly audit   'node-addon-api': [ '8.9.2' ],
4147 silly audit   'node-gyp-build': [ '4.8.4' ],
4147 silly audit   chokidar: [ '5.0.0' ],
4147 silly audit   confbox: [ '0.2.4', '0.3.1' ],
4147 silly audit   defu: [ '6.1.7' ],
4147 silly audit   dotenv: [ '17.4.2' ],
4147 silly audit   exsolve: [ '1.1.3' ],
4147 silly audit   giget: [ '3.3.1' ],
4147 silly audit   jiti: [ '2.7.0' ],
4147 silly audit   ohash: [ '2.0.12' ],
4147 silly audit   'perfect-debounce': [ '2.1.0' ],
4147 silly audit   'pkg-types': [ '2.3.3' ],
4147 silly audit   rc9: [ '3.1.0' ],
4147 silly audit   readdirp: [ '5.1.1' ],
4147 silly audit   typanion: [ '3.14.0' ],
4147 silly audit   '@esbuild/aix-ppc64': [ '0.28.2' ],
4147 silly audit   '@esbuild/android-arm': [ '0.28.2' ],
4147 silly audit   '@esbuild/android-arm64': [ '0.28.2' ],
4147 silly audit   '@esbuild/android-x64': [ '0.28.2' ],
4147 silly audit   '@esbuild/darwin-arm64': [ '0.28.2' ],
4147 silly audit   '@esbuild/darwin-x64': [ '0.28.2' ],
4147 silly audit   '@esbuild/freebsd-arm64': [ '0.28.2' ],
4147 silly audit   '@esbuild/freebsd-x64': [ '0.28.2' ],
4147 silly audit   '@esbuild/linux-arm': [ '0.28.2' ],
4147 silly audit   '@esbuild/linux-arm64': [ '0.28.2' ],
4147 silly audit   '@esbuild/linux-ia32': [ '0.28.2' ],
4147 silly audit   '@esbuild/linux-loong64': [ '0.28.2' ],
4147 silly audit   '@esbuild/linux-mips64el': [ '0.28.2' ],
4147 silly audit   '@esbuild/linux-ppc64': [ '0.28.2' ],
4147 silly audit   '@esbuild/linux-riscv64': [ '0.28.2' ],
4147 silly audit   '@esbuild/linux-s390x': [ '0.28.2' ],
4147 silly audit   '@esbuild/linux-x64': [ '0.28.2' ],
4147 silly audit   '@esbuild/netbsd-arm64': [ '0.28.2' ],
4147 silly audit   '@esbuild/netbsd-x64': [ '0.28.2' ],
4147 silly audit   '@esbuild/openbsd-arm64': [ '0.28.2' ],
4147 silly audit   '@esbuild/openbsd-x64': [ '0.28.2' ],
4147 silly audit   '@esbuild/openharmony-arm64': [ '0.28.2' ],
4147 silly audit   '@esbuild/sunos-x64': [ '0.28.2' ],
4147 silly audit   '@esbuild/win32-arm64': [ '0.28.2' ],
4147 silly audit   '@esbuild/win32-ia32': [ '0.28.2' ],
4147 silly audit   '@esbuild/win32-x64': [ '0.28.2' ],
4147 silly audit   'fast-string-truncated-width': [ '3.0.3' ],
4147 silly audit   hasown: [ '2.0.4' ],
4147 silly audit   'base64-js': [ '1.5.1' ],
4147 silly audit   'ecdsa-sig-formatter': [ '1.0.11' ],
4147 silly audit   gaxios: [ '7.3.1' ],
4147 silly audit   'gcp-metadata': [ '8.1.2' ],
4147 silly audit   'google-logging-utils': [ '1.1.3' ],
4147 silly audit   jws: [ '4.0.1' ],
4147 silly audit   extend: [ '3.0.2' ],
4147 silly audit   'json-bigint': [ '1.0.0' ],
4147 silly audit   'agent-base': [ '6.0.2', '7.1.4' ],
4147 silly audit   debug: [ '4.4.3' ],
4147 silly audit   ms: [ '2.1.3' ],
4147 silly audit   'bignumber.js': [ '9.3.1' ],
4147 silly audit   'lodash.includes': [ '4.3.0' ],
4147 silly audit   'lodash.isboolean': [ '3.0.3' ],
4147 silly audit   'lodash.isinteger': [ '4.0.4' ],
4147 silly audit   'lodash.isnumber': [ '3.0.3' ],
4147 silly audit   'lodash.isplainobject': [ '4.0.6' ],
4147 silly audit   'lodash.isstring': [ '4.0.1' ],
4147 silly audit   'lodash.once': [ '4.1.1' ],
4147 silly audit   semver: [ '7.8.5' ],
4147 silly audit   jwa: [ '2.0.1' ],
4147 silly audit   'buffer-equal-constant-time': [ '1.0.1' ],
4147 silly audit   'openapi-typescript-helpers': [ '0.0.15' ],
4147 silly audit   '@types/retry': [ '0.12.0' ],
4147 silly audit   retry: [ '0.13.1', '0.12.0' ],
4147 silly audit   'pg-cloudflare': [ '1.4.1' ],
4147 silly audit   'pg-connection-string': [ '2.14.1' ],
4147 silly audit   'pg-pool': [ '3.14.0' ],
4147 silly audit   pgpass: [ '1.0.5' ],
4147 silly audit   'pg-int8': [ '1.0.1' ],
4147 silly audit   'postgres-bytea': [ '1.0.1' ],
4147 silly audit   'postgres-date': [ '1.0.7' ],
4147 silly audit   'postgres-interval': [ '1.2.0' ],
4147 silly audit   split2: [ '4.2.0' ],
4147 silly audit   xtend: [ '4.0.2' ],
4147 silly audit   '@manypkg/tools': [ '2.1.2' ],
4147 silly audit   '@prisma/composer-cli': [ '0.29.1' ],
4147 silly audit   '@prisma/compute-sdk': [ '0.43.0' ],
4147 silly audit   'better-result': [ '2.10.0' ],
4147 silly audit   'cross-spawn': [ '7.0.6' ],
4147 silly audit   execa: [ '9.6.1' ],
4147 silly audit   open: [ '11.0.4' ],
4147 silly audit   jju: [ '1.4.0' ],
4147 silly audit   yaml: [ '2.9.1' ],
4147 silly audit   '@prisma/composer': [ '0.29.1' ],
4147 silly audit   alchemy: [ '2.0.0-beta.78' ],
4147 silly audit   effect: [ '4.0.0-rc.115' ],
4147 silly audit   '@effect/sql-d1': [ '4.0.0-rc.115' ],
4147 silly audit   '@effect/sql-sqlite-do': [ '4.0.0-rc.115' ],
4147 silly audit   '@effect/vitest': [ '4.0.0-rc.115' ],
4147 silly audit   vitest: [ '5.0.3' ],
4147 silly audit   vite: [ '8.3.4' ],
4147 silly audit   '@cloudflare/workers-types': [ '5.20261008.1' ],
4147 silly audit   '@vercel/nft': [ '1.11.0' ],
4147 silly audit   magicast: [ '0.5.5' ],
4147 silly audit   picomatch: [ '4.0.7' ],
4147 silly audit   'tar-stream': [ '3.2.2' ],
4147 silly audit   'tiny-invariant': [ '1.3.3' ],
4147 silly audit   '@mapbox/node-pre-gyp': [ '2.0.3' ],
4147 silly audit   '@rollup/pluginutils': [ '5.4.0' ],
4147 silly audit   acorn: [ '8.19.0' ],
4147 silly audit   'acorn-import-attributes': [ '1.9.5' ],
4147 silly audit   'async-sema': [ '3.1.1' ],
4147 silly audit   bindings: [ '1.5.0' ],
4147 silly audit   'estree-walker': [ '2.0.2', '3.0.3' ],
4147 silly audit   'graceful-fs': [ '4.2.11' ],
4147 silly audit   'resolve-from': [ '5.0.0' ],
4147 silly audit   consola: [ '3.4.2' ],
4147 silly audit   'detect-libc': [ '2.1.2', '2.0.2' ],
4147 silly audit   nopt: [ '8.1.0' ],
4147 silly audit   tar: [ '7.5.22' ],
4147 silly audit   '@types/estree': [ '1.0.9' ],
4147 silly audit   'file-uri-to-path': [ '1.0.0' ],
4147 silly audit   'path-key': [ '3.1.1', '4.0.0' ],
4147 silly audit   'shebang-command': [ '2.0.0' ],
4147 silly audit   which: [ '2.0.2' ],
4147 silly audit   '@sindresorhus/merge-streams': [ '4.0.0' ],
4147 silly audit   figures: [ '6.1.0' ],
4147 silly audit   'get-stream': [ '9.0.1' ],
4147 silly audit   'human-signals': [ '8.0.1' ],
4147 silly audit   'is-plain-obj': [ '4.1.0' ],
4147 silly audit   'is-stream': [ '4.0.1' ],
4147 silly audit   'npm-run-path': [ '6.0.0' ],
4147 silly audit   'pretty-ms': [ '9.3.1' ],
4147 silly audit   'signal-exit': [ '4.1.0', '3.0.7' ],
4147 silly audit   'strip-final-newline': [ '4.0.0' ],
4147 silly audit   yoctocolors: [ '2.2.0' ],
4147 silly audit   'is-unicode-supported': [ '2.1.0' ],
4147 silly audit   '@sec-ant/readable-stream': [ '0.4.1' ],
4147 silly audit   '@babel/parser': [ '7.29.9' ],
4147 silly audit   '@babel/types': [ '7.29.8' ],
4147 silly audit   'source-map-js': [ '1.2.2' ],
4147 silly audit   '@babel/helper-string-parser': [ '7.29.7' ],
4147 silly audit   '@babel/helper-validator-identifier': [ '7.29.7' ],
4147 silly audit   abbrev: [ '3.0.1' ],
4147 silly audit   'unicorn-magic': [ '0.3.0' ],
4147 silly audit   'default-browser': [ '5.5.1' ],
4147 silly audit   'define-lazy-prop': [ '3.0.0' ],
4147 silly audit   'is-in-ssh': [ '1.0.0' ],
4147 silly audit   'is-inside-container': [ '1.0.0' ],
4147 silly audit   'powershell-utils': [ '0.2.1' ],
4147 silly audit   'wsl-utils': [ '1.0.1' ],
4147 silly audit   'bundle-name': [ '4.1.1' ],
4147 silly audit   'default-browser-id': [ '5.0.1' ],
4147 silly audit   'run-applescript': [ '7.1.0' ],
4147 silly audit   'is-docker': [ '3.0.0' ],
4147 silly audit   'parse-ms': [ '4.0.0' ],
4147 silly audit   '@protobufjs/aspromise': [ '1.1.2' ],
4147 silly audit   '@protobufjs/base64': [ '1.1.2' ],
4147 silly audit   '@protobufjs/codegen': [ '2.0.5' ],
4147 silly audit   '@protobufjs/eventemitter': [ '1.1.1' ],
4147 silly audit   '@protobufjs/fetch': [ '1.1.1' ],
4147 silly audit   '@protobufjs/float': [ '1.0.2' ],
4147 silly audit   '@protobufjs/path': [ '1.1.2' ],
4147 silly audit   '@protobufjs/pool': [ '1.1.0' ],
4147 silly audit   '@protobufjs/utf8': [ '1.1.2' ],
4147 silly audit   destr: [ '2.0.5' ],
4147 silly audit   'shebang-regex': [ '3.0.0' ],
4147 silly audit   '@isaacs/fs-minipass': [ '4.0.1' ],
4147 silly audit   chownr: [ '3.0.0' ],
4147 silly audit   minipass: [ '7.1.3' ],
4147 silly audit   minizlib: [ '3.1.0' ],
4147 silly audit   yallist: [ '5.0.0' ],
4147 silly audit   b4a: [ '1.9.0' ],
4147 silly audit   'bare-fs': [ '4.8.3' ],
4147 silly audit   'fast-fifo': [ '1.3.2' ],
4147 silly audit   streamx: [ '2.28.1' ],
4147 silly audit   'bare-events': [ '2.9.2' ],
4147 silly audit   'bare-path': [ '3.1.2' ],
4147 silly audit   'bare-stream': [ '2.13.4' ],
4147 silly audit   'bare-url': [ '2.5.4' ],
4147 silly audit   teex: [ '1.0.1' ],
4147 silly audit   'events-universal': [ '1.0.1' ],
4147 silly audit   'text-decoder': [ '1.2.7' ],
4147 silly audit   'temporal-spec': [ '1.0.1' ],
4147 silly audit   'temporal-utils': [ '1.0.3' ],
4147 silly audit   fdir: [ '6.5.0' ],
4147 silly audit   '@typescript/typescript-aix-ppc64': [ '7.0.2' ],
4147 silly audit   '@typescript/typescript-darwin-arm64': [ '7.0.2' ],
4147 silly audit   '@typescript/typescript-darwin-x64': [ '7.0.2' ],
4147 silly audit   '@typescript/typescript-freebsd-arm64': [ '7.0.2' ],
4147 silly audit   '@typescript/typescript-freebsd-x64': [ '7.0.2' ],
4147 silly audit   '@typescript/typescript-linux-arm': [ '7.0.2' ],
4147 silly audit   '@typescript/typescript-linux-arm64': [ '7.0.2' ],
4147 silly audit   '@typescript/typescript-linux-loong64': [ '7.0.2' ],
4147 silly audit   '@typescript/typescript-linux-mips64el': [ '7.0.2' ],
4147 silly audit   '@typescript/typescript-linux-ppc64': [ '7.0.2' ],
4147 silly audit   '@typescript/typescript-linux-riscv64': [ '7.0.2' ],
4147 silly audit   '@typescript/typescript-linux-s390x': [ '7.0.2' ],
4147 silly audit   '@typescript/typescript-linux-x64': [ '7.0.2' ],
4147 silly audit   '@typescript/typescript-netbsd-arm64': [ '7.0.2' ],
4147 silly audit   '@typescript/typescript-netbsd-x64': [ '7.0.2' ],
4147 silly audit   '@typescript/typescript-openbsd-arm64': [ '7.0.2' ],
4147 silly audit   '@typescript/typescript-openbsd-x64': [ '7.0.2' ],
4147 silly audit   '@typescript/typescript-sunos-x64': [ '7.0.2' ],
4147 silly audit   '@typescript/typescript-win32-arm64': [ '7.0.2' ],
4147 silly audit   '@typescript/typescript-win32-x64': [ '7.0.2' ],
4147 silly audit   '@noble/hashes': [ '2.4.0' ],
4147 silly audit   fsevents: [ '2.3.3' ],
4147 silly audit   lightningcss: [ '1.33.0' ],
4147 silly audit   postcss: [ '8.5.29' ],
4147 silly audit   rolldown: [ '1.2.13', '1.2.5' ],
4147 silly audit   'lightningcss-android-arm64': [ '1.33.0' ],
4147 silly audit   'lightningcss-darwin-arm64': [ '1.33.0' ],
4147 silly audit   'lightningcss-darwin-x64': [ '1.33.0' ],
4147 silly audit   'lightningcss-freebsd-x64': [ '1.33.0' ],
4147 silly audit   'lightningcss-linux-arm-gnueabihf': [ '1.33.0' ],
4147 silly audit   'lightningcss-linux-arm64-gnu': [ '1.33.0' ],
4147 silly audit   'lightningcss-linux-arm64-musl': [ '1.33.0' ],
4147 silly audit   'lightningcss-linux-x64-gnu': [ '1.33.0' ],
4147 silly audit   'lightningcss-linux-x64-musl': [ '1.33.0' ],
4147 silly audit   'lightningcss-win32-arm64-msvc': [ '1.33.0' ],
4147 silly audit   'lightningcss-win32-x64-msvc': [ '1.33.0' ],
4147 silly audit   nanoid: [ '3.3.20' ],
4147 silly audit   picocolors: [ '1.1.1' ],
4147 silly audit   '@oxc-project/types': [ '0.153.0', '0.146.0' ],
4147 silly audit   '@rolldown/binding-android-arm-eabi': [ '1.2.13', '1.2.5' ],
4147 silly audit   '@rolldown/binding-android-arm64': [ '1.2.13', '1.2.5' ],
4147 silly audit   '@rolldown/binding-darwin-arm64': [ '1.2.13', '1.2.5' ],
4147 silly audit   '@rolldown/binding-darwin-x64': [ '1.2.13', '1.2.5' ],
4147 silly audit   '@rolldown/binding-freebsd-x64': [ '1.2.13', '1.2.5' ],
4147 silly audit   '@rolldown/binding-linux-arm-gnueabihf': [ '1.2.13', '1.2.5' ],
4147 silly audit   '@rolldown/binding-linux-arm64-gnu': [ '1.2.13', '1.2.5' ],
4147 silly audit   '@rolldown/binding-linux-arm64-musl': [ '1.2.13', '1.2.5' ],
4147 silly audit   '@rolldown/binding-linux-ppc64-gnu': [ '1.2.13', '1.2.5' ],
4147 silly audit   '@rolldown/binding-linux-s390x-gnu': [ '1.2.13', '1.2.5' ],
4147 silly audit   '@rolldown/binding-linux-x64-gnu': [ '1.2.13', '1.2.5' ],
4147 silly audit   '@rolldown/binding-linux-x64-musl': [ '1.2.13', '1.2.5' ],
4147 silly audit   '@rolldown/binding-openharmony-arm64': [ '1.2.13', '1.2.5' ],
4147 silly audit   '@rolldown/binding-win32-arm64-msvc': [ '1.2.13', '1.2.5' ],
4147 silly audit   '@rolldown/binding-win32-x64-msvc': [ '1.2.13', '1.2.5' ],
4147 silly audit   '@rolldown/pluginutils': [ '1.0.1' ],
4147 silly audit   '@types/chai': [ '5.2.3' ],
4147 silly audit   '@vitest/mocker': [ '5.0.3' ],
4147 silly audit   chai: [ '6.3.0' ],
4147 silly audit   'es-module-lexer': [ '2.3.2' ],
4147 silly audit   'expect-type': [ '1.4.0' ],
4147 silly audit   'magic-string': [ '1.4.3', '0.30.21' ],
4147 silly audit   obug: [ '2.2.1' ],
4147 silly audit   'std-env': [ '4.3.0', '3.10.0' ],
4147 silly audit   tinybench: [ '6.2.1' ],
4147 silly audit   tinyexec: [ '1.3.1' ],
4147 silly audit   'why-is-node-running': [ '3.2.1' ],
4147 silly audit   '@types/deep-eql': [ '4.0.2' ],
4147 silly audit   'assertion-error': [ '2.0.1' ],
4147 silly audit   '@jridgewell/trace-mapping': [ '0.3.31' ],
4147 silly audit   '@vitest/spy': [ '5.0.3' ],
4147 silly audit   '@jridgewell/resolve-uri': [ '3.1.2' ],
4147 silly audit   '@jridgewell/sourcemap-codec': [ '1.6.0' ],
4147 silly audit   'vscode-languageserver-protocol': [ '3.18.2' ],
4147 silly audit   'vscode-jsonrpc': [ '9.0.1' ],
4147 silly audit   'vscode-languageserver-types': [ '3.18.0' ],
4147 silly audit   isexe: [ '2.0.0' ],
4147 silly audit   'is-wsl': [ '3.1.1' ],
4147 silly audit   'get-east-asian-width': [ '1.7.0' ],
4147 silly audit   '@alchemy.run/cloudflare-runtime': [ '2.0.0-beta.78' ],
4147 silly audit   '@distilled.cloud/cloudflare': [ '1.0.0-rc.12' ],
4147 silly audit   '@alchemy.run/floci': [ '2.0.0-beta.78' ],
4147 silly audit   '@alchemy.run/node-utils': [ '2.0.0-beta.78' ],
4147 silly audit   '@alchemy.run/sigil': [ '0.0.0-alpha.11' ],
4147 silly audit   '@aws-sdk/credential-providers': [ '3.1148.0' ],
4147 silly audit   '@distilled.cloud/aws': [ '1.0.0-rc.12' ],
4147 silly audit   '@distilled.cloud/axiom': [ '1.0.0-rc.12' ],
4147 silly audit   '@distilled.cloud/core': [ '1.0.0-rc.12' ],
4147 silly audit   '@distilled.cloud/fly-io': [ '1.0.0-rc.12' ],
4147 silly audit   '@distilled.cloud/hetzner': [ '1.0.0-rc.12' ],
4147 silly audit   '@distilled.cloud/neon': [ '1.0.0-rc.12' ],
4147 silly audit   '@distilled.cloud/planetscale': [ '1.0.0-rc.12' ],
4147 silly audit   '@distilled.cloud/prisma': [ '1.0.0-rc.12' ],
4147 silly audit   '@distilled.cloud/railway': [ '1.0.0-rc.12' ],
4147 silly audit   '@distilled.cloud/stripe': [ '1.0.0-rc.12' ],
4147 silly audit   '@libsql/client': [ '0.17.4' ],
4147 silly audit   '@octokit/rest': [ '22.0.1' ],
4147 silly audit   '@octokit/webhooks': [ '14.2.0' ],
4147 silly audit   '@prisma/dev': [ '0.20.0' ],
4147 silly audit   '@types/aws-lambda': [ '8.10.164' ],
4147 silly audit   aws4fetch: [ '1.0.20' ],
4147 silly audit   capnweb: [ '0.12.0' ],
4147 silly audit   fflate: [ '0.8.3' ],
4147 silly audit   'libsodium-wrappers': [ '0.8.4' ],
4147 silly audit   undici: [ '7.30.0' ],
4147 silly audit   react: [ '19.3.0' ],
4147 silly audit   'react-reconciler': [ '0.34.0' ],
4147 silly audit   '@aws-sdk/core': [ '3.978.1' ],
4147 silly audit   '@aws-sdk/credential-provider-cognito-identity': [ '3.972.71' ],
4147 silly audit   '@aws-sdk/credential-provider-env': [ '3.972.72' ],
4147 silly audit   '@aws-sdk/credential-provider-http': [ '3.972.74' ],
4147 silly audit   '@aws-sdk/credential-provider-ini': [ '3.973.17' ],
4147 silly audit   '@aws-sdk/credential-provider-login': [ '3.972.79' ],
4147 silly audit   '@aws-sdk/credential-provider-node': [ '3.972.84' ],
4147 silly audit   '@aws-sdk/credential-provider-process': [ '3.972.72' ],
4147 silly audit   '@aws-sdk/credential-provider-sso': [ '3.973.16' ],
4147 silly audit   '@aws-sdk/credential-provider-web-identity': [ '3.972.78' ],
4147 silly audit   '@aws-sdk/nested-clients': [ '3.997.46' ],
4147 silly audit   '@aws-sdk/types': [ '3.974.6' ],
4147 silly audit   '@smithy/core': [ '3.35.2' ],
4147 silly audit   '@smithy/credential-provider-imds': [ '4.5.2' ],
4147 silly audit   '@smithy/types': [ '4.19.0' ],
4147 silly audit   '@aws-sdk/xml-builder': [ '3.972.41' ],
4147 silly audit   '@aws/lambda-invoke-store': [ '0.3.0' ],
4147 silly audit   '@smithy/signature-v4': [ '5.7.4' ],
4147 silly audit   bowser: [ '2.14.1' ],
4147 silly audit   '@smithy/fetch-http-handler': [ '5.8.0' ],
4147 silly audit   '@smithy/node-http-handler': [ '4.12.1' ],
4147 silly audit   '@aws-sdk/token-providers': [ '3.1138.0' ],
4147 silly audit   '@aws-sdk/signature-v4-multi-region': [ '3.996.47' ],
4147 silly audit   '@libsql/core': [ '0.17.4' ],
4147 silly audit   '@libsql/hrana-client': [ '0.10.0' ],
4147 silly audit   'js-base64': [ '3.9.4' ],
4147 silly audit   libsql: [ '0.5.29' ],
4147 silly audit   'promise-limit': [ '2.7.0' ],
4147 silly audit   '@libsql/isomorphic-ws': [ '0.1.5' ],
4147 silly audit   '@types/ws': [ '8.18.2' ],
4147 silly audit   '@octokit/core': [ '7.0.8' ],
4147 silly audit   '@octokit/plugin-paginate-rest': [ '14.0.0' ],
4147 silly audit   '@octokit/plugin-request-log': [ '6.0.0' ],
4147 silly audit   '@octokit/plugin-rest-endpoint-methods': [ '17.0.0' ],
4147 silly audit   '@octokit/auth-token': [ '6.0.0' ],
4147 silly audit   '@octokit/graphql': [ '9.0.5' ],
4147 silly audit   '@octokit/request': [ '10.0.16' ],
4147 silly audit   '@octokit/request-error': [ '7.1.2' ],
4147 silly audit   '@octokit/types': [ '18.0.0', '16.0.0' ],
4147 silly audit   'before-after-hook': [ '4.0.0' ],
4147 silly audit   'universal-user-agent': [ '7.0.3' ],
4147 silly audit   '@octokit/endpoint': [ '11.0.5' ],
4147 silly audit   'content-type': [ '3.1.1' ],
4147 silly audit   'json-with-bigint': [ '3.5.12' ],
4147 silly audit   '@octokit/openapi-types': [ '29.0.1', '27.0.0' ],
4147 silly audit   '@octokit/openapi-webhooks-types': [ '12.1.0' ],
4147 silly audit   '@octokit/webhooks-methods': [ '6.0.0' ],
4147 silly audit   '@electric-sql/pglite': [ '0.3.15' ],
4147 silly audit   '@electric-sql/pglite-socket': [ '0.0.20' ],
4147 silly audit   '@electric-sql/pglite-tools': [ '0.2.20' ],
4147 silly audit   '@hono/node-server': [ '1.19.9' ],
4147 silly audit   hono: [ '4.11.4' ],
4147 silly audit   '@mrleebo/prisma-ast': [ '0.13.1' ],
4147 silly audit   '@prisma/get-platform': [ '7.2.0' ],
4147 silly audit   '@prisma/query-plan-executor': [ '7.2.0' ],
4147 silly audit   'foreground-child': [ '3.3.1' ],
4147 silly audit   'get-port-please': [ '3.2.0' ],
4147 silly audit   'http-status-codes': [ '2.3.0' ],
4147 silly audit   'proper-lockfile': [ '4.1.2' ],
4147 silly audit   remeda: [ '2.33.4' ],
4147 silly audit   valibot: [ '1.2.0' ],
4147 silly audit   zeptomatch: [ '2.1.0' ],
4147 silly audit   chevrotain: [ '10.5.0' ],
4147 silly audit   lilconfig: [ '2.1.0' ],
4147 silly audit   '@prisma/debug': [ '7.2.0' ],
4147 silly audit   '@chevrotain/cst-dts-gen': [ '10.5.0' ],
4147 silly audit   '@chevrotain/gast': [ '10.5.0' ],
4147 silly audit   '@chevrotain/types': [ '10.5.0' ],
4147 silly audit   '@chevrotain/utils': [ '10.5.0' ],
4147 silly audit   lodash: [ '4.17.21' ],
4147 silly audit   'regexp-to-ast': [ '0.5.0' ],
4147 silly audit   libsodium: [ '0.8.4' ],
4147 silly audit   '@libsql/darwin-arm64': [ '0.5.29' ],
4147 silly audit   '@libsql/darwin-x64': [ '0.5.29' ],
4147 silly audit   '@libsql/linux-arm-gnueabihf': [ '0.5.29' ],
4147 silly audit   '@libsql/linux-arm-musleabihf': [ '0.5.29' ],
4147 silly audit   '@libsql/linux-arm64-gnu': [ '0.5.29' ],
4147 silly audit   '@libsql/linux-arm64-musl': [ '0.5.29' ],
4147 silly audit   '@libsql/linux-x64-gnu': [ '0.5.29' ],
4147 silly audit   '@libsql/linux-x64-musl': [ '0.5.29' ],
4147 silly audit   '@libsql/win32-x64-msvc': [ '0.5.29' ],
4147 silly audit   '@neon-rs/load': [ '0.0.4' ],
4147 silly audit   grammex: [ '3.1.13' ],
4147 silly audit   graphmatch: [ '1.1.1' ],
4147 silly audit   'path-scurry': [ '2.0.2' ],
4147 silly audit   'lru-cache': [ '11.5.3' ],
4147 silly audit   'data-uri-to-buffer': [ '4.0.1' ],
4147 silly audit   'fetch-blob': [ '3.2.0' ],
4147 silly audit   'formdata-polyfill': [ '4.0.10' ],
4147 silly audit   'node-domexception': [ '1.0.0' ],
4147 silly audit   'web-streams-polyfill': [ '3.3.3' ],
4147 silly audit   '@cloudflare/unenv-preset': [ '2.16.2' ],
4147 silly audit   unenv: [ '2.0.0-rc.24' ],
4147 silly audit   '@puppeteer/browsers': [ '3.2.4' ],
4147 silly audit   'capnp-es': [ '0.0.16' ],
4147 silly audit   sharp: [ '0.35.5' ],
4147 silly audit   workerd: [ '1.20260901.1' ],
4147 silly audit   yauzl: [ '3.4.0' ],
4147 silly audit   'modern-tar': [ '0.8.5' ],
4147 silly audit   '@img/colour': [ '1.1.0' ],
4147 silly audit   '@img/sharp-darwin-arm64': [ '0.35.5' ],
4147 silly audit   '@img/sharp-darwin-x64': [ '0.35.5' ],
4147 silly audit   '@img/sharp-freebsd-wasm32': [ '0.35.5' ],
4147 silly audit   '@img/sharp-libvips-darwin-arm64': [ '1.3.4' ],
4147 silly audit   '@img/sharp-libvips-darwin-x64': [ '1.3.4' ],
4147 silly audit   '@img/sharp-libvips-linux-arm': [ '1.3.4' ],
4147 silly audit   '@img/sharp-libvips-linux-arm64': [ '1.3.4' ],
4147 silly audit   '@img/sharp-libvips-linux-ppc64': [ '1.3.4' ],
4147 silly audit   '@img/sharp-libvips-linux-riscv64': [ '1.3.4' ],
4147 silly audit   '@img/sharp-libvips-linux-s390x': [ '1.3.4' ],
4147 silly audit   '@img/sharp-libvips-linux-x64': [ '1.3.4' ],
4147 silly audit   '@img/sharp-libvips-linuxmusl-arm64': [ '1.3.4' ],
4147 silly audit   '@img/sharp-libvips-linuxmusl-x64': [ '1.3.4' ],
4147 silly audit   '@img/sharp-linux-arm': [ '0.35.5' ],
4147 silly audit   '@img/sharp-linux-arm64': [ '0.35.5' ],
4147 silly audit   '@img/sharp-linux-ppc64': [ '0.35.5' ],
4147 silly audit   '@img/sharp-linux-riscv64': [ '0.35.5' ],
4147 silly audit   '@img/sharp-linux-s390x': [ '0.35.5' ],
4147 silly audit   '@img/sharp-linux-x64': [ '0.35.5' ],
4147 silly audit   '@img/sharp-linuxmusl-arm64': [ '0.35.5' ],
4147 silly audit   '@img/sharp-linuxmusl-x64': [ '0.35.5' ],
4147 silly audit   '@img/sharp-webcontainers-wasm32': [ '0.35.5' ],
4147 silly audit   '@img/sharp-win32-arm64': [ '0.35.5' ],
4147 silly audit   '@img/sharp-win32-ia32': [ '0.35.5' ],
4147 silly audit   '@img/sharp-win32-x64': [ '0.35.5' ],
4147 silly audit   '@img/sharp-wasm32': [ '0.35.5' ],
4147 silly audit   '@emnapi/runtime': [ '1.11.3' ],
4147 silly audit   '@cloudflare/workerd-darwin-64': [ '1.20260901.1' ],
4147 silly audit   '@cloudflare/workerd-darwin-arm64': [ '1.20260901.1' ],
4147 silly audit   '@cloudflare/workerd-linux-64': [ '1.20260901.1' ],
4147 silly audit   '@cloudflare/workerd-linux-arm64': [ '1.20260901.1' ],
4147 silly audit   '@cloudflare/workerd-windows-64': [ '1.20260901.1' ],
4147 silly audit   pend: [ '1.2.0' ],
4147 silly audit   '@smithy/shared-ini-file-loader': [ '4.7.2' ],
4147 silly audit   '@smithy/util-base64': [ '4.6.2' ],
4147 silly audit   'fast-xml-parser': [ '5.11.2' ],
4147 silly audit   '@nodable/entities': [ '3.1.0' ],
4147 silly audit   'fast-xml-builder': [ '1.3.1' ],
4147 silly audit   'is-unsafe': [ '2.0.2' ],
4147 silly audit   'path-expression-matcher': [ '1.6.2' ],
4147 silly audit   strnum: [ '2.4.2' ],
4147 silly audit   'xml-naming': [ '0.3.0' ],
4147 silly audit   anynum: [ '1.0.1' ],
4147 silly audit   graphql: [ '16.11.0' ]
4147 silly audit }
4148 verbose reify failed optional dependency /Users/nixonpaul/node_modules/@cloudflare/workerd-windows-64
4149 silly reify mark deleted [ '/Users/nixonpaul/node_modules/@cloudflare/workerd-windows-64' ]
4150 verbose reify failed optional dependency /Users/nixonpaul/node_modules/@cloudflare/workerd-linux-arm64
4151 silly reify mark deleted [ '/Users/nixonpaul/node_modules/@cloudflare/workerd-linux-arm64' ]
4152 verbose reify failed optional dependency /Users/nixonpaul/node_modules/@cloudflare/workerd-linux-64
4153 silly reify mark deleted [ '/Users/nixonpaul/node_modules/@cloudflare/workerd-linux-64' ]
4154 verbose reify failed optional dependency /Users/nixonpaul/node_modules/@cloudflare/workerd-darwin-64
4155 silly reify mark deleted [ '/Users/nixonpaul/node_modules/@cloudflare/workerd-darwin-64' ]
4156 verbose reify failed optional dependency /Users/nixonpaul/node_modules/@img/sharp-win32-x64
4157 silly reify mark deleted [ '/Users/nixonpaul/node_modules/@img/sharp-win32-x64' ]
4158 verbose reify failed optional dependency /Users/nixonpaul/node_modules/@img/sharp-win32-ia32
4159 silly reify mark deleted [ '/Users/nixonpaul/node_modules/@img/sharp-win32-ia32' ]
4160 verbose reify failed optional dependency /Users/nixonpaul/node_modules/@img/sharp-win32-arm64
4161 silly reify mark deleted [ '/Users/nixonpaul/node_modules/@img/sharp-win32-arm64' ]
4162 verbose reify failed optional dependency /Users/nixonpaul/node_modules/@img/sharp-webcontainers-wasm32
4163 silly reify mark deleted [ '/Users/nixonpaul/node_modules/@img/sharp-webcontainers-wasm32' ]
4164 verbose reify failed optional dependency /Users/nixonpaul/node_modules/@img/sharp-linuxmusl-x64
4165 silly reify mark deleted [ '/Users/nixonpaul/node_modules/@img/sharp-linuxmusl-x64' ]
4166 verbose reify failed optional dependency /Users/nixonpaul/node_modules/@img/sharp-linuxmusl-arm64
4167 silly reify mark deleted [ '/Users/nixonpaul/node_modules/@img/sharp-linuxmusl-arm64' ]
4168 verbose reify failed optional dependency /Users/nixonpaul/node_modules/@img/sharp-linux-x64
4169 silly reify mark deleted [ '/Users/nixonpaul/node_modules/@img/sharp-linux-x64' ]
4170 verbose reify failed optional dependency /Users/nixonpaul/node_modules/@img/sharp-linux-s390x
4171 silly reify mark deleted [ '/Users/nixonpaul/node_modules/@img/sharp-linux-s390x' ]
4172 verbose reify failed optional dependency /Users/nixonpaul/node_modules/@img/sharp-linux-riscv64
4173 silly reify mark deleted [ '/Users/nixonpaul/node_modules/@img/sharp-linux-riscv64' ]
4174 verbose reify failed optional dependency /Users/nixonpaul/node_modules/@img/sharp-linux-ppc64
4175 silly reify mark deleted [ '/Users/nixonpaul/node_modules/@img/sharp-linux-ppc64' ]
4176 verbose reify failed optional dependency /Users/nixonpaul/node_modules/@img/sharp-linux-arm64
4177 silly reify mark deleted [ '/Users/nixonpaul/node_modules/@img/sharp-linux-arm64' ]
4178 verbose reify failed optional dependency /Users/nixonpaul/node_modules/@img/sharp-linux-arm
4179 silly reify mark deleted [ '/Users/nixonpaul/node_modules/@img/sharp-linux-arm' ]
4180 verbose reify failed optional dependency /Users/nixonpaul/node_modules/@img/sharp-libvips-linuxmusl-x64
4181 silly reify mark deleted [ '/Users/nixonpaul/node_modules/@img/sharp-libvips-linuxmusl-x64' ]
4182 verbose reify failed optional dependency /Users/nixonpaul/node_modules/@img/sharp-libvips-linuxmusl-arm64
4183 silly reify mark deleted [ '/Users/nixonpaul/node_modules/@img/sharp-libvips-linuxmusl-arm64' ]
4184 verbose reify failed optional dependency /Users/nixonpaul/node_modules/@img/sharp-libvips-linux-x64
4185 silly reify mark deleted [ '/Users/nixonpaul/node_modules/@img/sharp-libvips-linux-x64' ]
4186 verbose reify failed optional dependency /Users/nixonpaul/node_modules/@img/sharp-libvips-linux-s390x
4187 silly reify mark deleted [ '/Users/nixonpaul/node_modules/@img/sharp-libvips-linux-s390x' ]
4188 verbose reify failed optional dependency /Users/nixonpaul/node_modules/@img/sharp-libvips-linux-riscv64
4189 silly reify mark deleted [ '/Users/nixonpaul/node_modules/@img/sharp-libvips-linux-riscv64' ]
4190 verbose reify failed optional dependency /Users/nixonpaul/node_modules/@img/sharp-libvips-linux-ppc64
4191 silly reify mark deleted [ '/Users/nixonpaul/node_modules/@img/sharp-libvips-linux-ppc64' ]
4192 verbose reify failed optional dependency /Users/nixonpaul/node_modules/@img/sharp-libvips-linux-arm64
4193 silly reify mark deleted [ '/Users/nixonpaul/node_modules/@img/sharp-libvips-linux-arm64' ]
4194 verbose reify failed optional dependency /Users/nixonpaul/node_modules/@img/sharp-libvips-linux-arm
4195 silly reify mark deleted [ '/Users/nixonpaul/node_modules/@img/sharp-libvips-linux-arm' ]
4196 verbose reify failed optional dependency /Users/nixonpaul/node_modules/@img/sharp-libvips-darwin-x64
4197 silly reify mark deleted [ '/Users/nixonpaul/node_modules/@img/sharp-libvips-darwin-x64' ]
4198 verbose reify failed optional dependency /Users/nixonpaul/node_modules/@img/sharp-freebsd-wasm32
4199 silly reify mark deleted [ '/Users/nixonpaul/node_modules/@img/sharp-freebsd-wasm32' ]
4200 verbose reify failed optional dependency /Users/nixonpaul/node_modules/@img/sharp-darwin-x64
4201 silly reify mark deleted [ '/Users/nixonpaul/node_modules/@img/sharp-darwin-x64' ]
4202 verbose reify failed optional dependency /Users/nixonpaul/node_modules/@libsql/win32-x64-msvc
4203 silly reify mark deleted [ '/Users/nixonpaul/node_modules/@libsql/win32-x64-msvc' ]
4204 verbose reify failed optional dependency /Users/nixonpaul/node_modules/@libsql/linux-x64-musl
4205 silly reify mark deleted [ '/Users/nixonpaul/node_modules/@libsql/linux-x64-musl' ]
4206 verbose reify failed optional dependency /Users/nixonpaul/node_modules/@libsql/linux-x64-gnu
4207 silly reify mark deleted [ '/Users/nixonpaul/node_modules/@libsql/linux-x64-gnu' ]
4208 verbose reify failed optional dependency /Users/nixonpaul/node_modules/@libsql/linux-arm64-musl
4209 silly reify mark deleted [ '/Users/nixonpaul/node_modules/@libsql/linux-arm64-musl' ]
4210 verbose reify failed optional dependency /Users/nixonpaul/node_modules/@libsql/linux-arm64-gnu
4211 silly reify mark deleted [ '/Users/nixonpaul/node_modules/@libsql/linux-arm64-gnu' ]
4212 verbose reify failed optional dependency /Users/nixonpaul/node_modules/@libsql/linux-arm-musleabihf
4213 silly reify mark deleted [ '/Users/nixonpaul/node_modules/@libsql/linux-arm-musleabihf' ]
4214 verbose reify failed optional dependency /Users/nixonpaul/node_modules/@libsql/linux-arm-gnueabihf
4215 silly reify mark deleted [ '/Users/nixonpaul/node_modules/@libsql/linux-arm-gnueabihf' ]
4216 verbose reify failed optional dependency /Users/nixonpaul/node_modules/@libsql/darwin-x64
4217 silly reify mark deleted [ '/Users/nixonpaul/node_modules/@libsql/darwin-x64' ]
4218 verbose reify failed optional dependency /Users/nixonpaul/node_modules/@rolldown/binding-win32-x64-msvc
4219 silly reify mark deleted [ '/Users/nixonpaul/node_modules/@rolldown/binding-win32-x64-msvc' ]
4220 verbose reify failed optional dependency /Users/nixonpaul/node_modules/@rolldown/binding-win32-arm64-msvc
4221 silly reify mark deleted [ '/Users/nixonpaul/node_modules/@rolldown/binding-win32-arm64-msvc' ]
4222 verbose reify failed optional dependency /Users/nixonpaul/node_modules/@rolldown/binding-openharmony-arm64
4223 silly reify mark deleted [ '/Users/nixonpaul/node_modules/@rolldown/binding-openharmony-arm64' ]
4224 verbose reify failed optional dependency /Users/nixonpaul/node_modules/@rolldown/binding-linux-x64-musl
4225 silly reify mark deleted [ '/Users/nixonpaul/node_modules/@rolldown/binding-linux-x64-musl' ]
4226 verbose reify failed optional dependency /Users/nixonpaul/node_modules/@rolldown/binding-linux-x64-gnu
4227 silly reify mark deleted [ '/Users/nixonpaul/node_modules/@rolldown/binding-linux-x64-gnu' ]
4228 verbose reify failed optional dependency /Users/nixonpaul/node_modules/@rolldown/binding-linux-s390x-gnu
4229 silly reify mark deleted [ '/Users/nixonpaul/node_modules/@rolldown/binding-linux-s390x-gnu' ]
4230 verbose reify failed optional dependency /Users/nixonpaul/node_modules/@rolldown/binding-linux-ppc64-gnu
4231 silly reify mark deleted [ '/Users/nixonpaul/node_modules/@rolldown/binding-linux-ppc64-gnu' ]
4232 verbose reify failed optional dependency /Users/nixonpaul/node_modules/@rolldown/binding-linux-arm64-musl
4233 silly reify mark deleted [ '/Users/nixonpaul/node_modules/@rolldown/binding-linux-arm64-musl' ]
4234 verbose reify failed optional dependency /Users/nixonpaul/node_modules/@rolldown/binding-linux-arm64-gnu
4235 silly reify mark deleted [ '/Users/nixonpaul/node_modules/@rolldown/binding-linux-arm64-gnu' ]
4236 verbose reify failed optional dependency /Users/nixonpaul/node_modules/@rolldown/binding-linux-arm-gnueabihf
4237 silly reify mark deleted [
4237 silly reify   '/Users/nixonpaul/node_modules/@rolldown/binding-linux-arm-gnueabihf'
4237 silly reify ]
4238 verbose reify failed optional dependency /Users/nixonpaul/node_modules/@rolldown/binding-freebsd-x64
4239 silly reify mark deleted [ '/Users/nixonpaul/node_modules/@rolldown/binding-freebsd-x64' ]
4240 verbose reify failed optional dependency /Users/nixonpaul/node_modules/@rolldown/binding-darwin-x64
4241 silly reify mark deleted [ '/Users/nixonpaul/node_modules/@rolldown/binding-darwin-x64' ]
4242 verbose reify failed optional dependency /Users/nixonpaul/node_modules/@rolldown/binding-android-arm64
4243 silly reify mark deleted [ '/Users/nixonpaul/node_modules/@rolldown/binding-android-arm64' ]
4244 verbose reify failed optional dependency /Users/nixonpaul/node_modules/@rolldown/binding-android-arm-eabi
4245 silly reify mark deleted [ '/Users/nixonpaul/node_modules/@rolldown/binding-android-arm-eabi' ]
4246 verbose reify failed optional dependency /Users/nixonpaul/node_modules/lightningcss-win32-x64-msvc
4247 silly reify mark deleted [ '/Users/nixonpaul/node_modules/lightningcss-win32-x64-msvc' ]
4248 verbose reify failed optional dependency /Users/nixonpaul/node_modules/lightningcss-win32-arm64-msvc
4249 silly reify mark deleted [ '/Users/nixonpaul/node_modules/lightningcss-win32-arm64-msvc' ]
4250 verbose reify failed optional dependency /Users/nixonpaul/node_modules/lightningcss-linux-x64-musl
4251 silly reify mark deleted [ '/Users/nixonpaul/node_modules/lightningcss-linux-x64-musl' ]
4252 verbose reify failed optional dependency /Users/nixonpaul/node_modules/lightningcss-linux-x64-gnu
4253 silly reify mark deleted [ '/Users/nixonpaul/node_modules/lightningcss-linux-x64-gnu' ]
4254 verbose reify failed optional dependency /Users/nixonpaul/node_modules/lightningcss-linux-arm64-musl
4255 silly reify mark deleted [ '/Users/nixonpaul/node_modules/lightningcss-linux-arm64-musl' ]
4256 verbose reify failed optional dependency /Users/nixonpaul/node_modules/lightningcss-linux-arm64-gnu
4257 silly reify mark deleted [ '/Users/nixonpaul/node_modules/lightningcss-linux-arm64-gnu' ]
4258 verbose reify failed optional dependency /Users/nixonpaul/node_modules/lightningcss-linux-arm-gnueabihf
4259 silly reify mark deleted [ '/Users/nixonpaul/node_modules/lightningcss-linux-arm-gnueabihf' ]
4260 verbose reify failed optional dependency /Users/nixonpaul/node_modules/lightningcss-freebsd-x64
4261 silly reify mark deleted [ '/Users/nixonpaul/node_modules/lightningcss-freebsd-x64' ]
4262 verbose reify failed optional dependency /Users/nixonpaul/node_modules/lightningcss-darwin-x64
4263 silly reify mark deleted [ '/Users/nixonpaul/node_modules/lightningcss-darwin-x64' ]
4264 verbose reify failed optional dependency /Users/nixonpaul/node_modules/lightningcss-android-arm64
4265 silly reify mark deleted [ '/Users/nixonpaul/node_modules/lightningcss-android-arm64' ]
4266 verbose reify failed optional dependency /Users/nixonpaul/node_modules/@typescript/typescript-win32-x64
4267 silly reify mark deleted [ '/Users/nixonpaul/node_modules/@typescript/typescript-win32-x64' ]
4268 verbose reify failed optional dependency /Users/nixonpaul/node_modules/@typescript/typescript-win32-arm64
4269 silly reify mark deleted [ '/Users/nixonpaul/node_modules/@typescript/typescript-win32-arm64' ]
4270 verbose reify failed optional dependency /Users/nixonpaul/node_modules/@typescript/typescript-sunos-x64
4271 silly reify mark deleted [ '/Users/nixonpaul/node_modules/@typescript/typescript-sunos-x64' ]
4272 verbose reify failed optional dependency /Users/nixonpaul/node_modules/@typescript/typescript-openbsd-x64
4273 silly reify mark deleted [ '/Users/nixonpaul/node_modules/@typescript/typescript-openbsd-x64' ]
4274 verbose reify failed optional dependency /Users/nixonpaul/node_modules/@typescript/typescript-openbsd-arm64
4275 silly reify mark deleted [
4275 silly reify   '/Users/nixonpaul/node_modules/@typescript/typescript-openbsd-arm64'
4275 silly reify ]
4276 verbose reify failed optional dependency /Users/nixonpaul/node_modules/@typescript/typescript-netbsd-x64
4277 silly reify mark deleted [ '/Users/nixonpaul/node_modules/@typescript/typescript-netbsd-x64' ]
4278 verbose reify failed optional dependency /Users/nixonpaul/node_modules/@typescript/typescript-netbsd-arm64
4279 silly reify mark deleted [ '/Users/nixonpaul/node_modules/@typescript/typescript-netbsd-arm64' ]
4280 verbose reify failed optional dependency /Users/nixonpaul/node_modules/@typescript/typescript-linux-x64
4281 silly reify mark deleted [ '/Users/nixonpaul/node_modules/@typescript/typescript-linux-x64' ]
4282 verbose reify failed optional dependency /Users/nixonpaul/node_modules/@typescript/typescript-linux-s390x
4283 silly reify mark deleted [ '/Users/nixonpaul/node_modules/@typescript/typescript-linux-s390x' ]
4284 verbose reify failed optional dependency /Users/nixonpaul/node_modules/@typescript/typescript-linux-riscv64
4285 silly reify mark deleted [
4285 silly reify   '/Users/nixonpaul/node_modules/@typescript/typescript-linux-riscv64'
4285 silly reify ]
4286 verbose reify failed optional dependency /Users/nixonpaul/node_modules/@typescript/typescript-linux-ppc64
4287 silly reify mark deleted [ '/Users/nixonpaul/node_modules/@typescript/typescript-linux-ppc64' ]
4288 verbose reify failed optional dependency /Users/nixonpaul/node_modules/@typescript/typescript-linux-mips64el
4289 silly reify mark deleted [
4289 silly reify   '/Users/nixonpaul/node_modules/@typescript/typescript-linux-mips64el'
4289 silly reify ]
4290 verbose reify failed optional dependency /Users/nixonpaul/node_modules/@typescript/typescript-linux-loong64
4291 silly reify mark deleted [
4291 silly reify   '/Users/nixonpaul/node_modules/@typescript/typescript-linux-loong64'
4291 silly reify ]
4292 verbose reify failed optional dependency /Users/nixonpaul/node_modules/@typescript/typescript-linux-arm64
4293 silly reify mark deleted [ '/Users/nixonpaul/node_modules/@typescript/typescript-linux-arm64' ]
4294 verbose reify failed optional dependency /Users/nixonpaul/node_modules/@typescript/typescript-linux-arm
4295 silly reify mark deleted [ '/Users/nixonpaul/node_modules/@typescript/typescript-linux-arm' ]
4296 verbose reify failed optional dependency /Users/nixonpaul/node_modules/@typescript/typescript-freebsd-x64
4297 silly reify mark deleted [ '/Users/nixonpaul/node_modules/@typescript/typescript-freebsd-x64' ]
4298 verbose reify failed optional dependency /Users/nixonpaul/node_modules/@typescript/typescript-freebsd-arm64
4299 silly reify mark deleted [
4299 silly reify   '/Users/nixonpaul/node_modules/@typescript/typescript-freebsd-arm64'
4299 silly reify ]
4300 verbose reify failed optional dependency /Users/nixonpaul/node_modules/@typescript/typescript-darwin-x64
4301 silly reify mark deleted [ '/Users/nixonpaul/node_modules/@typescript/typescript-darwin-x64' ]
4302 verbose reify failed optional dependency /Users/nixonpaul/node_modules/@typescript/typescript-aix-ppc64
4303 silly reify mark deleted [ '/Users/nixonpaul/node_modules/@typescript/typescript-aix-ppc64' ]
4304 verbose reify failed optional dependency /Users/nixonpaul/node_modules/@esbuild/win32-x64
4305 silly reify mark deleted [ '/Users/nixonpaul/node_modules/@esbuild/win32-x64' ]
4306 verbose reify failed optional dependency /Users/nixonpaul/node_modules/@esbuild/win32-ia32
4307 silly reify mark deleted [ '/Users/nixonpaul/node_modules/@esbuild/win32-ia32' ]
4308 verbose reify failed optional dependency /Users/nixonpaul/node_modules/@esbuild/win32-arm64
4309 silly reify mark deleted [ '/Users/nixonpaul/node_modules/@esbuild/win32-arm64' ]
4310 verbose reify failed optional dependency /Users/nixonpaul/node_modules/@esbuild/sunos-x64
4311 silly reify mark deleted [ '/Users/nixonpaul/node_modules/@esbuild/sunos-x64' ]
4312 verbose reify failed optional dependency /Users/nixonpaul/node_modules/@esbuild/openharmony-arm64
4313 silly reify mark deleted [ '/Users/nixonpaul/node_modules/@esbuild/openharmony-arm64' ]
4314 verbose reify failed optional dependency /Users/nixonpaul/node_modules/@esbuild/openbsd-x64
4315 silly reify mark deleted [ '/Users/nixonpaul/node_modules/@esbuild/openbsd-x64' ]
4316 verbose reify failed optional dependency /Users/nixonpaul/node_modules/@esbuild/openbsd-arm64
4317 silly reify mark deleted [ '/Users/nixonpaul/node_modules/@esbuild/openbsd-arm64' ]
4318 verbose reify failed optional dependency /Users/nixonpaul/node_modules/@esbuild/netbsd-x64
4319 silly reify mark deleted [ '/Users/nixonpaul/node_modules/@esbuild/netbsd-x64' ]
4320 verbose reify failed optional dependency /Users/nixonpaul/node_modules/@esbuild/netbsd-arm64
4321 silly reify mark deleted [ '/Users/nixonpaul/node_modules/@esbuild/netbsd-arm64' ]
4322 verbose reify failed optional dependency /Users/nixonpaul/node_modules/@esbuild/linux-x64
4323 silly reify mark deleted [ '/Users/nixonpaul/node_modules/@esbuild/linux-x64' ]
4324 verbose reify failed optional dependency /Users/nixonpaul/node_modules/@esbuild/linux-s390x
4325 silly reify mark deleted [ '/Users/nixonpaul/node_modules/@esbuild/linux-s390x' ]
4326 verbose reify failed optional dependency /Users/nixonpaul/node_modules/@esbuild/linux-riscv64
4327 silly reify mark deleted [ '/Users/nixonpaul/node_modules/@esbuild/linux-riscv64' ]
4328 verbose reify failed optional dependency /Users/nixonpaul/node_modules/@esbuild/linux-ppc64
4329 silly reify mark deleted [ '/Users/nixonpaul/node_modules/@esbuild/linux-ppc64' ]
4330 verbose reify failed optional dependency /Users/nixonpaul/node_modules/@esbuild/linux-mips64el
4331 silly reify mark deleted [ '/Users/nixonpaul/node_modules/@esbuild/linux-mips64el' ]
4332 verbose reify failed optional dependency /Users/nixonpaul/node_modules/@esbuild/linux-loong64
4333 silly reify mark deleted [ '/Users/nixonpaul/node_modules/@esbuild/linux-loong64' ]
4334 verbose reify failed optional dependency /Users/nixonpaul/node_modules/@esbuild/linux-ia32
4335 silly reify mark deleted [ '/Users/nixonpaul/node_modules/@esbuild/linux-ia32' ]
4336 verbose reify failed optional dependency /Users/nixonpaul/node_modules/@esbuild/linux-arm64
4337 silly reify mark deleted [ '/Users/nixonpaul/node_modules/@esbuild/linux-arm64' ]
4338 verbose reify failed optional dependency /Users/nixonpaul/node_modules/@esbuild/linux-arm
4339 silly reify mark deleted [ '/Users/nixonpaul/node_modules/@esbuild/linux-arm' ]
4340 verbose reify failed optional dependency /Users/nixonpaul/node_modules/@esbuild/freebsd-x64
4341 silly reify mark deleted [ '/Users/nixonpaul/node_modules/@esbuild/freebsd-x64' ]
4342 verbose reify failed optional dependency /Users/nixonpaul/node_modules/@esbuild/freebsd-arm64
4343 silly reify mark deleted [ '/Users/nixonpaul/node_modules/@esbuild/freebsd-arm64' ]
4344 verbose reify failed optional dependency /Users/nixonpaul/node_modules/@esbuild/darwin-x64
4345 silly reify mark deleted [ '/Users/nixonpaul/node_modules/@esbuild/darwin-x64' ]
4346 verbose reify failed optional dependency /Users/nixonpaul/node_modules/@esbuild/android-x64
4347 silly reify mark deleted [ '/Users/nixonpaul/node_modules/@esbuild/android-x64' ]
4348 verbose reify failed optional dependency /Users/nixonpaul/node_modules/@esbuild/android-arm64
4349 silly reify mark deleted [ '/Users/nixonpaul/node_modules/@esbuild/android-arm64' ]
4350 verbose reify failed optional dependency /Users/nixonpaul/node_modules/@esbuild/android-arm
4351 silly reify mark deleted [ '/Users/nixonpaul/node_modules/@esbuild/android-arm' ]
4352 verbose reify failed optional dependency /Users/nixonpaul/node_modules/@esbuild/aix-ppc64
4353 silly reify mark deleted [ '/Users/nixonpaul/node_modules/@esbuild/aix-ppc64' ]
4354 verbose reify failed optional dependency /Users/nixonpaul/node_modules/@prisma/composer-cli/node_modules/@rolldown/binding-win32-x64-msvc
4355 silly reify mark deleted [
4355 silly reify   '/Users/nixonpaul/node_modules/@prisma/composer-cli/node_modules/@rolldown/binding-win32-x64-msvc'
4355 silly reify ]
4356 verbose reify failed optional dependency /Users/nixonpaul/node_modules/@prisma/composer-cli/node_modules/@rolldown/binding-win32-arm64-msvc
4357 silly reify mark deleted [
4357 silly reify   '/Users/nixonpaul/node_modules/@prisma/composer-cli/node_modules/@rolldown/binding-win32-arm64-msvc'
4357 silly reify ]
4358 verbose reify failed optional dependency /Users/nixonpaul/node_modules/@prisma/composer-cli/node_modules/@rolldown/binding-openharmony-arm64
4359 silly reify mark deleted [
4359 silly reify   '/Users/nixonpaul/node_modules/@prisma/composer-cli/node_modules/@rolldown/binding-openharmony-arm64'
4359 silly reify ]
4360 verbose reify failed optional dependency /Users/nixonpaul/node_modules/@prisma/composer-cli/node_modules/@rolldown/binding-linux-x64-musl
4361 silly reify mark deleted [
4361 silly reify   '/Users/nixonpaul/node_modules/@prisma/composer-cli/node_modules/@rolldown/binding-linux-x64-musl'
4361 silly reify ]
4362 verbose reify failed optional dependency /Users/nixonpaul/node_modules/@prisma/composer-cli/node_modules/@rolldown/binding-linux-x64-gnu
4363 silly reify mark deleted [
4363 silly reify   '/Users/nixonpaul/node_modules/@prisma/composer-cli/node_modules/@rolldown/binding-linux-x64-gnu'
4363 silly reify ]
4364 verbose reify failed optional dependency /Users/nixonpaul/node_modules/@prisma/composer-cli/node_modules/@rolldown/binding-linux-s390x-gnu
4365 silly reify mark deleted [
4365 silly reify   '/Users/nixonpaul/node_modules/@prisma/composer-cli/node_modules/@rolldown/binding-linux-s390x-gnu'
4365 silly reify ]
4366 verbose reify failed optional dependency /Users/nixonpaul/node_modules/@prisma/composer-cli/node_modules/@rolldown/binding-linux-ppc64-gnu
4367 silly reify mark deleted [
4367 silly reify   '/Users/nixonpaul/node_modules/@prisma/composer-cli/node_modules/@rolldown/binding-linux-ppc64-gnu'
4367 silly reify ]
4368 verbose reify failed optional dependency /Users/nixonpaul/node_modules/@prisma/composer-cli/node_modules/@rolldown/binding-linux-arm64-musl
4369 silly reify mark deleted [
4369 silly reify   '/Users/nixonpaul/node_modules/@prisma/composer-cli/node_modules/@rolldown/binding-linux-arm64-musl'
4369 silly reify ]
4370 verbose reify failed optional dependency /Users/nixonpaul/node_modules/@prisma/composer-cli/node_modules/@rolldown/binding-linux-arm64-gnu
4371 silly reify mark deleted [
4371 silly reify   '/Users/nixonpaul/node_modules/@prisma/composer-cli/node_modules/@rolldown/binding-linux-arm64-gnu'
4371 silly reify ]
4372 verbose reify failed optional dependency /Users/nixonpaul/node_modules/@prisma/composer-cli/node_modules/@rolldown/binding-linux-arm-gnueabihf
4373 silly reify mark deleted [
4373 silly reify   '/Users/nixonpaul/node_modules/@prisma/composer-cli/node_modules/@rolldown/binding-linux-arm-gnueabihf'
4373 silly reify ]
4374 verbose reify failed optional dependency /Users/nixonpaul/node_modules/@prisma/composer-cli/node_modules/@rolldown/binding-freebsd-x64
4375 silly reify mark deleted [
4375 silly reify   '/Users/nixonpaul/node_modules/@prisma/composer-cli/node_modules/@rolldown/binding-freebsd-x64'
4375 silly reify ]
4376 verbose reify failed optional dependency /Users/nixonpaul/node_modules/@prisma/composer-cli/node_modules/@rolldown/binding-darwin-x64
4377 silly reify mark deleted [
4377 silly reify   '/Users/nixonpaul/node_modules/@prisma/composer-cli/node_modules/@rolldown/binding-darwin-x64'
4377 silly reify ]
4378 verbose reify failed optional dependency /Users/nixonpaul/node_modules/@prisma/composer-cli/node_modules/@rolldown/binding-android-arm64
4379 silly reify mark deleted [
4379 silly reify   '/Users/nixonpaul/node_modules/@prisma/composer-cli/node_modules/@rolldown/binding-android-arm64'
4379 silly reify ]
4380 verbose reify failed optional dependency /Users/nixonpaul/node_modules/@prisma/composer-cli/node_modules/@rolldown/binding-android-arm-eabi
4381 silly reify mark deleted [
4381 silly reify   '/Users/nixonpaul/node_modules/@prisma/composer-cli/node_modules/@rolldown/binding-android-arm-eabi'
4381 silly reify ]
4382 verbose reify failed optional dependency /Users/nixonpaul/node_modules/@prisma/composer/node_modules/@rolldown/binding-win32-x64-msvc
4383 silly reify mark deleted [
4383 silly reify   '/Users/nixonpaul/node_modules/@prisma/composer/node_modules/@rolldown/binding-win32-x64-msvc'
4383 silly reify ]
4384 verbose reify failed optional dependency /Users/nixonpaul/node_modules/@prisma/composer/node_modules/@rolldown/binding-win32-arm64-msvc
4385 silly reify mark deleted [
4385 silly reify   '/Users/nixonpaul/node_modules/@prisma/composer/node_modules/@rolldown/binding-win32-arm64-msvc'
4385 silly reify ]
4386 verbose reify failed optional dependency /Users/nixonpaul/node_modules/@prisma/composer/node_modules/@rolldown/binding-openharmony-arm64
4387 silly reify mark deleted [
4387 silly reify   '/Users/nixonpaul/node_modules/@prisma/composer/node_modules/@rolldown/binding-openharmony-arm64'
4387 silly reify ]
4388 verbose reify failed optional dependency /Users/nixonpaul/node_modules/@prisma/composer/node_modules/@rolldown/binding-linux-x64-musl
4389 silly reify mark deleted [
4389 silly reify   '/Users/nixonpaul/node_modules/@prisma/composer/node_modules/@rolldown/binding-linux-x64-musl'
4389 silly reify ]
4390 verbose reify failed optional dependency /Users/nixonpaul/node_modules/@prisma/composer/node_modules/@rolldown/binding-linux-x64-gnu
4391 silly reify mark deleted [
4391 silly reify   '/Users/nixonpaul/node_modules/@prisma/composer/node_modules/@rolldown/binding-linux-x64-gnu'
4391 silly reify ]
4392 verbose reify failed optional dependency /Users/nixonpaul/node_modules/@prisma/composer/node_modules/@rolldown/binding-linux-s390x-gnu
4393 silly reify mark deleted [
4393 silly reify   '/Users/nixonpaul/node_modules/@prisma/composer/node_modules/@rolldown/binding-linux-s390x-gnu'
4393 silly reify ]
4394 verbose reify failed optional dependency /Users/nixonpaul/node_modules/@prisma/composer/node_modules/@rolldown/binding-linux-ppc64-gnu
4395 silly reify mark deleted [
4395 silly reify   '/Users/nixonpaul/node_modules/@prisma/composer/node_modules/@rolldown/binding-linux-ppc64-gnu'
4395 silly reify ]
4396 verbose reify failed optional dependency /Users/nixonpaul/node_modules/@prisma/composer/node_modules/@rolldown/binding-linux-arm64-musl
4397 silly reify mark deleted [
4397 silly reify   '/Users/nixonpaul/node_modules/@prisma/composer/node_modules/@rolldown/binding-linux-arm64-musl'
4397 silly reify ]
4398 verbose reify failed optional dependency /Users/nixonpaul/node_modules/@prisma/composer/node_modules/@rolldown/binding-linux-arm64-gnu
4399 silly reify mark deleted [
4399 silly reify   '/Users/nixonpaul/node_modules/@prisma/composer/node_modules/@rolldown/binding-linux-arm64-gnu'
4399 silly reify ]
4400 verbose reify failed optional dependency /Users/nixonpaul/node_modules/@prisma/composer/node_modules/@rolldown/binding-linux-arm-gnueabihf
4401 silly reify mark deleted [
4401 silly reify   '/Users/nixonpaul/node_modules/@prisma/composer/node_modules/@rolldown/binding-linux-arm-gnueabihf'
4401 silly reify ]
4402 verbose reify failed optional dependency /Users/nixonpaul/node_modules/@prisma/composer/node_modules/@rolldown/binding-freebsd-x64
4403 silly reify mark deleted [
4403 silly reify   '/Users/nixonpaul/node_modules/@prisma/composer/node_modules/@rolldown/binding-freebsd-x64'
4403 silly reify ]
4404 verbose reify failed optional dependency /Users/nixonpaul/node_modules/@prisma/composer/node_modules/@rolldown/binding-darwin-x64
4405 silly reify mark deleted [
4405 silly reify   '/Users/nixonpaul/node_modules/@prisma/composer/node_modules/@rolldown/binding-darwin-x64'
4405 silly reify ]
4406 verbose reify failed optional dependency /Users/nixonpaul/node_modules/@prisma/composer/node_modules/@rolldown/binding-android-arm64
4407 silly reify mark deleted [
4407 silly reify   '/Users/nixonpaul/node_modules/@prisma/composer/node_modules/@rolldown/binding-android-arm64'
4407 silly reify ]
4408 verbose reify failed optional dependency /Users/nixonpaul/node_modules/@prisma/composer/node_modules/@rolldown/binding-android-arm-eabi
4409 silly reify mark deleted [
4409 silly reify   '/Users/nixonpaul/node_modules/@prisma/composer/node_modules/@rolldown/binding-android-arm-eabi'
4409 silly reify ]
4410 verbose reify failed optional dependency /Users/nixonpaul/node_modules/@alchemy.run/node-utils/node_modules/@rolldown/binding-win32-x64-msvc
4411 silly reify mark deleted [
4411 silly reify   '/Users/nixonpaul/node_modules/@alchemy.run/node-utils/node_modules/@rolldown/binding-win32-x64-msvc'
4411 silly reify ]
4412 verbose reify failed optional dependency /Users/nixonpaul/node_modules/@alchemy.run/node-utils/node_modules/@rolldown/binding-win32-arm64-msvc
4413 silly reify mark deleted [
4413 silly reify   '/Users/nixonpaul/node_modules/@alchemy.run/node-utils/node_modules/@rolldown/binding-win32-arm64-msvc'
4413 silly reify ]
4414 verbose reify failed optional dependency /Users/nixonpaul/node_modules/@alchemy.run/node-utils/node_modules/@rolldown/binding-openharmony-arm64
4415 silly reify mark deleted [
4415 silly reify   '/Users/nixonpaul/node_modules/@alchemy.run/node-utils/node_modules/@rolldown/binding-openharmony-arm64'
4415 silly reify ]
4416 verbose reify failed optional dependency /Users/nixonpaul/node_modules/@alchemy.run/node-utils/node_modules/@rolldown/binding-linux-x64-musl
4417 silly reify mark deleted [
4417 silly reify   '/Users/nixonpaul/node_modules/@alchemy.run/node-utils/node_modules/@rolldown/binding-linux-x64-musl'
4417 silly reify ]
4418 verbose reify failed optional dependency /Users/nixonpaul/node_modules/@alchemy.run/node-utils/node_modules/@rolldown/binding-linux-x64-gnu
4419 silly reify mark deleted [
4419 silly reify   '/Users/nixonpaul/node_modules/@alchemy.run/node-utils/node_modules/@rolldown/binding-linux-x64-gnu'
4419 silly reify ]
4420 verbose reify failed optional dependency /Users/nixonpaul/node_modules/@alchemy.run/node-utils/node_modules/@rolldown/binding-linux-s390x-gnu
4421 silly reify mark deleted [
4421 silly reify   '/Users/nixonpaul/node_modules/@alchemy.run/node-utils/node_modules/@rolldown/binding-linux-s390x-gnu'
4421 silly reify ]
4422 verbose reify failed optional dependency /Users/nixonpaul/node_modules/@alchemy.run/node-utils/node_modules/@rolldown/binding-linux-ppc64-gnu
4423 silly reify mark deleted [
4423 silly reify   '/Users/nixonpaul/node_modules/@alchemy.run/node-utils/node_modules/@rolldown/binding-linux-ppc64-gnu'
4423 silly reify ]
4424 verbose reify failed optional dependency /Users/nixonpaul/node_modules/@alchemy.run/node-utils/node_modules/@rolldown/binding-linux-arm64-musl
4425 silly reify mark deleted [
4425 silly reify   '/Users/nixonpaul/node_modules/@alchemy.run/node-utils/node_modules/@rolldown/binding-linux-arm64-musl'
4425 silly reify ]
4426 verbose reify failed optional dependency /Users/nixonpaul/node_modules/@alchemy.run/node-utils/node_modules/@rolldown/binding-linux-arm64-gnu
4427 silly reify mark deleted [
4427 silly reify   '/Users/nixonpaul/node_modules/@alchemy.run/node-utils/node_modules/@rolldown/binding-linux-arm64-gnu'
4427 silly reify ]
4428 verbose reify failed optional dependency /Users/nixonpaul/node_modules/@alchemy.run/node-utils/node_modules/@rolldown/binding-linux-arm-gnueabihf
4429 silly reify mark deleted [
4429 silly reify   '/Users/nixonpaul/node_modules/@alchemy.run/node-utils/node_modules/@rolldown/binding-linux-arm-gnueabihf'
4429 silly reify ]
4430 verbose reify failed optional dependency /Users/nixonpaul/node_modules/@alchemy.run/node-utils/node_modules/@rolldown/binding-freebsd-x64
4431 silly reify mark deleted [
4431 silly reify   '/Users/nixonpaul/node_modules/@alchemy.run/node-utils/node_modules/@rolldown/binding-freebsd-x64'
4431 silly reify ]
4432 verbose reify failed optional dependency /Users/nixonpaul/node_modules/@alchemy.run/node-utils/node_modules/@rolldown/binding-darwin-x64
4433 silly reify mark deleted [
4433 silly reify   '/Users/nixonpaul/node_modules/@alchemy.run/node-utils/node_modules/@rolldown/binding-darwin-x64'
4433 silly reify ]
4434 verbose reify failed optional dependency /Users/nixonpaul/node_modules/@alchemy.run/node-utils/node_modules/@rolldown/binding-android-arm64
4435 silly reify mark deleted [
4435 silly reify   '/Users/nixonpaul/node_modules/@alchemy.run/node-utils/node_modules/@rolldown/binding-android-arm64'
4435 silly reify ]
4436 verbose reify failed optional dependency /Users/nixonpaul/node_modules/@alchemy.run/node-utils/node_modules/@rolldown/binding-android-arm-eabi
4437 silly reify mark deleted [
4437 silly reify   '/Users/nixonpaul/node_modules/@alchemy.run/node-utils/node_modules/@rolldown/binding-android-arm-eabi'
4437 silly reify ]
4438 http cache @prisma/get-platform@https://registry.npmjs.org/@prisma/get-platform/-/get-platform-7.2.0.tgz 0ms (cache hit)
4439 http cache wsl-utils@https://registry.npmjs.org/wsl-utils/-/wsl-utils-1.0.1.tgz 0ms (cache hit)
4440 http cache wrap-ansi@https://registry.npmjs.org/wrap-ansi/-/wrap-ansi-7.0.0.tgz 0ms (cache hit)
4441 http cache vite@https://registry.npmjs.org/vite/-/vite-8.3.4.tgz 0ms (cache hit)
4442 http cache vitest@https://registry.npmjs.org/vitest/-/vitest-5.0.3.tgz 0ms (cache hit)
4443 http cache glob@https://registry.npmjs.org/glob/-/glob-13.0.6.tgz 0ms (cache hit)
4444 http cache yargs@https://registry.npmjs.org/yargs/-/yargs-18.2.0.tgz 0ms (cache hit)
4445 http cache @octokit/types@https://registry.npmjs.org/@octokit/types/-/types-16.0.0.tgz 0ms (cache hit)
4446 http cache https-proxy-agent@https://registry.npmjs.org/https-proxy-agent/-/https-proxy-agent-7.0.6.tgz 0ms (cache hit)
4447 http cache graphql@https://registry.npmjs.org/graphql/-/graphql-16.11.0.tgz 0ms (cache hit)
4448 http cache @emnapi/runtime@https://registry.npmjs.org/@emnapi/runtime/-/runtime-1.11.3.tgz 0ms (cache hit)
4449 http cache fflate@https://registry.npmjs.org/fflate/-/fflate-0.8.3.tgz 1ms (cache hit)
4450 http cache @alchemy.run/sigil@https://registry.npmjs.org/@alchemy.run/sigil/-/sigil-0.0.0-alpha.11.tgz 0ms (cache hit)
4451 http cache @jridgewell/trace-mapping@https://registry.npmjs.org/@jridgewell/trace-mapping/-/trace-mapping-0.3.31.tgz 0ms (cache hit)
4452 http cache temporal-utils@https://registry.npmjs.org/temporal-utils/-/temporal-utils-1.0.3.tgz 0ms (cache hit)
4453 http cache temporal-spec@https://registry.npmjs.org/temporal-spec/-/temporal-spec-1.0.1.tgz 0ms (cache hit)
4454 http cache @vitest/spy@https://registry.npmjs.org/@vitest/spy/-/spy-5.0.3.tgz 0ms (cache hit)
4455 http cache @jridgewell/resolve-uri@https://registry.npmjs.org/@jridgewell/resolve-uri/-/resolve-uri-3.1.2.tgz 0ms (cache hit)
4456 http cache @vitest/mocker@https://registry.npmjs.org/@vitest/mocker/-/mocker-5.0.3.tgz 0ms (cache hit)
4457 http cache @types/deep-eql@https://registry.npmjs.org/@types/deep-eql/-/deep-eql-4.0.2.tgz 0ms (cache hit)
4458 http cache temporal-polyfill@https://registry.npmjs.org/temporal-polyfill/-/temporal-polyfill-1.0.5.tgz 0ms (cache hit)
4459 http cache @types/pg@https://registry.npmjs.org/@types/pg/-/pg-8.23.1.tgz 0ms (cache hit)
4460 http cache @img/sharp-wasm32@https://registry.npmjs.org/@img/sharp-wasm32/-/sharp-wasm32-0.35.5.tgz 0ms (cache hit)
4461 http cache @typescript/typescript-darwin-arm64@https://registry.npmjs.org/@typescript/typescript-darwin-arm64/-/typescript-darwin-arm64-7.0.2.tgz 0ms (cache hit)
4462 http cache @types/node@https://registry.npmjs.org/@types/node/-/node-26.1.2.tgz 0ms (cache hit)
4463 http cache @types/jsonwebtoken@https://registry.npmjs.org/@types/jsonwebtoken/-/jsonwebtoken-9.0.10.tgz 0ms (cache hit)
4464 http cache @vercel/nft@https://registry.npmjs.org/@vercel/nft/-/nft-1.11.0.tgz 0ms (cache hit)
4465 http cache @types/ws@https://registry.npmjs.org/@types/ws/-/ws-8.18.2.tgz 0ms (cache hit)
4466 http cache @vercel/detect-agent@https://registry.npmjs.org/@vercel/detect-agent/-/detect-agent-1.2.5.tgz 0ms (cache hit)
4467 http cache @types/ms@https://registry.npmjs.org/@types/ms/-/ms-2.1.0.tgz 0ms (cache hit)
4468 http cache @octokit/types@https://registry.npmjs.org/@octokit/types/-/types-16.0.0.tgz 0ms (cache hit)
4469 http cache @types/retry@https://registry.npmjs.org/@types/retry/-/retry-0.12.0.tgz 0ms (cache hit)
4470 http cache @types/bcrypt@https://registry.npmjs.org/@types/bcrypt/-/bcrypt-6.0.0.tgz 0ms (cache hit)
4471 http cache @types/estree@https://registry.npmjs.org/@types/estree/-/estree-1.0.9.tgz 0ms (cache hit)
4472 http cache @smithy/fetch-http-handler@https://registry.npmjs.org/@smithy/fetch-http-handler/-/fetch-http-handler-5.8.0.tgz 0ms (cache hit)
4473 http cache @smithy/types@https://registry.npmjs.org/@smithy/types/-/types-4.19.0.tgz 0ms (cache hit)
4474 http cache @standard-schema/spec@https://registry.npmjs.org/@standard-schema/spec/-/spec-1.1.0.tgz 0ms (cache hit)
4475 http cache @smithy/util-base64@https://registry.npmjs.org/@smithy/util-base64/-/util-base64-4.6.2.tgz 0ms (cache hit)
4476 http cache https-proxy-agent@https://registry.npmjs.org/https-proxy-agent/-/https-proxy-agent-7.0.6.tgz 0ms (cache hit)
4477 http cache @smithy/signature-v4@https://registry.npmjs.org/@smithy/signature-v4/-/signature-v4-5.7.4.tgz 0ms (cache hit)
4478 http cache @sec-ant/readable-stream@https://registry.npmjs.org/@sec-ant/readable-stream/-/readable-stream-0.4.1.tgz 0ms (cache hit)
4479 http cache @smithy/node-http-handler@https://registry.npmjs.org/@smithy/node-http-handler/-/node-http-handler-4.12.1.tgz 0ms (cache hit)
4480 http cache @types/chai@https://registry.npmjs.org/@types/chai/-/chai-5.2.3.tgz 0ms (cache hit)
4481 http cache @sindresorhus/merge-streams@https://registry.npmjs.org/@sindresorhus/merge-streams/-/merge-streams-4.0.0.tgz 0ms (cache hit)
4482 http cache @smithy/credential-provider-imds@https://registry.npmjs.org/@smithy/credential-provider-imds/-/credential-provider-imds-4.5.2.tgz 0ms (cache hit)
4483 http cache @smithy/shared-ini-file-loader@https://registry.npmjs.org/@smithy/shared-ini-file-loader/-/shared-ini-file-loader-4.7.2.tgz 0ms (cache hit)
4484 http cache @rollup/pluginutils@https://registry.npmjs.org/@rollup/pluginutils/-/pluginutils-5.4.0.tgz 0ms (cache hit)
4485 http cache @protobufjs/path@https://registry.npmjs.org/@protobufjs/path/-/path-1.1.2.tgz 0ms (cache hit)
4486 http cache @protobufjs/pool@https://registry.npmjs.org/@protobufjs/pool/-/pool-1.1.0.tgz 0ms (cache hit)
4487 http cache @stricli/core@https://registry.npmjs.org/@stricli/core/-/core-1.3.0.tgz 0ms (cache hit)
4488 http cache @smithy/core@https://registry.npmjs.org/@smithy/core/-/core-3.35.2.tgz 0ms (cache hit)
4489 http cache @prisma/composer-cli@https://registry.npmjs.org/@prisma/composer-cli/-/composer-cli-0.29.1.tgz 0ms (cache hit)
4490 http cache @octokit/types@https://registry.npmjs.org/@octokit/types/-/types-18.0.0.tgz 0ms (cache hit)
4491 http cache @protobufjs/utf8@https://registry.npmjs.org/@protobufjs/utf8/-/utf8-1.1.2.tgz 0ms (cache hit)
4492 http cache @rolldown/pluginutils@https://registry.npmjs.org/@rolldown/pluginutils/-/pluginutils-1.0.1.tgz 0ms (cache hit)
4493 http cache @protobufjs/fetch@https://registry.npmjs.org/@protobufjs/fetch/-/fetch-1.1.1.tgz 0ms (cache hit)
4494 http cache @rolldown/binding-darwin-arm64@https://registry.npmjs.org/@rolldown/binding-darwin-arm64/-/binding-darwin-arm64-1.2.13.tgz 0ms (cache hit)
4495 http cache @puppeteer/browsers@https://registry.npmjs.org/@puppeteer/browsers/-/browsers-3.2.4.tgz 0ms (cache hit)
4496 http cache @protobufjs/base64@https://registry.npmjs.org/@protobufjs/base64/-/base64-1.1.2.tgz 0ms (cache hit)
4497 http cache @protobufjs/aspromise@https://registry.npmjs.org/@protobufjs/aspromise/-/aspromise-1.1.2.tgz 0ms (cache hit)
4498 http cache @protobufjs/codegen@https://registry.npmjs.org/@protobufjs/codegen/-/codegen-2.0.5.tgz 0ms (cache hit)
4499 http cache @prisma/orm-framework@https://registry.npmjs.org/@prisma/orm-framework/-/orm-framework-8.0.0-rc.17.tgz 0ms (cache hit)
4500 http cache @protobufjs/float@https://registry.npmjs.org/@protobufjs/float/-/float-1.0.2.tgz 0ms (cache hit)
4501 http cache @prisma/query-plan-executor@https://registry.npmjs.org/@prisma/query-plan-executor/-/query-plan-executor-7.2.0.tgz 0ms (cache hit)
4502 http cache @prisma/orm-toolchain@https://registry.npmjs.org/@prisma/orm-toolchain/-/orm-toolchain-8.0.0-rc.17.tgz 0ms (cache hit)
4503 http cache @prisma/orm-postgres@https://registry.npmjs.org/@prisma/orm-postgres/-/orm-postgres-8.0.0-rc.17.tgz 0ms (cache hit)
4504 http cache @protobufjs/eventemitter@https://registry.npmjs.org/@protobufjs/eventemitter/-/eventemitter-1.1.1.tgz 0ms (cache hit)
4505 http cache @prisma/compute-sdk@https://registry.npmjs.org/@prisma/compute-sdk/-/compute-sdk-0.43.0.tgz 0ms (cache hit)
4506 http cache @octokit/request-error@https://registry.npmjs.org/@octokit/request-error/-/request-error-7.1.2.tgz 0ms (cache hit)
4507 http cache @prisma/management-api-sdk@https://registry.npmjs.org/@prisma/management-api-sdk/-/management-api-sdk-1.82.0.tgz 0ms (cache hit)
4508 http cache @prisma/orm-target-postgres@https://registry.npmjs.org/@prisma/orm-target-postgres/-/orm-target-postgres-8.0.0-rc.17.tgz 0ms (cache hit)
4509 http cache @prisma/dev@https://registry.npmjs.org/@prisma/dev/-/dev-0.20.0.tgz 0ms (cache hit)
4510 http cache @prisma/cli-engine@https://registry.npmjs.org/@prisma/cli-engine/-/cli-engine-0.7.0.tgz 0ms (cache hit)
4511 http cache @prisma/composer@https://registry.npmjs.org/@prisma/composer/-/composer-0.29.1.tgz 0ms (cache hit)
4512 http cache @prisma/debug@https://registry.npmjs.org/@prisma/debug/-/debug-7.2.0.tgz 0ms (cache hit)
4513 http cache yallist@https://registry.npmjs.org/yallist/-/yallist-5.0.0.tgz 0ms (cache hit)
4514 http cache @octokit/plugin-request-log@https://registry.npmjs.org/@octokit/plugin-request-log/-/plugin-request-log-6.0.0.tgz 0ms (cache hit)
4515 http cache @octokit/webhooks-methods@https://registry.npmjs.org/@octokit/webhooks-methods/-/webhooks-methods-6.0.0.tgz 0ms (cache hit)
4516 http cache @oxc-project/types@https://registry.npmjs.org/@oxc-project/types/-/types-0.153.0.tgz 0ms (cache hit)
4517 http cache @octokit/rest@https://registry.npmjs.org/@octokit/rest/-/rest-22.0.1.tgz 0ms (cache hit)
4518 http cache @octokit/plugin-paginate-rest@https://registry.npmjs.org/@octokit/plugin-paginate-rest/-/plugin-paginate-rest-14.0.0.tgz 0ms (cache hit)
4519 http cache @octokit/graphql@https://registry.npmjs.org/@octokit/graphql/-/graphql-9.0.5.tgz 0ms (cache hit)
4520 http cache @octokit/plugin-rest-endpoint-methods@https://registry.npmjs.org/@octokit/plugin-rest-endpoint-methods/-/plugin-rest-endpoint-methods-17.0.0.tgz 0ms (cache hit)
4521 http cache @octokit/webhooks@https://registry.npmjs.org/@octokit/webhooks/-/webhooks-14.2.0.tgz 0ms (cache hit)
4522 http cache @octokit/endpoint@https://registry.npmjs.org/@octokit/endpoint/-/endpoint-11.0.5.tgz 0ms (cache hit)
4523 http cache @octokit/request@https://registry.npmjs.org/@octokit/request/-/request-10.0.16.tgz 0ms (cache hit)
4524 http cache @prisma/orm-family-sql@https://registry.npmjs.org/@prisma/orm-family-sql/-/orm-family-sql-8.0.0-rc.17.tgz 0ms (cache hit)
4525 http cache @octokit/core@https://registry.npmjs.org/@octokit/core/-/core-7.0.8.tgz 0ms (cache hit)
4526 http cache @noble/hashes@https://registry.npmjs.org/@noble/hashes/-/hashes-2.4.0.tgz 0ms (cache hit)
4527 http cache @nodable/entities@https://registry.npmjs.org/@nodable/entities/-/entities-3.1.0.tgz 0ms (cache hit)
4528 http cache @libsql/core@https://registry.npmjs.org/@libsql/core/-/core-0.17.4.tgz 0ms (cache hit)
4529 http cache @octokit/openapi-webhooks-types@https://registry.npmjs.org/@octokit/openapi-webhooks-types/-/openapi-webhooks-types-12.1.0.tgz 0ms (cache hit)
4530 http cache @octokit/openapi-types@https://registry.npmjs.org/@octokit/openapi-types/-/openapi-types-29.0.1.tgz 0ms (cache hit)
4531 http cache @mrleebo/prisma-ast@https://registry.npmjs.org/@mrleebo/prisma-ast/-/prisma-ast-0.13.1.tgz 0ms (cache hit)
4532 http cache @libsql/client@https://registry.npmjs.org/@libsql/client/-/client-0.17.4.tgz 0ms (cache hit)
4533 http cache @manypkg/tools@https://registry.npmjs.org/@manypkg/tools/-/tools-2.1.2.tgz 0ms (cache hit)
4534 http cache @octokit/auth-token@https://registry.npmjs.org/@octokit/auth-token/-/auth-token-6.0.0.tgz 0ms (cache hit)
4535 http cache @libsql/isomorphic-ws@https://registry.npmjs.org/@libsql/isomorphic-ws/-/isomorphic-ws-0.1.5.tgz 0ms (cache hit)
4536 http cache @libsql/hrana-client@https://registry.npmjs.org/@libsql/hrana-client/-/hrana-client-0.10.0.tgz 0ms (cache hit)
4537 http cache @mapbox/node-pre-gyp@https://registry.npmjs.org/@mapbox/node-pre-gyp/-/node-pre-gyp-2.0.3.tgz 0ms (cache hit)
4538 http cache @jridgewell/sourcemap-codec@https://registry.npmjs.org/@jridgewell/sourcemap-codec/-/sourcemap-codec-1.6.0.tgz 0ms (cache hit)
4539 http cache @img/sharp-libvips-darwin-arm64@https://registry.npmjs.org/@img/sharp-libvips-darwin-arm64/-/sharp-libvips-darwin-arm64-1.3.4.tgz 0ms (cache hit)
4540 http cache @isaacs/fs-minipass@https://registry.npmjs.org/@isaacs/fs-minipass/-/fs-minipass-4.0.1.tgz 0ms (cache hit)
4541 http cache @libsql/darwin-arm64@https://registry.npmjs.org/@libsql/darwin-arm64/-/darwin-arm64-0.5.29.tgz 0ms (cache hit)
4542 http cache @electric-sql/pglite@https://registry.npmjs.org/@electric-sql/pglite/-/pglite-0.3.15.tgz 0ms (cache hit)
4543 http cache @esbuild/darwin-arm64@https://registry.npmjs.org/@esbuild/darwin-arm64/-/darwin-arm64-0.28.2.tgz 0ms (cache hit)
4544 http cache @google/genai@https://registry.npmjs.org/@google/genai/-/genai-2.28.0.tgz 0ms (cache hit)
4545 http cache @img/colour@https://registry.npmjs.org/@img/colour/-/colour-1.1.0.tgz 0ms (cache hit)
4546 http cache @img/sharp-darwin-arm64@https://registry.npmjs.org/@img/sharp-darwin-arm64/-/sharp-darwin-arm64-0.35.5.tgz 0ms (cache hit)
4547 http cache @electric-sql/pglite-tools@https://registry.npmjs.org/@electric-sql/pglite-tools/-/pglite-tools-0.2.20.tgz 0ms (cache hit)
4548 http cache @hono/node-server@https://registry.npmjs.org/@hono/node-server/-/node-server-1.19.9.tgz 0ms (cache hit)
4549 http cache @effect/vitest@https://registry.npmjs.org/@effect/vitest/-/vitest-4.0.0-rc.115.tgz 0ms (cache hit)
4550 http cache @electric-sql/pglite-socket@https://registry.npmjs.org/@electric-sql/pglite-socket/-/pglite-socket-0.0.20.tgz 0ms (cache hit)
4551 http cache @neon-rs/load@https://registry.npmjs.org/@neon-rs/load/-/load-0.0.4.tgz 0ms (cache hit)
4552 http cache @effect/sql-sqlite-do@https://registry.npmjs.org/@effect/sql-sqlite-do/-/sql-sqlite-do-4.0.0-rc.115.tgz 0ms (cache hit)
4553 http cache @cloudflare/workerd-darwin-arm64@https://registry.npmjs.org/@cloudflare/workerd-darwin-arm64/-/workerd-darwin-arm64-1.20260901.1.tgz 0ms (cache hit)
4554 http cache @cloudflare/unenv-preset@https://registry.npmjs.org/@cloudflare/unenv-preset/-/unenv-preset-2.16.2.tgz 0ms (cache hit)
4555 http cache @effect/sql-d1@https://registry.npmjs.org/@effect/sql-d1/-/sql-d1-4.0.0-rc.115.tgz 0ms (cache hit)
4556 http cache @cloudflare/workers-types@https://registry.npmjs.org/@cloudflare/workers-types/-/workers-types-5.20261008.1.tgz 0ms (cache hit)
4557 http cache @types/aws-lambda@https://registry.npmjs.org/@types/aws-lambda/-/aws-lambda-8.10.164.tgz 0ms (cache hit)
4558 silly tarball no local data for @prisma/get-platform@https://registry.npmjs.org/@prisma/get-platform/-/get-platform-7.2.0.tgz. Extracting by manifest.
4559 http cache @chevrotain/gast@https://registry.npmjs.org/@chevrotain/gast/-/gast-10.5.0.tgz 0ms (cache hit)
4560 http cache @chevrotain/types@https://registry.npmjs.org/@chevrotain/types/-/types-10.5.0.tgz 0ms (cache hit)
4561 http cache @aws-sdk/types@https://registry.npmjs.org/@aws-sdk/types/-/types-3.974.6.tgz 0ms (cache hit)
4562 http cache @chevrotain/utils@https://registry.npmjs.org/@chevrotain/utils/-/utils-10.5.0.tgz 0ms (cache hit)
4563 http cache @clack/core@https://registry.npmjs.org/@clack/core/-/core-1.4.0.tgz 0ms (cache hit)
4564 http cache @clack/prompts@https://registry.npmjs.org/@clack/prompts/-/prompts-1.5.0.tgz 0ms (cache hit)
4565 http cache @babel/parser@https://registry.npmjs.org/@babel/parser/-/parser-7.29.9.tgz 0ms (cache hit)
4566 http cache @aws-sdk/credential-provider-sso@https://registry.npmjs.org/@aws-sdk/credential-provider-sso/-/credential-provider-sso-3.973.16.tgz 0ms (cache hit)
4567 http cache @chevrotain/cst-dts-gen@https://registry.npmjs.org/@chevrotain/cst-dts-gen/-/cst-dts-gen-10.5.0.tgz 0ms (cache hit)
4568 http cache @babel/helper-string-parser@https://registry.npmjs.org/@babel/helper-string-parser/-/helper-string-parser-7.29.7.tgz 0ms (cache hit)
4569 http cache @aws-sdk/token-providers@https://registry.npmjs.org/@aws-sdk/token-providers/-/token-providers-3.1138.0.tgz 0ms (cache hit)
4570 http cache @aws-sdk/xml-builder@https://registry.npmjs.org/@aws-sdk/xml-builder/-/xml-builder-3.972.41.tgz 0ms (cache hit)
4571 http cache @aws-sdk/signature-v4-multi-region@https://registry.npmjs.org/@aws-sdk/signature-v4-multi-region/-/signature-v4-multi-region-3.996.47.tgz 0ms (cache hit)
4572 http cache @babel/helper-validator-identifier@https://registry.npmjs.org/@babel/helper-validator-identifier/-/helper-validator-identifier-7.29.7.tgz 0ms (cache hit)
4573 http cache @aws-sdk/nested-clients@https://registry.npmjs.org/@aws-sdk/nested-clients/-/nested-clients-3.997.46.tgz 0ms (cache hit)
4574 http cache @babel/types@https://registry.npmjs.org/@babel/types/-/types-7.29.8.tgz 0ms (cache hit)
4575 http cache @aws-sdk/credential-provider-web-identity@https://registry.npmjs.org/@aws-sdk/credential-provider-web-identity/-/credential-provider-web-identity-3.972.78.tgz 0ms (cache hit)
4576 http cache @aws-sdk/credential-providers@https://registry.npmjs.org/@aws-sdk/credential-providers/-/credential-providers-3.1148.0.tgz 0ms (cache hit)
4577 http cache @aws-sdk/credential-provider-ini@https://registry.npmjs.org/@aws-sdk/credential-provider-ini/-/credential-provider-ini-3.973.17.tgz 0ms (cache hit)
4578 http cache @aws-sdk/credential-provider-login@https://registry.npmjs.org/@aws-sdk/credential-provider-login/-/credential-provider-login-3.972.79.tgz 0ms (cache hit)
4579 http cache @ark/util@https://registry.npmjs.org/@ark/util/-/util-0.56.7.tgz 0ms (cache hit)
4580 http cache @aws-sdk/credential-provider-env@https://registry.npmjs.org/@aws-sdk/credential-provider-env/-/credential-provider-env-3.972.72.tgz 0ms (cache hit)
4581 http cache @aws-sdk/credential-provider-node@https://registry.npmjs.org/@aws-sdk/credential-provider-node/-/credential-provider-node-3.972.84.tgz 0ms (cache hit)
4582 http cache @aws-sdk/credential-provider-http@https://registry.npmjs.org/@aws-sdk/credential-provider-http/-/credential-provider-http-3.972.74.tgz 0ms (cache hit)
4583 http cache @alchemy.run/node-utils@https://registry.npmjs.org/@alchemy.run/node-utils/-/node-utils-2.0.0-beta.78.tgz 0ms (cache hit)
4584 http cache @ark/schema@https://registry.npmjs.org/@ark/schema/-/schema-0.56.7.tgz 0ms (cache hit)
4585 http cache @aws-sdk/credential-provider-process@https://registry.npmjs.org/@aws-sdk/credential-provider-process/-/credential-provider-process-3.972.72.tgz 0ms (cache hit)
4586 http cache @aws-sdk/core@https://registry.npmjs.org/@aws-sdk/core/-/core-3.978.1.tgz 0ms (cache hit)
4587 http cache zod@https://registry.npmjs.org/zod/-/zod-4.6.5.tgz 0ms (cache hit)
4588 http cache yauzl@https://registry.npmjs.org/yauzl/-/yauzl-3.4.0.tgz 0ms (cache hit)
4589 http cache @aws-sdk/credential-provider-cognito-identity@https://registry.npmjs.org/@aws-sdk/credential-provider-cognito-identity/-/credential-provider-cognito-identity-3.972.71.tgz 0ms (cache hit)
4590 http cache @aws/lambda-invoke-store@https://registry.npmjs.org/@aws/lambda-invoke-store/-/lambda-invoke-store-0.3.0.tgz 0ms (cache hit)
4591 http cache yoctocolors@https://registry.npmjs.org/yoctocolors/-/yoctocolors-2.2.0.tgz 0ms (cache hit)
4592 http cache xtend@https://registry.npmjs.org/xtend/-/xtend-4.0.2.tgz 0ms (cache hit)
4593 http cache which@https://registry.npmjs.org/which/-/which-2.0.2.tgz 0ms (cache hit)
4594 http cache yaml@https://registry.npmjs.org/yaml/-/yaml-2.9.1.tgz 0ms (cache hit)
4595 http cache xml-naming@https://registry.npmjs.org/xml-naming/-/xml-naming-0.3.0.tgz 0ms (cache hit)
4596 http cache zeptomatch@https://registry.npmjs.org/zeptomatch/-/zeptomatch-2.1.0.tgz 0ms (cache hit)
4597 http cache ws@https://registry.npmjs.org/ws/-/ws-8.22.0.tgz 0ms (cache hit)
4598 http cache why-is-node-running@https://registry.npmjs.org/why-is-node-running/-/why-is-node-running-3.2.1.tgz 0ms (cache hit)
4599 http cache undici@https://registry.npmjs.org/undici/-/undici-7.30.0.tgz 0ms (cache hit)
4600 http cache workerd@https://registry.npmjs.org/workerd/-/workerd-1.20260901.1.tgz 0ms (cache hit)
4601 http cache vscode-languageserver-protocol@https://registry.npmjs.org/vscode-languageserver-protocol/-/vscode-languageserver-protocol-3.18.2.tgz 0ms (cache hit)
4602 http cache web-streams-polyfill@https://registry.npmjs.org/web-streams-polyfill/-/web-streams-polyfill-3.3.3.tgz 0ms (cache hit)
4603 http cache vscode-languageserver@https://registry.npmjs.org/vscode-languageserver/-/vscode-languageserver-10.1.0.tgz 0ms (cache hit)
4604 http cache vscode-languageserver-types@https://registry.npmjs.org/vscode-languageserver-types/-/vscode-languageserver-types-3.18.0.tgz 0ms (cache hit)
4605 http cache vscode-jsonrpc@https://registry.npmjs.org/vscode-jsonrpc/-/vscode-jsonrpc-9.0.1.tgz 0ms (cache hit)
4606 http cache unenv@https://registry.npmjs.org/unenv/-/unenv-2.0.0-rc.24.tgz 0ms (cache hit)
4607 http cache typanion@https://registry.npmjs.org/typanion/-/typanion-3.14.0.tgz 0ms (cache hit)
4608 silly tarball no local data for wsl-utils@https://registry.npmjs.org/wsl-utils/-/wsl-utils-1.0.1.tgz. Extracting by manifest.
4609 http cache vscode-languageserver-textdocument@https://registry.npmjs.org/vscode-languageserver-textdocument/-/vscode-languageserver-textdocument-1.0.12.tgz 0ms (cache hit)
4610 http cache universal-user-agent@https://registry.npmjs.org/universal-user-agent/-/universal-user-agent-7.0.3.tgz 0ms (cache hit)
4611 http cache valibot@https://registry.npmjs.org/valibot/-/valibot-1.2.0.tgz 0ms (cache hit)
4612 http cache uniku@https://registry.npmjs.org/uniku/-/uniku-0.5.0.tgz 0ms (cache hit)
4613 http cache unicorn-magic@https://registry.npmjs.org/unicorn-magic/-/unicorn-magic-0.3.0.tgz 0ms (cache hit)
4614 http cache undici-types@https://registry.npmjs.org/undici-types/-/undici-types-8.3.0.tgz 0ms (cache hit)
4615 http cache tinybench@https://registry.npmjs.org/tinybench/-/tinybench-6.2.1.tgz 0ms (cache hit)
4616 http cache typescript@https://registry.npmjs.org/typescript/-/typescript-7.0.2.tgz 0ms (cache hit)
4617 http cache ts-toolbelt@https://registry.npmjs.org/ts-toolbelt/-/ts-toolbelt-9.6.0.tgz 0ms (cache hit)
4618 http cache tinyexec@https://registry.npmjs.org/tinyexec/-/tinyexec-1.3.1.tgz 0ms (cache hit)
4619 http cache tinyglobby@https://registry.npmjs.org/tinyglobby/-/tinyglobby-0.2.17.tgz 0ms (cache hit)
4620 http cache text-decoder@https://registry.npmjs.org/text-decoder/-/text-decoder-1.2.7.tgz 0ms (cache hit)
4621 http cache tar@https://registry.npmjs.org/tar/-/tar-7.5.22.tgz 0ms (cache hit)
4622 http cache teex@https://registry.npmjs.org/teex/-/teex-1.0.1.tgz 0ms (cache hit)
4623 http cache tar-stream@https://registry.npmjs.org/tar-stream/-/tar-stream-3.2.2.tgz 0ms (cache hit)
4624 http cache strnum@https://registry.npmjs.org/strnum/-/strnum-2.4.2.tgz 0ms (cache hit)
4625 http cache tiny-invariant@https://registry.npmjs.org/tiny-invariant/-/tiny-invariant-1.3.3.tgz 0ms (cache hit)
4626 http cache streamx@https://registry.npmjs.org/streamx/-/streamx-2.28.1.tgz 0ms (cache hit)
4627 http cache strip-final-newline@https://registry.npmjs.org/strip-final-newline/-/strip-final-newline-4.0.0.tgz 0ms (cache hit)
4628 http cache string-width@https://registry.npmjs.org/string-width/-/string-width-4.2.3.tgz 0ms (cache hit)
4629 http cache std-env@https://registry.npmjs.org/std-env/-/std-env-4.3.0.tgz 0ms (cache hit)
4630 http cache source-map-js@https://registry.npmjs.org/source-map-js/-/source-map-js-1.2.2.tgz 0ms (cache hit)
4631 http cache split2@https://registry.npmjs.org/split2/-/split2-4.2.0.tgz 0ms (cache hit)
4632 http cache strip-ansi@https://registry.npmjs.org/strip-ansi/-/strip-ansi-6.0.1.tgz 0ms (cache hit)
4633 http cache sisteransi@https://registry.npmjs.org/sisteransi/-/sisteransi-1.0.5.tgz 0ms (cache hit)
4634 http cache sharp@https://registry.npmjs.org/sharp/-/sharp-0.35.5.tgz 0ms (cache hit)
4635 http cache signal-exit@https://registry.npmjs.org/signal-exit/-/signal-exit-4.1.0.tgz 0ms (cache hit)
4636 http cache shebang-command@https://registry.npmjs.org/shebang-command/-/shebang-command-2.0.0.tgz 0ms (cache hit)
4637 http cache run-applescript@https://registry.npmjs.org/run-applescript/-/run-applescript-7.1.0.tgz 0ms (cache hit)
4638 http cache semver@https://registry.npmjs.org/semver/-/semver-7.8.5.tgz 0ms (cache hit)
4639 http cache rolldown@https://registry.npmjs.org/rolldown/-/rolldown-1.2.13.tgz 0ms (cache hit)
4640 http cache retry@https://registry.npmjs.org/retry/-/retry-0.13.1.tgz 0ms (cache hit)
4641 http cache remeda@https://registry.npmjs.org/remeda/-/remeda-2.33.4.tgz 0ms (cache hit)
4642 http cache resolve-from@https://registry.npmjs.org/resolve-from/-/resolve-from-5.0.0.tgz 0ms (cache hit)
4643 http cache readdirp@https://registry.npmjs.org/readdirp/-/readdirp-5.1.1.tgz 0ms (cache hit)
4644 http cache react-reconciler@https://registry.npmjs.org/react-reconciler/-/react-reconciler-0.34.0.tgz 0ms (cache hit)
4645 http cache react@https://registry.npmjs.org/react/-/react-19.3.0.tgz 0ms (cache hit)
4646 http cache regexp-to-ast@https://registry.npmjs.org/regexp-to-ast/-/regexp-to-ast-0.5.0.tgz 0ms (cache hit)
4647 http cache shebang-regex@https://registry.npmjs.org/shebang-regex/-/shebang-regex-3.0.0.tgz 0ms (cache hit)
4648 http cache rc9@https://registry.npmjs.org/rc9/-/rc9-3.1.0.tgz 0ms (cache hit)
4649 http cache proxy-from-env@https://registry.npmjs.org/proxy-from-env/-/proxy-from-env-2.1.0.tgz 0ms (cache hit)
4650 http cache pretty-ms@https://registry.npmjs.org/pretty-ms/-/pretty-ms-9.3.1.tgz 0ms (cache hit)
4651 http cache proper-lockfile@https://registry.npmjs.org/proper-lockfile/-/proper-lockfile-4.1.2.tgz 0ms (cache hit)
4652 http cache powershell-utils@https://registry.npmjs.org/powershell-utils/-/powershell-utils-0.2.1.tgz 0ms (cache hit)
4653 http cache promise-limit@https://registry.npmjs.org/promise-limit/-/promise-limit-2.7.0.tgz 0ms (cache hit)
4654 silly tarball no local data for wrap-ansi@https://registry.npmjs.org/wrap-ansi/-/wrap-ansi-7.0.0.tgz. Extracting by manifest.
4655 http cache prisma@https://registry.npmjs.org/prisma/-/prisma-8.0.0-rc.22.tgz 0ms (cache hit)
4656 http cache protobufjs@https://registry.npmjs.org/protobufjs/-/protobufjs-7.6.6.tgz 0ms (cache hit)
4657 http cache postgres-bytea@https://registry.npmjs.org/postgres-bytea/-/postgres-bytea-1.0.1.tgz 0ms (cache hit)
4658 http cache postgres-interval@https://registry.npmjs.org/postgres-interval/-/postgres-interval-1.2.0.tgz 0ms (cache hit)
4659 http cache postgres-array@https://registry.npmjs.org/postgres-array/-/postgres-array-2.0.0.tgz 0ms (cache hit)
4660 http cache prettier@https://registry.npmjs.org/prettier/-/prettier-3.9.9.tgz 0ms (cache hit)
4661 http cache postcss@https://registry.npmjs.org/postcss/-/postcss-8.5.29.tgz 0ms (cache hit)
4662 http cache postgres-date@https://registry.npmjs.org/postgres-date/-/postgres-date-1.0.7.tgz 0ms (cache hit)
4663 http cache pg-protocol@https://registry.npmjs.org/pg-protocol/-/pg-protocol-1.16.1.tgz 0ms (cache hit)
4664 http cache picomatch@https://registry.npmjs.org/picomatch/-/picomatch-4.0.7.tgz 0ms (cache hit)
4665 http cache pkg-types@https://registry.npmjs.org/pkg-types/-/pkg-types-2.3.3.tgz 0ms (cache hit)
4666 http cache pluralize@https://registry.npmjs.org/pluralize/-/pluralize-8.0.0.tgz 0ms (cache hit)
4667 http cache pg-cursor@https://registry.npmjs.org/pg-cursor/-/pg-cursor-2.22.1.tgz 0ms (cache hit)
4668 http cache pgpass@https://registry.npmjs.org/pgpass/-/pgpass-1.0.5.tgz 0ms (cache hit)
4669 http cache pg-types@https://registry.npmjs.org/pg-types/-/pg-types-2.2.0.tgz 0ms (cache hit)
4670 http cache pg-pool@https://registry.npmjs.org/pg-pool/-/pg-pool-3.14.0.tgz 0ms (cache hit)
4671 http cache path-scurry@https://registry.npmjs.org/path-scurry/-/path-scurry-2.0.2.tgz 0ms (cache hit)
4672 http cache pend@https://registry.npmjs.org/pend/-/pend-1.2.0.tgz 0ms (cache hit)
4673 http cache pg-connection-string@https://registry.npmjs.org/pg-connection-string/-/pg-connection-string-2.14.1.tgz 0ms (cache hit)
4674 http cache pg-int8@https://registry.npmjs.org/pg-int8/-/pg-int8-1.0.1.tgz 0ms (cache hit)
4675 http cache pg@https://registry.npmjs.org/pg/-/pg-8.22.0.tgz 0ms (cache hit)
4676 http cache perfect-debounce@https://registry.npmjs.org/perfect-debounce/-/perfect-debounce-2.1.0.tgz 0ms (cache hit)
4677 http cache pathe@https://registry.npmjs.org/pathe/-/pathe-2.0.3.tgz 0ms (cache hit)
4678 http cache pg-cloudflare@https://registry.npmjs.org/pg-cloudflare/-/pg-cloudflare-1.4.1.tgz 0ms (cache hit)
4679 http cache path-key@https://registry.npmjs.org/path-key/-/path-key-3.1.1.tgz 0ms (cache hit)
4680 http cache openapi-typescript-helpers@https://registry.npmjs.org/openapi-typescript-helpers/-/openapi-typescript-helpers-0.0.15.tgz 0ms (cache hit)
4681 http cache parse-ms@https://registry.npmjs.org/parse-ms/-/parse-ms-4.0.0.tgz 0ms (cache hit)
4682 http cache package-manager-detector@https://registry.npmjs.org/package-manager-detector/-/package-manager-detector-1.8.0.tgz 0ms (cache hit)
4683 http cache obug@https://registry.npmjs.org/obug/-/obug-2.2.1.tgz 0ms (cache hit)
4684 http cache p-retry@https://registry.npmjs.org/p-retry/-/p-retry-4.6.2.tgz 0ms (cache hit)
4685 http cache open@https://registry.npmjs.org/open/-/open-11.0.4.tgz 0ms (cache hit)
4686 http cache path-expression-matcher@https://registry.npmjs.org/path-expression-matcher/-/path-expression-matcher-1.6.2.tgz 0ms (cache hit)
4687 http cache openapi-fetch@https://registry.npmjs.org/openapi-fetch/-/openapi-fetch-0.14.0.tgz 0ms (cache hit)
4688 http cache nopt@https://registry.npmjs.org/nopt/-/nopt-8.1.0.tgz 0ms (cache hit)
4689 http cache npm-run-path@https://registry.npmjs.org/npm-run-path/-/npm-run-path-6.0.0.tgz 0ms (cache hit)
4690 http cache picocolors@https://registry.npmjs.org/picocolors/-/picocolors-1.1.1.tgz 0ms (cache hit)
4691 http cache nanoid@https://registry.npmjs.org/nanoid/-/nanoid-3.3.20.tgz 0ms (cache hit)
4692 http cache node-addon-api@https://registry.npmjs.org/node-addon-api/-/node-addon-api-8.9.2.tgz 0ms (cache hit)
4693 http cache giget@https://registry.npmjs.org/giget/-/giget-3.3.1.tgz 0ms (cache hit)
4694 http cache modern-tar@https://registry.npmjs.org/modern-tar/-/modern-tar-0.8.5.tgz 0ms (cache hit)
4695 http cache minizlib@https://registry.npmjs.org/minizlib/-/minizlib-3.1.0.tgz 0ms (cache hit)
4696 http cache ms@https://registry.npmjs.org/ms/-/ms-2.1.3.tgz 0ms (cache hit)
4697 http cache minipass@https://registry.npmjs.org/minipass/-/minipass-7.1.3.tgz 0ms (cache hit)
4698 http cache lru-cache@https://registry.npmjs.org/lru-cache/-/lru-cache-11.5.3.tgz 0ms (cache hit)
4699 http cache node-gyp-build@https://registry.npmjs.org/node-gyp-build/-/node-gyp-build-4.8.4.tgz 0ms (cache hit)
4700 http cache magicast@https://registry.npmjs.org/magicast/-/magicast-0.5.5.tgz 0ms (cache hit)
4701 http cache long@https://registry.npmjs.org/long/-/long-4.0.0.tgz 0ms (cache hit)
4702 http cache node-domexception@https://registry.npmjs.org/node-domexception/-/node-domexception-1.0.0.tgz 0ms (cache hit)
4703 http cache magic-string@https://registry.npmjs.org/magic-string/-/magic-string-1.4.3.tgz 0ms (cache hit)
4704 http cache lodash.isplainobject@https://registry.npmjs.org/lodash.isplainobject/-/lodash.isplainobject-4.0.6.tgz 0ms (cache hit)
4705 http cache lodash.isstring@https://registry.npmjs.org/lodash.isstring/-/lodash.isstring-4.0.1.tgz 0ms (cache hit)
4706 http cache lodash@https://registry.npmjs.org/lodash/-/lodash-4.17.21.tgz 0ms (cache hit)
4707 http cache lodash.isinteger@https://registry.npmjs.org/lodash.isinteger/-/lodash.isinteger-4.0.4.tgz 0ms (cache hit)
4708 http cache lodash.includes@https://registry.npmjs.org/lodash.includes/-/lodash.includes-4.3.0.tgz 0ms (cache hit)
4709 http cache lodash.isnumber@https://registry.npmjs.org/lodash.isnumber/-/lodash.isnumber-3.0.3.tgz 0ms (cache hit)
4710 http cache lightningcss@https://registry.npmjs.org/lightningcss/-/lightningcss-1.33.0.tgz 0ms (cache hit)
4711 http cache lodash.isboolean@https://registry.npmjs.org/lodash.isboolean/-/lodash.isboolean-3.0.3.tgz 0ms (cache hit)
4712 http cache lodash.once@https://registry.npmjs.org/lodash.once/-/lodash.once-4.1.1.tgz 0ms (cache hit)
4713 http cache lightningcss-darwin-arm64@https://registry.npmjs.org/lightningcss-darwin-arm64/-/lightningcss-darwin-arm64-1.33.0.tgz 0ms (cache hit)
4714 http cache lilconfig@https://registry.npmjs.org/lilconfig/-/lilconfig-2.1.0.tgz 0ms (cache hit)
4715 http cache libsodium-wrappers@https://registry.npmjs.org/libsodium-wrappers/-/libsodium-wrappers-0.8.4.tgz 0ms (cache hit)
4716 http cache ohash@https://registry.npmjs.org/ohash/-/ohash-2.0.12.tgz 0ms (cache hit)
4717 http cache libsql@https://registry.npmjs.org/libsql/-/libsql-0.5.29.tgz 0ms (cache hit)
4718 http cache jsonwebtoken@https://registry.npmjs.org/jsonwebtoken/-/jsonwebtoken-9.0.3.tgz 0ms (cache hit)
4719 http cache libsodium@https://registry.npmjs.org/libsodium/-/libsodium-0.8.4.tgz 0ms (cache hit)
4720 http cache json-with-bigint@https://registry.npmjs.org/json-with-bigint/-/json-with-bigint-3.5.12.tgz 0ms (cache hit)
4721 http cache jws@https://registry.npmjs.org/jws/-/jws-4.0.1.tgz 0ms (cache hit)
4722 http cache jwa@https://registry.npmjs.org/jwa/-/jwa-2.0.1.tgz 0ms (cache hit)
4723 http cache jsonc-parser@https://registry.npmjs.org/jsonc-parser/-/jsonc-parser-3.3.1.tgz 0ms (cache hit)
4724 http cache json-bigint@https://registry.npmjs.org/json-bigint/-/json-bigint-1.0.0.tgz 0ms (cache hit)
4725 http cache jju@https://registry.npmjs.org/jju/-/jju-1.4.0.tgz 0ms (cache hit)
4726 http cache is-unsafe@https://registry.npmjs.org/is-unsafe/-/is-unsafe-2.0.2.tgz 0ms (cache hit)
4727 http cache js-base64@https://registry.npmjs.org/js-base64/-/js-base64-3.9.4.tgz 0ms (cache hit)
4728 http cache is-plain-obj@https://registry.npmjs.org/is-plain-obj/-/is-plain-obj-4.1.0.tgz 0ms (cache hit)
4729 http cache isexe@https://registry.npmjs.org/isexe/-/isexe-2.0.0.tgz 0ms (cache hit)
4730 http cache is-wsl@https://registry.npmjs.org/is-wsl/-/is-wsl-3.1.1.tgz 0ms (cache hit)
4731 http cache is-stream@https://registry.npmjs.org/is-stream/-/is-stream-4.0.1.tgz 0ms (cache hit)
4732 http cache jiti@https://registry.npmjs.org/jiti/-/jiti-2.7.0.tgz 0ms (cache hit)
4733 http cache is-inside-container@https://registry.npmjs.org/is-inside-container/-/is-inside-container-1.0.0.tgz 0ms (cache hit)
4734 http cache http-status-codes@https://registry.npmjs.org/http-status-codes/-/http-status-codes-2.3.0.tgz 0ms (cache hit)
4735 http cache human-signals@https://registry.npmjs.org/human-signals/-/human-signals-8.0.1.tgz 0ms (cache hit)
4736 http cache is-in-ssh@https://registry.npmjs.org/is-in-ssh/-/is-in-ssh-1.0.0.tgz 0ms (cache hit)
4737 http cache hono@https://registry.npmjs.org/hono/-/hono-4.11.4.tgz 0ms (cache hit)
4738 http cache https-proxy-agent@https://registry.npmjs.org/https-proxy-agent/-/https-proxy-agent-5.0.1.tgz 0ms (cache hit)
4739 http cache hasown@https://registry.npmjs.org/hasown/-/hasown-2.0.4.tgz 0ms (cache hit)
4740 http cache fast-string-truncated-width@https://registry.npmjs.org/fast-string-truncated-width/-/fast-string-truncated-width-3.0.3.tgz 0ms (cache hit)
4741 http cache is-unicode-supported@https://registry.npmjs.org/is-unicode-supported/-/is-unicode-supported-2.1.0.tgz 0ms (cache hit)
4742 http cache is-docker@https://registry.npmjs.org/is-docker/-/is-docker-3.0.0.tgz 0ms (cache hit)
4743 http cache grammex@https://registry.npmjs.org/grammex/-/grammex-3.1.13.tgz 0ms (cache hit)
4744 http cache graceful-fs@https://registry.npmjs.org/graceful-fs/-/graceful-fs-4.2.11.tgz 0ms (cache hit)
4745 http cache google-logging-utils@https://registry.npmjs.org/google-logging-utils/-/google-logging-utils-1.1.3.tgz 0ms (cache hit)
4746 silly tarball no local data for vite@https://registry.npmjs.org/vite/-/vite-8.3.4.tgz. Extracting by manifest.
4747 http cache get-stream@https://registry.npmjs.org/get-stream/-/get-stream-9.0.1.tgz 0ms (cache hit)
4748 http cache get-port-please@https://registry.npmjs.org/get-port-please/-/get-port-please-3.2.0.tgz 0ms (cache hit)
4749 http cache graphmatch@https://registry.npmjs.org/graphmatch/-/graphmatch-1.1.1.tgz 0ms (cache hit)
4750 http cache get-east-asian-width@https://registry.npmjs.org/get-east-asian-width/-/get-east-asian-width-1.7.0.tgz 0ms (cache hit)
4751 http cache gaxios@https://registry.npmjs.org/gaxios/-/gaxios-7.3.1.tgz 0ms (cache hit)
4752 http cache gcp-metadata@https://registry.npmjs.org/gcp-metadata/-/gcp-metadata-8.1.2.tgz 0ms (cache hit)
4753 silly tarball no local data for vitest@https://registry.npmjs.org/vitest/-/vitest-5.0.3.tgz. Extracting by manifest.
4754 http cache fsevents@https://registry.npmjs.org/fsevents/-/fsevents-2.3.3.tgz 0ms (cache hit)
4755 http cache formdata-polyfill@https://registry.npmjs.org/formdata-polyfill/-/formdata-polyfill-4.0.10.tgz 0ms (cache hit)
4756 http cache form-data@https://registry.npmjs.org/form-data/-/form-data-4.0.6.tgz 0ms (cache hit)
4757 http cache follow-redirects@https://registry.npmjs.org/follow-redirects/-/follow-redirects-1.16.1.tgz 0ms (cache hit)
4758 http cache google-auth-library@https://registry.npmjs.org/google-auth-library/-/google-auth-library-10.9.1.tgz 0ms (cache hit)
4759 http cache fdir@https://registry.npmjs.org/fdir/-/fdir-6.5.0.tgz 0ms (cache hit)
4760 http cache file-uri-to-path@https://registry.npmjs.org/file-uri-to-path/-/file-uri-to-path-1.0.0.tgz 0ms (cache hit)
4761 http cache foreground-child@https://registry.npmjs.org/foreground-child/-/foreground-child-3.3.1.tgz 0ms (cache hit)
4762 http cache fetch-blob@https://registry.npmjs.org/fetch-blob/-/fetch-blob-3.2.0.tgz 0ms (cache hit)
4763 http cache figures@https://registry.npmjs.org/figures/-/figures-6.1.0.tgz 0ms (cache hit)
4764 http cache fast-xml-builder@https://registry.npmjs.org/fast-xml-builder/-/fast-xml-builder-1.3.1.tgz 0ms (cache hit)
4765 http cache fast-fifo@https://registry.npmjs.org/fast-fifo/-/fast-fifo-1.3.2.tgz 0ms (cache hit)
4766 http cache fast-xml-parser@https://registry.npmjs.org/fast-xml-parser/-/fast-xml-parser-5.11.2.tgz 0ms (cache hit)
4767 http cache fast-wrap-ansi@https://registry.npmjs.org/fast-wrap-ansi/-/fast-wrap-ansi-0.2.2.tgz 0ms (cache hit)
4768 http cache exsolve@https://registry.npmjs.org/exsolve/-/exsolve-1.1.3.tgz 0ms (cache hit)
4769 http cache execa@https://registry.npmjs.org/execa/-/execa-9.6.1.tgz 0ms (cache hit)
4770 http cache extend@https://registry.npmjs.org/extend/-/extend-3.0.2.tgz 0ms (cache hit)
4771 http cache estree-walker@https://registry.npmjs.org/estree-walker/-/estree-walker-2.0.2.tgz 0ms (cache hit)
4772 http cache expect-type@https://registry.npmjs.org/expect-type/-/expect-type-1.4.0.tgz 0ms (cache hit)
4773 http cache effect@https://registry.npmjs.org/effect/-/effect-4.0.0-rc.115.tgz 0ms (cache hit)
4774 http cache dotenv@https://registry.npmjs.org/dotenv/-/dotenv-17.4.2.tgz 0ms (cache hit)
4775 http cache es-module-lexer@https://registry.npmjs.org/es-module-lexer/-/es-module-lexer-2.3.2.tgz 0ms (cache hit)
4776 http cache fast-string-width@https://registry.npmjs.org/fast-string-width/-/fast-string-width-3.0.2.tgz 0ms (cache hit)
4777 http cache detect-libc@https://registry.npmjs.org/detect-libc/-/detect-libc-2.1.2.tgz 0ms (cache hit)
4778 http cache events-universal@https://registry.npmjs.org/events-universal/-/events-universal-1.0.1.tgz 0ms (cache hit)
4779 http cache defu@https://registry.npmjs.org/defu/-/defu-6.1.7.tgz 0ms (cache hit)
4780 http cache ecdsa-sig-formatter@https://registry.npmjs.org/ecdsa-sig-formatter/-/ecdsa-sig-formatter-1.0.11.tgz 0ms (cache hit)
4781 http cache default-browser@https://registry.npmjs.org/default-browser/-/default-browser-5.5.1.tgz 0ms (cache hit)
4782 http cache esbuild@https://registry.npmjs.org/esbuild/-/esbuild-0.28.2.tgz 0ms (cache hit)
4783 http cache debug@https://registry.npmjs.org/debug/-/debug-4.4.3.tgz 0ms (cache hit)
4784 http cache destr@https://registry.npmjs.org/destr/-/destr-2.0.5.tgz 0ms (cache hit)
4785 http cache data-uri-to-buffer@https://registry.npmjs.org/data-uri-to-buffer/-/data-uri-to-buffer-4.0.1.tgz 0ms (cache hit)
4786 http cache cross-spawn@https://registry.npmjs.org/cross-spawn/-/cross-spawn-7.0.6.tgz 0ms (cache hit)
4787 http cache content-type@https://registry.npmjs.org/content-type/-/content-type-3.1.1.tgz 0ms (cache hit)
4788 http cache consola@https://registry.npmjs.org/consola/-/consola-3.4.2.tgz 0ms (cache hit)
4789 http cache default-browser-id@https://registry.npmjs.org/default-browser-id/-/default-browser-id-5.0.1.tgz 0ms (cache hit)
4790 http cache colorette@https://registry.npmjs.org/colorette/-/colorette-2.0.20.tgz 0ms (cache hit)
4791 http cache ci-info@https://registry.npmjs.org/ci-info/-/ci-info-4.4.0.tgz 0ms (cache hit)
4792 http cache chownr@https://registry.npmjs.org/chownr/-/chownr-3.0.0.tgz 0ms (cache hit)
4793 http cache define-lazy-prop@https://registry.npmjs.org/define-lazy-prop/-/define-lazy-prop-3.0.0.tgz 0ms (cache hit)
4794 http cache confbox@https://registry.npmjs.org/confbox/-/confbox-0.2.4.tgz 0ms (cache hit)
4795 http cache clipanion@https://registry.npmjs.org/clipanion/-/clipanion-4.0.0-rc.4.tgz 0ms (cache hit)
4796 http cache closest-match@https://registry.npmjs.org/closest-match/-/closest-match-1.3.3.tgz 0ms (cache hit)
4797 http cache bowser@https://registry.npmjs.org/bowser/-/bowser-2.14.1.tgz 0ms (cache hit)
4798 http cache chai@https://registry.npmjs.org/chai/-/chai-6.3.0.tgz 0ms (cache hit)
4799 http cache capnweb@https://registry.npmjs.org/capnweb/-/capnweb-0.12.0.tgz 0ms (cache hit)
4800 http cache bundle-name@https://registry.npmjs.org/bundle-name/-/bundle-name-4.1.1.tgz 0ms (cache hit)
4801 http cache better-result@https://registry.npmjs.org/better-result/-/better-result-2.10.0.tgz 0ms (cache hit)
4802 http cache c12@https://registry.npmjs.org/c12/-/c12-3.3.4.tgz 0ms (cache hit)
4803 http cache buffer-equal-constant-time@https://registry.npmjs.org/buffer-equal-constant-time/-/buffer-equal-constant-time-1.0.1.tgz 0ms (cache hit)
4804 http cache bignumber.js@https://registry.npmjs.org/bignumber.js/-/bignumber.js-9.3.1.tgz 0ms (cache hit)
4805 http cache bindings@https://registry.npmjs.org/bindings/-/bindings-1.5.0.tgz 0ms (cache hit)
4806 http cache before-after-hook@https://registry.npmjs.org/before-after-hook/-/before-after-hook-4.0.0.tgz 0ms (cache hit)
4807 http cache bare-path@https://registry.npmjs.org/bare-path/-/bare-path-3.1.2.tgz 0ms (cache hit)
4808 http cache chokidar@https://registry.npmjs.org/chokidar/-/chokidar-5.0.0.tgz 0ms (cache hit)
4809 http cache chevrotain@https://registry.npmjs.org/chevrotain/-/chevrotain-10.5.0.tgz 0ms (cache hit)
4810 http cache bare-stream@https://registry.npmjs.org/bare-stream/-/bare-stream-2.13.4.tgz 0ms (cache hit)
4811 http cache base64-js@https://registry.npmjs.org/base64-js/-/base64-js-1.5.1.tgz 0ms (cache hit)
4812 http cache bcrypt@https://registry.npmjs.org/bcrypt/-/bcrypt-6.0.0.tgz 0ms (cache hit)
4813 http cache b4a@https://registry.npmjs.org/b4a/-/b4a-1.9.0.tgz 0ms (cache hit)
4814 http cache bare-events@https://registry.npmjs.org/bare-events/-/bare-events-2.9.2.tgz 0ms (cache hit)
4815 http cache axios@https://registry.npmjs.org/axios/-/axios-1.20.0.tgz 0ms (cache hit)
4816 http cache bare-fs@https://registry.npmjs.org/bare-fs/-/bare-fs-4.8.3.tgz 0ms (cache hit)
4817 http cache aws4fetch@https://registry.npmjs.org/aws4fetch/-/aws4fetch-1.0.20.tgz 0ms (cache hit)
4818 http cache async-sema@https://registry.npmjs.org/async-sema/-/async-sema-3.1.1.tgz 0ms (cache hit)
4819 http cache assertion-error@https://registry.npmjs.org/assertion-error/-/assertion-error-2.0.1.tgz 0ms (cache hit)
4820 http cache arkregex@https://registry.npmjs.org/arkregex/-/arkregex-0.0.13.tgz 0ms (cache hit)
4821 http cache arktype@https://registry.npmjs.org/arktype/-/arktype-2.2.8.tgz 0ms (cache hit)
4822 http cache bare-url@https://registry.npmjs.org/bare-url/-/bare-url-2.5.4.tgz 0ms (cache hit)
4823 http cache anynum@https://registry.npmjs.org/anynum/-/anynum-1.0.1.tgz 0ms (cache hit)
4824 http cache abbrev@https://registry.npmjs.org/abbrev/-/abbrev-3.0.1.tgz 0ms (cache hit)
4825 http cache acorn-import-attributes@https://registry.npmjs.org/acorn-import-attributes/-/acorn-import-attributes-1.9.5.tgz 0ms (cache hit)
4826 http cache estree-walker@https://registry.npmjs.org/estree-walker/-/estree-walker-3.0.3.tgz 0ms (cache hit)
4827 http cache acorn@https://registry.npmjs.org/acorn/-/acorn-8.19.0.tgz 0ms (cache hit)
4828 http cache balanced-match@https://registry.npmjs.org/balanced-match/-/balanced-match-4.0.4.tgz 0ms (cache hit)
4829 http cache agent-base@https://registry.npmjs.org/agent-base/-/agent-base-6.0.2.tgz 0ms (cache hit)
4830 http cache brace-expansion@https://registry.npmjs.org/brace-expansion/-/brace-expansion-5.0.12.tgz 0ms (cache hit)
4831 http cache minimatch@https://registry.npmjs.org/minimatch/-/minimatch-10.2.6.tgz 0ms (cache hit)
4832 http cache ansi-regex@https://registry.npmjs.org/ansi-regex/-/ansi-regex-5.0.1.tgz 0ms (cache hit)
4833 http cache magic-string@https://registry.npmjs.org/magic-string/-/magic-string-0.30.21.tgz 0ms (cache hit)
4834 http cache scheduler@https://registry.npmjs.org/scheduler/-/scheduler-0.28.0.tgz 0ms (cache hit)
4835 http cache @oxc-project/types@https://registry.npmjs.org/@oxc-project/types/-/types-0.146.0.tgz 0ms (cache hit)
4836 http cache typescript@https://registry.npmjs.org/typescript/-/typescript-6.0.3.tgz 0ms (cache hit)
4837 http cache @distilled.cloud/stripe@https://registry.npmjs.org/@distilled.cloud/stripe/-/stripe-1.0.0-rc.12.tgz 0ms (cache hit)
4838 http cache @distilled.cloud/railway@https://registry.npmjs.org/@distilled.cloud/railway/-/railway-1.0.0-rc.12.tgz 0ms (cache hit)
4839 http cache capnp-es@https://registry.npmjs.org/capnp-es/-/capnp-es-0.0.16.tgz 0ms (cache hit)
4840 http cache rolldown@https://registry.npmjs.org/rolldown/-/rolldown-1.2.5.tgz 0ms (cache hit)
4841 http cache alchemy@https://registry.npmjs.org/alchemy/-/alchemy-2.0.0-beta.78.tgz 0ms (cache hit)
4842 http cache @distilled.cloud/hetzner@https://registry.npmjs.org/@distilled.cloud/hetzner/-/hetzner-1.0.0-rc.12.tgz 0ms (cache hit)
4843 http cache @distilled.cloud/planetscale@https://registry.npmjs.org/@distilled.cloud/planetscale/-/planetscale-1.0.0-rc.12.tgz 0ms (cache hit)
4844 http cache @distilled.cloud/fly-io@https://registry.npmjs.org/@distilled.cloud/fly-io/-/fly-io-1.0.0-rc.12.tgz 0ms (cache hit)
4845 http cache @rolldown/binding-darwin-arm64@https://registry.npmjs.org/@rolldown/binding-darwin-arm64/-/binding-darwin-arm64-1.2.5.tgz 0ms (cache hit)
4846 http cache @distilled.cloud/prisma@https://registry.npmjs.org/@distilled.cloud/prisma/-/prisma-1.0.0-rc.12.tgz 0ms (cache hit)
4847 http cache @distilled.cloud/neon@https://registry.npmjs.org/@distilled.cloud/neon/-/neon-1.0.0-rc.12.tgz 0ms (cache hit)
4848 http cache @distilled.cloud/axiom@https://registry.npmjs.org/@distilled.cloud/axiom/-/axiom-1.0.0-rc.12.tgz 0ms (cache hit)
4849 http cache @distilled.cloud/cloudflare@https://registry.npmjs.org/@distilled.cloud/cloudflare/-/cloudflare-1.0.0-rc.12.tgz 0ms (cache hit)
4850 http cache @alchemy.run/cloudflare-runtime@https://registry.npmjs.org/@alchemy.run/cloudflare-runtime/-/cloudflare-runtime-2.0.0-beta.78.tgz 0ms (cache hit)
4851 http cache @distilled.cloud/core@https://registry.npmjs.org/@distilled.cloud/core/-/core-1.0.0-rc.12.tgz 0ms (cache hit)
4852 http cache @distilled.cloud/aws@https://registry.npmjs.org/@distilled.cloud/aws/-/aws-1.0.0-rc.12.tgz 0ms (cache hit)
4853 http cache @alchemy.run/floci@https://registry.npmjs.org/@alchemy.run/floci/-/floci-2.0.0-beta.78.tgz 0ms (cache hit)
4854 http cache ansi-styles@https://registry.npmjs.org/ansi-styles/-/ansi-styles-6.2.3.tgz 0ms (cache hit)
4855 http cache strip-ansi@https://registry.npmjs.org/strip-ansi/-/strip-ansi-7.2.0.tgz 0ms (cache hit)
4856 http cache yargs-parser@https://registry.npmjs.org/yargs-parser/-/yargs-parser-22.0.0.tgz 0ms (cache hit)
4857 http cache string-width@https://registry.npmjs.org/string-width/-/string-width-8.3.0.tgz 0ms (cache hit)
4858 http cache wrap-ansi@https://registry.npmjs.org/wrap-ansi/-/wrap-ansi-9.0.2.tgz 0ms (cache hit)
4859 http cache string-width@https://registry.npmjs.org/string-width/-/string-width-7.2.0.tgz 0ms (cache hit)
4860 http cache ansi-regex@https://registry.npmjs.org/ansi-regex/-/ansi-regex-6.4.0.tgz 0ms (cache hit)
4861 http cache cliui@https://registry.npmjs.org/cliui/-/cliui-9.0.1.tgz 0ms (cache hit)
4862 http cache @types/pg@https://registry.npmjs.org/@types/pg/-/pg-8.20.4.tgz 0ms (cache hit)
4863 http cache ansi-regex@https://registry.npmjs.org/ansi-regex/-/ansi-regex-6.4.0.tgz 0ms (cache hit)
4864 http cache strip-ansi@https://registry.npmjs.org/strip-ansi/-/strip-ansi-7.2.0.tgz 0ms (cache hit)
4865 http cache ansi-styles@https://registry.npmjs.org/ansi-styles/-/ansi-styles-6.2.3.tgz 0ms (cache hit)
4866 http cache string-width@https://registry.npmjs.org/string-width/-/string-width-7.2.0.tgz 0ms (cache hit)
4867 http cache wrap-ansi@https://registry.npmjs.org/wrap-ansi/-/wrap-ansi-10.0.2.tgz 0ms (cache hit)
4868 http cache @types/pg@https://registry.npmjs.org/@types/pg/-/pg-8.20.4.tgz 0ms (cache hit)
4869 http cache emoji-regex@https://registry.npmjs.org/emoji-regex/-/emoji-regex-10.6.0.tgz 0ms (cache hit)
4870 http cache std-env@https://registry.npmjs.org/std-env/-/std-env-3.10.0.tgz 0ms (cache hit)
4871 http cache string-width@https://registry.npmjs.org/string-width/-/string-width-8.3.0.tgz 0ms (cache hit)
4872 http cache ansi-regex@https://registry.npmjs.org/ansi-regex/-/ansi-regex-6.4.0.tgz 0ms (cache hit)
4873 http cache string-width@https://registry.npmjs.org/string-width/-/string-width-8.3.0.tgz 0ms (cache hit)
4874 http cache magic-string@https://registry.npmjs.org/magic-string/-/magic-string-0.30.21.tgz 0ms (cache hit)
4875 http cache @rolldown/binding-darwin-arm64@https://registry.npmjs.org/@rolldown/binding-darwin-arm64/-/binding-darwin-arm64-1.2.5.tgz 0ms (cache hit)
4876 http cache strip-ansi@https://registry.npmjs.org/strip-ansi/-/strip-ansi-7.2.0.tgz 0ms (cache hit)
4877 silly tarball no local data for glob@https://registry.npmjs.org/glob/-/glob-13.0.6.tgz. Extracting by manifest.
4878 http cache typescript@https://registry.npmjs.org/typescript/-/typescript-6.0.3.tgz 0ms (cache hit)
4879 http cache rolldown@https://registry.npmjs.org/rolldown/-/rolldown-1.2.5.tgz 0ms (cache hit)
4880 http cache @distilled.cloud/stripe@https://registry.npmjs.org/@distilled.cloud/stripe/-/stripe-1.0.0-rc.12.tgz 0ms (cache hit)
4881 http cache @oxc-project/types@https://registry.npmjs.org/@oxc-project/types/-/types-0.146.0.tgz 0ms (cache hit)
4882 http cache capnp-es@https://registry.npmjs.org/capnp-es/-/capnp-es-0.0.16.tgz 0ms (cache hit)
4883 http cache @distilled.cloud/railway@https://registry.npmjs.org/@distilled.cloud/railway/-/railway-1.0.0-rc.12.tgz 0ms (cache hit)
4884 http cache @distilled.cloud/hetzner@https://registry.npmjs.org/@distilled.cloud/hetzner/-/hetzner-1.0.0-rc.12.tgz 0ms (cache hit)
4885 http cache @distilled.cloud/planetscale@https://registry.npmjs.org/@distilled.cloud/planetscale/-/planetscale-1.0.0-rc.12.tgz 0ms (cache hit)
4886 http cache alchemy@https://registry.npmjs.org/alchemy/-/alchemy-2.0.0-beta.78.tgz 0ms (cache hit)
4887 http cache @distilled.cloud/prisma@https://registry.npmjs.org/@distilled.cloud/prisma/-/prisma-1.0.0-rc.12.tgz 0ms (cache hit)
4888 http cache @distilled.cloud/neon@https://registry.npmjs.org/@distilled.cloud/neon/-/neon-1.0.0-rc.12.tgz 0ms (cache hit)
4889 http cache @distilled.cloud/fly-io@https://registry.npmjs.org/@distilled.cloud/fly-io/-/fly-io-1.0.0-rc.12.tgz 0ms (cache hit)
4890 http cache @alchemy.run/floci@https://registry.npmjs.org/@alchemy.run/floci/-/floci-2.0.0-beta.78.tgz 0ms (cache hit)
4891 http cache @distilled.cloud/aws@https://registry.npmjs.org/@distilled.cloud/aws/-/aws-1.0.0-rc.12.tgz 0ms (cache hit)
4892 http cache @distilled.cloud/axiom@https://registry.npmjs.org/@distilled.cloud/axiom/-/axiom-1.0.0-rc.12.tgz 0ms (cache hit)
4893 http cache @distilled.cloud/cloudflare@https://registry.npmjs.org/@distilled.cloud/cloudflare/-/cloudflare-1.0.0-rc.12.tgz 0ms (cache hit)
4894 http cache @distilled.cloud/core@https://registry.npmjs.org/@distilled.cloud/core/-/core-1.0.0-rc.12.tgz 0ms (cache hit)
4895 http cache @alchemy.run/cloudflare-runtime@https://registry.npmjs.org/@alchemy.run/cloudflare-runtime/-/cloudflare-runtime-2.0.0-beta.78.tgz 0ms (cache hit)
4896 http cache @octokit/openapi-types@https://registry.npmjs.org/@octokit/openapi-types/-/openapi-types-27.0.0.tgz 0ms (cache hit)
4897 http cache agent-base@https://registry.npmjs.org/agent-base/-/agent-base-7.1.4.tgz 0ms (cache hit)
4898 silly tarball no local data for yargs@https://registry.npmjs.org/yargs/-/yargs-18.2.0.tgz. Extracting by manifest.
4899 silly tarball no local data for @octokit/types@https://registry.npmjs.org/@octokit/types/-/types-16.0.0.tgz. Extracting by manifest.
4900 silly tarball no local data for https-proxy-agent@https://registry.npmjs.org/https-proxy-agent/-/https-proxy-agent-7.0.6.tgz. Extracting by manifest.
4901 http cache rolldown@https://registry.npmjs.org/rolldown/-/rolldown-1.2.5.tgz 0ms (cache hit)
4902 http cache @rolldown/binding-darwin-arm64@https://registry.npmjs.org/@rolldown/binding-darwin-arm64/-/binding-darwin-arm64-1.2.5.tgz 0ms (cache hit)
4903 http cache @oxc-project/types@https://registry.npmjs.org/@oxc-project/types/-/types-0.146.0.tgz 0ms (cache hit)
4904 http cache scheduler@https://registry.npmjs.org/scheduler/-/scheduler-0.28.0.tgz 0ms (cache hit)
4905 http cache @octokit/openapi-types@https://registry.npmjs.org/@octokit/openapi-types/-/openapi-types-27.0.0.tgz 0ms (cache hit)
4906 http cache retry@https://registry.npmjs.org/retry/-/retry-0.12.0.tgz 0ms (cache hit)
4907 http cache @prisma/management-api-sdk@https://registry.npmjs.org/@prisma/management-api-sdk/-/management-api-sdk-1.80.0.tgz 0ms (cache hit)
4908 http cache signal-exit@https://registry.npmjs.org/signal-exit/-/signal-exit-3.0.7.tgz 0ms (cache hit)
4909 http cache confbox@https://registry.npmjs.org/confbox/-/confbox-0.3.1.tgz 0ms (cache hit)
4910 http cache detect-libc@https://registry.npmjs.org/detect-libc/-/detect-libc-2.0.2.tgz 0ms (cache hit)
4911 http cache path-key@https://registry.npmjs.org/path-key/-/path-key-4.0.0.tgz 0ms (cache hit)
4912 http cache agent-base@https://registry.npmjs.org/agent-base/-/agent-base-7.1.4.tgz 0ms (cache hit)
4913 silly tarball no local data for graphql@https://registry.npmjs.org/graphql/-/graphql-16.11.0.tgz. Extracting by manifest.
4914 silly tarball no local data for @emnapi/runtime@https://registry.npmjs.org/@emnapi/runtime/-/runtime-1.11.3.tgz. Extracting by manifest.
4915 silly tarball no local data for fflate@https://registry.npmjs.org/fflate/-/fflate-0.8.3.tgz. Extracting by manifest.
4916 silly tarball no local data for @alchemy.run/sigil@https://registry.npmjs.org/@alchemy.run/sigil/-/sigil-0.0.0-alpha.11.tgz. Extracting by manifest.
4917 silly tarball no local data for @jridgewell/trace-mapping@https://registry.npmjs.org/@jridgewell/trace-mapping/-/trace-mapping-0.3.31.tgz. Extracting by manifest.
4918 silly tarball no local data for temporal-utils@https://registry.npmjs.org/temporal-utils/-/temporal-utils-1.0.3.tgz. Extracting by manifest.
4919 silly tarball no local data for temporal-spec@https://registry.npmjs.org/temporal-spec/-/temporal-spec-1.0.1.tgz. Extracting by manifest.
4920 silly tarball no local data for @vitest/spy@https://registry.npmjs.org/@vitest/spy/-/spy-5.0.3.tgz. Extracting by manifest.
4921 http cache node-fetch@https://registry.npmjs.org/node-fetch/-/node-fetch-3.3.2.tgz 0ms (cache hit)
4922 silly tarball no local data for @jridgewell/resolve-uri@https://registry.npmjs.org/@jridgewell/resolve-uri/-/resolve-uri-3.1.2.tgz. Extracting by manifest.
4923 http cache long@https://registry.npmjs.org/long/-/long-5.3.2.tgz 0ms (cache hit)
4924 silly tarball no local data for @vitest/mocker@https://registry.npmjs.org/@vitest/mocker/-/mocker-5.0.3.tgz. Extracting by manifest.
4925 silly tarball no local data for @types/deep-eql@https://registry.npmjs.org/@types/deep-eql/-/deep-eql-4.0.2.tgz. Extracting by manifest.
4926 silly tarball no local data for temporal-polyfill@https://registry.npmjs.org/temporal-polyfill/-/temporal-polyfill-1.0.5.tgz. Extracting by manifest.
4927 silly tarball no local data for @types/pg@https://registry.npmjs.org/@types/pg/-/pg-8.23.1.tgz. Extracting by manifest.
4928 silly tarball no local data for @img/sharp-wasm32@https://registry.npmjs.org/@img/sharp-wasm32/-/sharp-wasm32-0.35.5.tgz. Extracting by manifest.
4929 silly tarball no local data for @typescript/typescript-darwin-arm64@https://registry.npmjs.org/@typescript/typescript-darwin-arm64/-/typescript-darwin-arm64-7.0.2.tgz. Extracting by manifest.
4930 silly tarball no local data for @types/node@https://registry.npmjs.org/@types/node/-/node-26.1.2.tgz. Extracting by manifest.
4931 silly tarball no local data for @types/jsonwebtoken@https://registry.npmjs.org/@types/jsonwebtoken/-/jsonwebtoken-9.0.10.tgz. Extracting by manifest.
4932 silly tarball no local data for @vercel/nft@https://registry.npmjs.org/@vercel/nft/-/nft-1.11.0.tgz. Extracting by manifest.
4933 silly tarball no local data for @types/ws@https://registry.npmjs.org/@types/ws/-/ws-8.18.2.tgz. Extracting by manifest.
4934 silly tarball no local data for @vercel/detect-agent@https://registry.npmjs.org/@vercel/detect-agent/-/detect-agent-1.2.5.tgz. Extracting by manifest.
4935 silly tarball no local data for @types/ms@https://registry.npmjs.org/@types/ms/-/ms-2.1.0.tgz. Extracting by manifest.
4936 silly tarball no local data for @octokit/types@https://registry.npmjs.org/@octokit/types/-/types-16.0.0.tgz. Extracting by manifest.
4937 silly tarball no local data for @types/retry@https://registry.npmjs.org/@types/retry/-/retry-0.12.0.tgz. Extracting by manifest.
4938 silly tarball no local data for @types/bcrypt@https://registry.npmjs.org/@types/bcrypt/-/bcrypt-6.0.0.tgz. Extracting by manifest.
4939 silly tarball no local data for @types/estree@https://registry.npmjs.org/@types/estree/-/estree-1.0.9.tgz. Extracting by manifest.
4940 silly tarball no local data for @smithy/fetch-http-handler@https://registry.npmjs.org/@smithy/fetch-http-handler/-/fetch-http-handler-5.8.0.tgz. Extracting by manifest.
4941 silly tarball no local data for @smithy/types@https://registry.npmjs.org/@smithy/types/-/types-4.19.0.tgz. Extracting by manifest.
4942 silly tarball no local data for @standard-schema/spec@https://registry.npmjs.org/@standard-schema/spec/-/spec-1.1.0.tgz. Extracting by manifest.
4943 silly tarball no local data for @smithy/util-base64@https://registry.npmjs.org/@smithy/util-base64/-/util-base64-4.6.2.tgz. Extracting by manifest.
4944 silly tarball no local data for https-proxy-agent@https://registry.npmjs.org/https-proxy-agent/-/https-proxy-agent-7.0.6.tgz. Extracting by manifest.
4945 silly tarball no local data for @smithy/signature-v4@https://registry.npmjs.org/@smithy/signature-v4/-/signature-v4-5.7.4.tgz. Extracting by manifest.
4946 silly tarball no local data for @sec-ant/readable-stream@https://registry.npmjs.org/@sec-ant/readable-stream/-/readable-stream-0.4.1.tgz. Extracting by manifest.
4947 silly tarball no local data for @smithy/node-http-handler@https://registry.npmjs.org/@smithy/node-http-handler/-/node-http-handler-4.12.1.tgz. Extracting by manifest.
4948 silly tarball no local data for @types/chai@https://registry.npmjs.org/@types/chai/-/chai-5.2.3.tgz. Extracting by manifest.
4949 silly tarball no local data for @sindresorhus/merge-streams@https://registry.npmjs.org/@sindresorhus/merge-streams/-/merge-streams-4.0.0.tgz. Extracting by manifest.
4950 silly tarball no local data for @smithy/credential-provider-imds@https://registry.npmjs.org/@smithy/credential-provider-imds/-/credential-provider-imds-4.5.2.tgz. Extracting by manifest.
4951 silly tarball no local data for @smithy/shared-ini-file-loader@https://registry.npmjs.org/@smithy/shared-ini-file-loader/-/shared-ini-file-loader-4.7.2.tgz. Extracting by manifest.
4952 silly tarball no local data for @rollup/pluginutils@https://registry.npmjs.org/@rollup/pluginutils/-/pluginutils-5.4.0.tgz. Extracting by manifest.
4953 silly tarball no local data for @protobufjs/path@https://registry.npmjs.org/@protobufjs/path/-/path-1.1.2.tgz. Extracting by manifest.
4954 silly tarball no local data for @protobufjs/pool@https://registry.npmjs.org/@protobufjs/pool/-/pool-1.1.0.tgz. Extracting by manifest.
4955 silly tarball no local data for @stricli/core@https://registry.npmjs.org/@stricli/core/-/core-1.3.0.tgz. Extracting by manifest.
4956 silly tarball no local data for @smithy/core@https://registry.npmjs.org/@smithy/core/-/core-3.35.2.tgz. Extracting by manifest.
4957 silly tarball no local data for @prisma/composer-cli@https://registry.npmjs.org/@prisma/composer-cli/-/composer-cli-0.29.1.tgz. Extracting by manifest.
4958 silly tarball no local data for @octokit/types@https://registry.npmjs.org/@octokit/types/-/types-18.0.0.tgz. Extracting by manifest.
4959 silly tarball no local data for @protobufjs/utf8@https://registry.npmjs.org/@protobufjs/utf8/-/utf8-1.1.2.tgz. Extracting by manifest.
4960 silly tarball no local data for @rolldown/pluginutils@https://registry.npmjs.org/@rolldown/pluginutils/-/pluginutils-1.0.1.tgz. Extracting by manifest.
4961 silly tarball no local data for @protobufjs/fetch@https://registry.npmjs.org/@protobufjs/fetch/-/fetch-1.1.1.tgz. Extracting by manifest.
4962 silly tarball no local data for @rolldown/binding-darwin-arm64@https://registry.npmjs.org/@rolldown/binding-darwin-arm64/-/binding-darwin-arm64-1.2.13.tgz. Extracting by manifest.
4963 silly tarball no local data for @puppeteer/browsers@https://registry.npmjs.org/@puppeteer/browsers/-/browsers-3.2.4.tgz. Extracting by manifest.
4964 silly tarball no local data for @protobufjs/base64@https://registry.npmjs.org/@protobufjs/base64/-/base64-1.1.2.tgz. Extracting by manifest.
4965 silly tarball no local data for @protobufjs/aspromise@https://registry.npmjs.org/@protobufjs/aspromise/-/aspromise-1.1.2.tgz. Extracting by manifest.
4966 silly tarball no local data for @protobufjs/codegen@https://registry.npmjs.org/@protobufjs/codegen/-/codegen-2.0.5.tgz. Extracting by manifest.
4967 silly tarball no local data for @prisma/orm-framework@https://registry.npmjs.org/@prisma/orm-framework/-/orm-framework-8.0.0-rc.17.tgz. Extracting by manifest.
4968 silly tarball no local data for @protobufjs/float@https://registry.npmjs.org/@protobufjs/float/-/float-1.0.2.tgz. Extracting by manifest.
4969 silly tarball no local data for @prisma/query-plan-executor@https://registry.npmjs.org/@prisma/query-plan-executor/-/query-plan-executor-7.2.0.tgz. Extracting by manifest.
4970 silly tarball no local data for @prisma/orm-toolchain@https://registry.npmjs.org/@prisma/orm-toolchain/-/orm-toolchain-8.0.0-rc.17.tgz. Extracting by manifest.
4971 silly tarball no local data for @prisma/orm-postgres@https://registry.npmjs.org/@prisma/orm-postgres/-/orm-postgres-8.0.0-rc.17.tgz. Extracting by manifest.
4972 silly tarball no local data for @protobufjs/eventemitter@https://registry.npmjs.org/@protobufjs/eventemitter/-/eventemitter-1.1.1.tgz. Extracting by manifest.
4973 silly tarball no local data for @prisma/compute-sdk@https://registry.npmjs.org/@prisma/compute-sdk/-/compute-sdk-0.43.0.tgz. Extracting by manifest.
4974 silly tarball no local data for @octokit/request-error@https://registry.npmjs.org/@octokit/request-error/-/request-error-7.1.2.tgz. Extracting by manifest.
4975 silly tarball no local data for @prisma/management-api-sdk@https://registry.npmjs.org/@prisma/management-api-sdk/-/management-api-sdk-1.82.0.tgz. Extracting by manifest.
4976 silly tarball no local data for @prisma/orm-target-postgres@https://registry.npmjs.org/@prisma/orm-target-postgres/-/orm-target-postgres-8.0.0-rc.17.tgz. Extracting by manifest.
4977 silly tarball no local data for @prisma/dev@https://registry.npmjs.org/@prisma/dev/-/dev-0.20.0.tgz. Extracting by manifest.
4978 silly tarball no local data for @prisma/cli-engine@https://registry.npmjs.org/@prisma/cli-engine/-/cli-engine-0.7.0.tgz. Extracting by manifest.
4979 silly tarball no local data for @prisma/composer@https://registry.npmjs.org/@prisma/composer/-/composer-0.29.1.tgz. Extracting by manifest.
4980 silly tarball no local data for @prisma/debug@https://registry.npmjs.org/@prisma/debug/-/debug-7.2.0.tgz. Extracting by manifest.
4981 silly tarball no local data for yallist@https://registry.npmjs.org/yallist/-/yallist-5.0.0.tgz. Extracting by manifest.
4982 silly tarball no local data for @octokit/plugin-request-log@https://registry.npmjs.org/@octokit/plugin-request-log/-/plugin-request-log-6.0.0.tgz. Extracting by manifest.
4983 silly tarball no local data for @octokit/webhooks-methods@https://registry.npmjs.org/@octokit/webhooks-methods/-/webhooks-methods-6.0.0.tgz. Extracting by manifest.
4984 silly tarball no local data for @oxc-project/types@https://registry.npmjs.org/@oxc-project/types/-/types-0.153.0.tgz. Extracting by manifest.
4985 silly tarball no local data for @octokit/rest@https://registry.npmjs.org/@octokit/rest/-/rest-22.0.1.tgz. Extracting by manifest.
4986 silly tarball no local data for @octokit/plugin-paginate-rest@https://registry.npmjs.org/@octokit/plugin-paginate-rest/-/plugin-paginate-rest-14.0.0.tgz. Extracting by manifest.
4987 silly tarball no local data for @octokit/graphql@https://registry.npmjs.org/@octokit/graphql/-/graphql-9.0.5.tgz. Extracting by manifest.
4988 silly tarball no local data for @octokit/plugin-rest-endpoint-methods@https://registry.npmjs.org/@octokit/plugin-rest-endpoint-methods/-/plugin-rest-endpoint-methods-17.0.0.tgz. Extracting by manifest.
4989 silly tarball no local data for @octokit/webhooks@https://registry.npmjs.org/@octokit/webhooks/-/webhooks-14.2.0.tgz. Extracting by manifest.
4990 silly tarball no local data for @octokit/endpoint@https://registry.npmjs.org/@octokit/endpoint/-/endpoint-11.0.5.tgz. Extracting by manifest.
4991 silly tarball no local data for @octokit/request@https://registry.npmjs.org/@octokit/request/-/request-10.0.16.tgz. Extracting by manifest.
4992 silly tarball no local data for @prisma/orm-family-sql@https://registry.npmjs.org/@prisma/orm-family-sql/-/orm-family-sql-8.0.0-rc.17.tgz. Extracting by manifest.
4993 silly tarball no local data for @octokit/core@https://registry.npmjs.org/@octokit/core/-/core-7.0.8.tgz. Extracting by manifest.
4994 silly tarball no local data for @noble/hashes@https://registry.npmjs.org/@noble/hashes/-/hashes-2.4.0.tgz. Extracting by manifest.
4995 silly tarball no local data for @nodable/entities@https://registry.npmjs.org/@nodable/entities/-/entities-3.1.0.tgz. Extracting by manifest.
4996 silly tarball no local data for @libsql/core@https://registry.npmjs.org/@libsql/core/-/core-0.17.4.tgz. Extracting by manifest.
4997 silly tarball no local data for @octokit/openapi-webhooks-types@https://registry.npmjs.org/@octokit/openapi-webhooks-types/-/openapi-webhooks-types-12.1.0.tgz. Extracting by manifest.
4998 silly tarball no local data for @octokit/openapi-types@https://registry.npmjs.org/@octokit/openapi-types/-/openapi-types-29.0.1.tgz. Extracting by manifest.
4999 silly tarball no local data for @mrleebo/prisma-ast@https://registry.npmjs.org/@mrleebo/prisma-ast/-/prisma-ast-0.13.1.tgz. Extracting by manifest.
5000 silly tarball no local data for @libsql/client@https://registry.npmjs.org/@libsql/client/-/client-0.17.4.tgz. Extracting by manifest.
5001 silly tarball no local data for @manypkg/tools@https://registry.npmjs.org/@manypkg/tools/-/tools-2.1.2.tgz. Extracting by manifest.
5002 silly tarball no local data for @octokit/auth-token@https://registry.npmjs.org/@octokit/auth-token/-/auth-token-6.0.0.tgz. Extracting by manifest.
5003 silly tarball no local data for @libsql/isomorphic-ws@https://registry.npmjs.org/@libsql/isomorphic-ws/-/isomorphic-ws-0.1.5.tgz. Extracting by manifest.
5004 silly tarball no local data for @libsql/hrana-client@https://registry.npmjs.org/@libsql/hrana-client/-/hrana-client-0.10.0.tgz. Extracting by manifest.
5005 silly tarball no local data for @mapbox/node-pre-gyp@https://registry.npmjs.org/@mapbox/node-pre-gyp/-/node-pre-gyp-2.0.3.tgz. Extracting by manifest.
5006 silly tarball no local data for @jridgewell/sourcemap-codec@https://registry.npmjs.org/@jridgewell/sourcemap-codec/-/sourcemap-codec-1.6.0.tgz. Extracting by manifest.
5007 silly tarball no local data for @img/sharp-libvips-darwin-arm64@https://registry.npmjs.org/@img/sharp-libvips-darwin-arm64/-/sharp-libvips-darwin-arm64-1.3.4.tgz. Extracting by manifest.
5008 silly tarball no local data for @isaacs/fs-minipass@https://registry.npmjs.org/@isaacs/fs-minipass/-/fs-minipass-4.0.1.tgz. Extracting by manifest.
5009 silly tarball no local data for @libsql/darwin-arm64@https://registry.npmjs.org/@libsql/darwin-arm64/-/darwin-arm64-0.5.29.tgz. Extracting by manifest.
5010 silly tarball no local data for @electric-sql/pglite@https://registry.npmjs.org/@electric-sql/pglite/-/pglite-0.3.15.tgz. Extracting by manifest.
5011 silly tarball no local data for @google/genai@https://registry.npmjs.org/@google/genai/-/genai-2.28.0.tgz. Extracting by manifest.
5012 silly tarball no local data for @esbuild/darwin-arm64@https://registry.npmjs.org/@esbuild/darwin-arm64/-/darwin-arm64-0.28.2.tgz. Extracting by manifest.
5013 silly tarball no local data for @img/colour@https://registry.npmjs.org/@img/colour/-/colour-1.1.0.tgz. Extracting by manifest.
5014 silly tarball no local data for @img/sharp-darwin-arm64@https://registry.npmjs.org/@img/sharp-darwin-arm64/-/sharp-darwin-arm64-0.35.5.tgz. Extracting by manifest.
5015 silly tarball no local data for @electric-sql/pglite-tools@https://registry.npmjs.org/@electric-sql/pglite-tools/-/pglite-tools-0.2.20.tgz. Extracting by manifest.
5016 silly tarball no local data for @hono/node-server@https://registry.npmjs.org/@hono/node-server/-/node-server-1.19.9.tgz. Extracting by manifest.
5017 silly tarball no local data for @effect/vitest@https://registry.npmjs.org/@effect/vitest/-/vitest-4.0.0-rc.115.tgz. Extracting by manifest.
5018 silly tarball no local data for @electric-sql/pglite-socket@https://registry.npmjs.org/@electric-sql/pglite-socket/-/pglite-socket-0.0.20.tgz. Extracting by manifest.
5019 silly tarball no local data for @neon-rs/load@https://registry.npmjs.org/@neon-rs/load/-/load-0.0.4.tgz. Extracting by manifest.
5020 silly tarball no local data for @effect/sql-sqlite-do@https://registry.npmjs.org/@effect/sql-sqlite-do/-/sql-sqlite-do-4.0.0-rc.115.tgz. Extracting by manifest.
5021 silly tarball no local data for @cloudflare/workerd-darwin-arm64@https://registry.npmjs.org/@cloudflare/workerd-darwin-arm64/-/workerd-darwin-arm64-1.20260901.1.tgz. Extracting by manifest.
5022 silly tarball no local data for @cloudflare/unenv-preset@https://registry.npmjs.org/@cloudflare/unenv-preset/-/unenv-preset-2.16.2.tgz. Extracting by manifest.
5023 silly tarball no local data for @effect/sql-d1@https://registry.npmjs.org/@effect/sql-d1/-/sql-d1-4.0.0-rc.115.tgz. Extracting by manifest.
5024 silly tarball no local data for @cloudflare/workers-types@https://registry.npmjs.org/@cloudflare/workers-types/-/workers-types-5.20261008.1.tgz. Extracting by manifest.
5025 silly tarball no local data for @types/aws-lambda@https://registry.npmjs.org/@types/aws-lambda/-/aws-lambda-8.10.164.tgz. Extracting by manifest.
5026 silly tarball no local data for @chevrotain/gast@https://registry.npmjs.org/@chevrotain/gast/-/gast-10.5.0.tgz. Extracting by manifest.
5027 silly tarball no local data for @chevrotain/types@https://registry.npmjs.org/@chevrotain/types/-/types-10.5.0.tgz. Extracting by manifest.
5028 silly tarball no local data for @aws-sdk/types@https://registry.npmjs.org/@aws-sdk/types/-/types-3.974.6.tgz. Extracting by manifest.
5029 silly tarball no local data for @chevrotain/utils@https://registry.npmjs.org/@chevrotain/utils/-/utils-10.5.0.tgz. Extracting by manifest.
5030 silly tarball no local data for @clack/core@https://registry.npmjs.org/@clack/core/-/core-1.4.0.tgz. Extracting by manifest.
5031 silly tarball no local data for @clack/prompts@https://registry.npmjs.org/@clack/prompts/-/prompts-1.5.0.tgz. Extracting by manifest.
5032 silly tarball no local data for @babel/parser@https://registry.npmjs.org/@babel/parser/-/parser-7.29.9.tgz. Extracting by manifest.
5033 silly tarball no local data for @aws-sdk/credential-provider-sso@https://registry.npmjs.org/@aws-sdk/credential-provider-sso/-/credential-provider-sso-3.973.16.tgz. Extracting by manifest.
5034 silly tarball no local data for @chevrotain/cst-dts-gen@https://registry.npmjs.org/@chevrotain/cst-dts-gen/-/cst-dts-gen-10.5.0.tgz. Extracting by manifest.
5035 silly tarball no local data for @babel/helper-string-parser@https://registry.npmjs.org/@babel/helper-string-parser/-/helper-string-parser-7.29.7.tgz. Extracting by manifest.
5036 silly tarball no local data for @aws-sdk/token-providers@https://registry.npmjs.org/@aws-sdk/token-providers/-/token-providers-3.1138.0.tgz. Extracting by manifest.
5037 silly tarball no local data for @aws-sdk/xml-builder@https://registry.npmjs.org/@aws-sdk/xml-builder/-/xml-builder-3.972.41.tgz. Extracting by manifest.
5038 silly tarball no local data for @aws-sdk/signature-v4-multi-region@https://registry.npmjs.org/@aws-sdk/signature-v4-multi-region/-/signature-v4-multi-region-3.996.47.tgz. Extracting by manifest.
5039 silly tarball no local data for @babel/helper-validator-identifier@https://registry.npmjs.org/@babel/helper-validator-identifier/-/helper-validator-identifier-7.29.7.tgz. Extracting by manifest.
5040 silly tarball no local data for @aws-sdk/nested-clients@https://registry.npmjs.org/@aws-sdk/nested-clients/-/nested-clients-3.997.46.tgz. Extracting by manifest.
5041 silly tarball no local data for @babel/types@https://registry.npmjs.org/@babel/types/-/types-7.29.8.tgz. Extracting by manifest.
5042 silly tarball no local data for @aws-sdk/credential-provider-web-identity@https://registry.npmjs.org/@aws-sdk/credential-provider-web-identity/-/credential-provider-web-identity-3.972.78.tgz. Extracting by manifest.
5043 silly tarball no local data for @aws-sdk/credential-providers@https://registry.npmjs.org/@aws-sdk/credential-providers/-/credential-providers-3.1148.0.tgz. Extracting by manifest.
5044 silly tarball no local data for @aws-sdk/credential-provider-ini@https://registry.npmjs.org/@aws-sdk/credential-provider-ini/-/credential-provider-ini-3.973.17.tgz. Extracting by manifest.
5045 silly tarball no local data for @aws-sdk/credential-provider-login@https://registry.npmjs.org/@aws-sdk/credential-provider-login/-/credential-provider-login-3.972.79.tgz. Extracting by manifest.
5046 silly tarball no local data for @ark/util@https://registry.npmjs.org/@ark/util/-/util-0.56.7.tgz. Extracting by manifest.
5047 silly tarball no local data for @aws-sdk/credential-provider-env@https://registry.npmjs.org/@aws-sdk/credential-provider-env/-/credential-provider-env-3.972.72.tgz. Extracting by manifest.
5048 silly tarball no local data for @aws-sdk/credential-provider-node@https://registry.npmjs.org/@aws-sdk/credential-provider-node/-/credential-provider-node-3.972.84.tgz. Extracting by manifest.
5049 silly tarball no local data for @aws-sdk/credential-provider-http@https://registry.npmjs.org/@aws-sdk/credential-provider-http/-/credential-provider-http-3.972.74.tgz. Extracting by manifest.
5050 silly tarball no local data for @alchemy.run/node-utils@https://registry.npmjs.org/@alchemy.run/node-utils/-/node-utils-2.0.0-beta.78.tgz. Extracting by manifest.
5051 silly tarball no local data for @ark/schema@https://registry.npmjs.org/@ark/schema/-/schema-0.56.7.tgz. Extracting by manifest.
5052 silly tarball no local data for @aws-sdk/credential-provider-process@https://registry.npmjs.org/@aws-sdk/credential-provider-process/-/credential-provider-process-3.972.72.tgz. Extracting by manifest.
5053 silly tarball no local data for @aws-sdk/core@https://registry.npmjs.org/@aws-sdk/core/-/core-3.978.1.tgz. Extracting by manifest.
5054 silly tarball no local data for zod@https://registry.npmjs.org/zod/-/zod-4.6.5.tgz. Extracting by manifest.
5055 silly tarball no local data for yauzl@https://registry.npmjs.org/yauzl/-/yauzl-3.4.0.tgz. Extracting by manifest.
5056 silly tarball no local data for @aws-sdk/credential-provider-cognito-identity@https://registry.npmjs.org/@aws-sdk/credential-provider-cognito-identity/-/credential-provider-cognito-identity-3.972.71.tgz. Extracting by manifest.
5057 silly tarball no local data for @aws/lambda-invoke-store@https://registry.npmjs.org/@aws/lambda-invoke-store/-/lambda-invoke-store-0.3.0.tgz. Extracting by manifest.
5058 silly tarball no local data for yoctocolors@https://registry.npmjs.org/yoctocolors/-/yoctocolors-2.2.0.tgz. Extracting by manifest.
5059 silly tarball no local data for xtend@https://registry.npmjs.org/xtend/-/xtend-4.0.2.tgz. Extracting by manifest.
5060 silly tarball no local data for which@https://registry.npmjs.org/which/-/which-2.0.2.tgz. Extracting by manifest.
5061 silly tarball no local data for yaml@https://registry.npmjs.org/yaml/-/yaml-2.9.1.tgz. Extracting by manifest.
5062 silly tarball no local data for xml-naming@https://registry.npmjs.org/xml-naming/-/xml-naming-0.3.0.tgz. Extracting by manifest.
5063 silly tarball no local data for zeptomatch@https://registry.npmjs.org/zeptomatch/-/zeptomatch-2.1.0.tgz. Extracting by manifest.
5064 silly tarball no local data for ws@https://registry.npmjs.org/ws/-/ws-8.22.0.tgz. Extracting by manifest.
5065 silly tarball no local data for why-is-node-running@https://registry.npmjs.org/why-is-node-running/-/why-is-node-running-3.2.1.tgz. Extracting by manifest.
5066 silly tarball no local data for undici@https://registry.npmjs.org/undici/-/undici-7.30.0.tgz. Extracting by manifest.
5067 silly tarball no local data for workerd@https://registry.npmjs.org/workerd/-/workerd-1.20260901.1.tgz. Extracting by manifest.
5068 silly tarball no local data for vscode-languageserver-protocol@https://registry.npmjs.org/vscode-languageserver-protocol/-/vscode-languageserver-protocol-3.18.2.tgz. Extracting by manifest.
5069 silly tarball no local data for web-streams-polyfill@https://registry.npmjs.org/web-streams-polyfill/-/web-streams-polyfill-3.3.3.tgz. Extracting by manifest.
5070 silly tarball no local data for vscode-languageserver@https://registry.npmjs.org/vscode-languageserver/-/vscode-languageserver-10.1.0.tgz. Extracting by manifest.
5071 silly tarball no local data for vscode-languageserver-types@https://registry.npmjs.org/vscode-languageserver-types/-/vscode-languageserver-types-3.18.0.tgz. Extracting by manifest.
5072 silly tarball no local data for vscode-jsonrpc@https://registry.npmjs.org/vscode-jsonrpc/-/vscode-jsonrpc-9.0.1.tgz. Extracting by manifest.
5073 silly tarball no local data for unenv@https://registry.npmjs.org/unenv/-/unenv-2.0.0-rc.24.tgz. Extracting by manifest.
5074 silly tarball no local data for typanion@https://registry.npmjs.org/typanion/-/typanion-3.14.0.tgz. Extracting by manifest.
5075 silly tarball no local data for vscode-languageserver-textdocument@https://registry.npmjs.org/vscode-languageserver-textdocument/-/vscode-languageserver-textdocument-1.0.12.tgz. Extracting by manifest.
5076 silly tarball no local data for universal-user-agent@https://registry.npmjs.org/universal-user-agent/-/universal-user-agent-7.0.3.tgz. Extracting by manifest.
5077 silly tarball no local data for valibot@https://registry.npmjs.org/valibot/-/valibot-1.2.0.tgz. Extracting by manifest.
5078 silly tarball no local data for uniku@https://registry.npmjs.org/uniku/-/uniku-0.5.0.tgz. Extracting by manifest.
5079 silly tarball no local data for unicorn-magic@https://registry.npmjs.org/unicorn-magic/-/unicorn-magic-0.3.0.tgz. Extracting by manifest.
5080 silly tarball no local data for undici-types@https://registry.npmjs.org/undici-types/-/undici-types-8.3.0.tgz. Extracting by manifest.
5081 silly tarball no local data for tinybench@https://registry.npmjs.org/tinybench/-/tinybench-6.2.1.tgz. Extracting by manifest.
5082 silly tarball no local data for typescript@https://registry.npmjs.org/typescript/-/typescript-7.0.2.tgz. Extracting by manifest.
5083 silly tarball no local data for ts-toolbelt@https://registry.npmjs.org/ts-toolbelt/-/ts-toolbelt-9.6.0.tgz. Extracting by manifest.
5084 silly tarball no local data for tinyexec@https://registry.npmjs.org/tinyexec/-/tinyexec-1.3.1.tgz. Extracting by manifest.
5085 silly tarball no local data for tinyglobby@https://registry.npmjs.org/tinyglobby/-/tinyglobby-0.2.17.tgz. Extracting by manifest.
5086 silly tarball no local data for text-decoder@https://registry.npmjs.org/text-decoder/-/text-decoder-1.2.7.tgz. Extracting by manifest.
5087 silly tarball no local data for tar@https://registry.npmjs.org/tar/-/tar-7.5.22.tgz. Extracting by manifest.
5088 silly tarball no local data for teex@https://registry.npmjs.org/teex/-/teex-1.0.1.tgz. Extracting by manifest.
5089 silly tarball no local data for tar-stream@https://registry.npmjs.org/tar-stream/-/tar-stream-3.2.2.tgz. Extracting by manifest.
5090 silly tarball no local data for strnum@https://registry.npmjs.org/strnum/-/strnum-2.4.2.tgz. Extracting by manifest.
5091 silly tarball no local data for tiny-invariant@https://registry.npmjs.org/tiny-invariant/-/tiny-invariant-1.3.3.tgz. Extracting by manifest.
5092 silly tarball no local data for streamx@https://registry.npmjs.org/streamx/-/streamx-2.28.1.tgz. Extracting by manifest.
5093 silly tarball no local data for strip-final-newline@https://registry.npmjs.org/strip-final-newline/-/strip-final-newline-4.0.0.tgz. Extracting by manifest.
5094 silly tarball no local data for string-width@https://registry.npmjs.org/string-width/-/string-width-4.2.3.tgz. Extracting by manifest.
5095 silly tarball no local data for std-env@https://registry.npmjs.org/std-env/-/std-env-4.3.0.tgz. Extracting by manifest.
5096 silly tarball no local data for source-map-js@https://registry.npmjs.org/source-map-js/-/source-map-js-1.2.2.tgz. Extracting by manifest.
5097 silly tarball no local data for split2@https://registry.npmjs.org/split2/-/split2-4.2.0.tgz. Extracting by manifest.
5098 silly tarball no local data for strip-ansi@https://registry.npmjs.org/strip-ansi/-/strip-ansi-6.0.1.tgz. Extracting by manifest.
5099 silly tarball no local data for sisteransi@https://registry.npmjs.org/sisteransi/-/sisteransi-1.0.5.tgz. Extracting by manifest.
5100 silly tarball no local data for sharp@https://registry.npmjs.org/sharp/-/sharp-0.35.5.tgz. Extracting by manifest.
5101 silly tarball no local data for signal-exit@https://registry.npmjs.org/signal-exit/-/signal-exit-4.1.0.tgz. Extracting by manifest.
5102 silly tarball no local data for shebang-command@https://registry.npmjs.org/shebang-command/-/shebang-command-2.0.0.tgz. Extracting by manifest.
5103 silly tarball no local data for run-applescript@https://registry.npmjs.org/run-applescript/-/run-applescript-7.1.0.tgz. Extracting by manifest.
5104 silly tarball no local data for semver@https://registry.npmjs.org/semver/-/semver-7.8.5.tgz. Extracting by manifest.
5105 silly tarball no local data for rolldown@https://registry.npmjs.org/rolldown/-/rolldown-1.2.13.tgz. Extracting by manifest.
5106 silly tarball no local data for retry@https://registry.npmjs.org/retry/-/retry-0.13.1.tgz. Extracting by manifest.
5107 silly tarball no local data for remeda@https://registry.npmjs.org/remeda/-/remeda-2.33.4.tgz. Extracting by manifest.
5108 silly tarball no local data for resolve-from@https://registry.npmjs.org/resolve-from/-/resolve-from-5.0.0.tgz. Extracting by manifest.
5109 silly tarball no local data for readdirp@https://registry.npmjs.org/readdirp/-/readdirp-5.1.1.tgz. Extracting by manifest.
5110 silly tarball no local data for react-reconciler@https://registry.npmjs.org/react-reconciler/-/react-reconciler-0.34.0.tgz. Extracting by manifest.
5111 silly tarball no local data for react@https://registry.npmjs.org/react/-/react-19.3.0.tgz. Extracting by manifest.
5112 silly tarball no local data for regexp-to-ast@https://registry.npmjs.org/regexp-to-ast/-/regexp-to-ast-0.5.0.tgz. Extracting by manifest.
5113 silly tarball no local data for shebang-regex@https://registry.npmjs.org/shebang-regex/-/shebang-regex-3.0.0.tgz. Extracting by manifest.
5114 silly tarball no local data for rc9@https://registry.npmjs.org/rc9/-/rc9-3.1.0.tgz. Extracting by manifest.
5115 silly tarball no local data for proxy-from-env@https://registry.npmjs.org/proxy-from-env/-/proxy-from-env-2.1.0.tgz. Extracting by manifest.
5116 silly tarball no local data for pretty-ms@https://registry.npmjs.org/pretty-ms/-/pretty-ms-9.3.1.tgz. Extracting by manifest.
5117 silly tarball no local data for proper-lockfile@https://registry.npmjs.org/proper-lockfile/-/proper-lockfile-4.1.2.tgz. Extracting by manifest.
5118 silly tarball no local data for powershell-utils@https://registry.npmjs.org/powershell-utils/-/powershell-utils-0.2.1.tgz. Extracting by manifest.
5119 silly tarball no local data for promise-limit@https://registry.npmjs.org/promise-limit/-/promise-limit-2.7.0.tgz. Extracting by manifest.
5120 silly tarball no local data for prisma@https://registry.npmjs.org/prisma/-/prisma-8.0.0-rc.22.tgz. Extracting by manifest.
5121 silly tarball no local data for protobufjs@https://registry.npmjs.org/protobufjs/-/protobufjs-7.6.6.tgz. Extracting by manifest.
5122 silly tarball no local data for postgres-bytea@https://registry.npmjs.org/postgres-bytea/-/postgres-bytea-1.0.1.tgz. Extracting by manifest.
5123 silly tarball no local data for postgres-interval@https://registry.npmjs.org/postgres-interval/-/postgres-interval-1.2.0.tgz. Extracting by manifest.
5124 silly tarball no local data for postgres-array@https://registry.npmjs.org/postgres-array/-/postgres-array-2.0.0.tgz. Extracting by manifest.
5125 silly tarball no local data for prettier@https://registry.npmjs.org/prettier/-/prettier-3.9.9.tgz. Extracting by manifest.
5126 silly tarball no local data for postcss@https://registry.npmjs.org/postcss/-/postcss-8.5.29.tgz. Extracting by manifest.
5127 silly tarball no local data for postgres-date@https://registry.npmjs.org/postgres-date/-/postgres-date-1.0.7.tgz. Extracting by manifest.
5128 silly tarball no local data for pg-protocol@https://registry.npmjs.org/pg-protocol/-/pg-protocol-1.16.1.tgz. Extracting by manifest.
5129 silly tarball no local data for picomatch@https://registry.npmjs.org/picomatch/-/picomatch-4.0.7.tgz. Extracting by manifest.
5130 silly tarball no local data for pkg-types@https://registry.npmjs.org/pkg-types/-/pkg-types-2.3.3.tgz. Extracting by manifest.
5131 silly tarball no local data for pluralize@https://registry.npmjs.org/pluralize/-/pluralize-8.0.0.tgz. Extracting by manifest.
5132 silly tarball no local data for pg-cursor@https://registry.npmjs.org/pg-cursor/-/pg-cursor-2.22.1.tgz. Extracting by manifest.
5133 silly tarball no local data for pgpass@https://registry.npmjs.org/pgpass/-/pgpass-1.0.5.tgz. Extracting by manifest.
5134 silly tarball no local data for pg-types@https://registry.npmjs.org/pg-types/-/pg-types-2.2.0.tgz. Extracting by manifest.
5135 silly tarball no local data for pg-pool@https://registry.npmjs.org/pg-pool/-/pg-pool-3.14.0.tgz. Extracting by manifest.
5136 silly tarball no local data for path-scurry@https://registry.npmjs.org/path-scurry/-/path-scurry-2.0.2.tgz. Extracting by manifest.
5137 silly tarball no local data for pend@https://registry.npmjs.org/pend/-/pend-1.2.0.tgz. Extracting by manifest.
5138 silly tarball no local data for pg-connection-string@https://registry.npmjs.org/pg-connection-string/-/pg-connection-string-2.14.1.tgz. Extracting by manifest.
5139 silly tarball no local data for pg-int8@https://registry.npmjs.org/pg-int8/-/pg-int8-1.0.1.tgz. Extracting by manifest.
5140 silly tarball no local data for pg@https://registry.npmjs.org/pg/-/pg-8.22.0.tgz. Extracting by manifest.
5141 silly tarball no local data for perfect-debounce@https://registry.npmjs.org/perfect-debounce/-/perfect-debounce-2.1.0.tgz. Extracting by manifest.
5142 silly tarball no local data for pathe@https://registry.npmjs.org/pathe/-/pathe-2.0.3.tgz. Extracting by manifest.
5143 silly tarball no local data for pg-cloudflare@https://registry.npmjs.org/pg-cloudflare/-/pg-cloudflare-1.4.1.tgz. Extracting by manifest.
5144 silly tarball no local data for path-key@https://registry.npmjs.org/path-key/-/path-key-3.1.1.tgz. Extracting by manifest.
5145 silly tarball no local data for openapi-typescript-helpers@https://registry.npmjs.org/openapi-typescript-helpers/-/openapi-typescript-helpers-0.0.15.tgz. Extracting by manifest.
5146 silly tarball no local data for parse-ms@https://registry.npmjs.org/parse-ms/-/parse-ms-4.0.0.tgz. Extracting by manifest.
5147 silly tarball no local data for package-manager-detector@https://registry.npmjs.org/package-manager-detector/-/package-manager-detector-1.8.0.tgz. Extracting by manifest.
5148 silly tarball no local data for obug@https://registry.npmjs.org/obug/-/obug-2.2.1.tgz. Extracting by manifest.
5149 silly tarball no local data for p-retry@https://registry.npmjs.org/p-retry/-/p-retry-4.6.2.tgz. Extracting by manifest.
5150 silly tarball no local data for open@https://registry.npmjs.org/open/-/open-11.0.4.tgz. Extracting by manifest.
5151 silly tarball no local data for path-expression-matcher@https://registry.npmjs.org/path-expression-matcher/-/path-expression-matcher-1.6.2.tgz. Extracting by manifest.
5152 silly tarball no local data for openapi-fetch@https://registry.npmjs.org/openapi-fetch/-/openapi-fetch-0.14.0.tgz. Extracting by manifest.
5153 silly tarball no local data for nopt@https://registry.npmjs.org/nopt/-/nopt-8.1.0.tgz. Extracting by manifest.
5154 silly tarball no local data for npm-run-path@https://registry.npmjs.org/npm-run-path/-/npm-run-path-6.0.0.tgz. Extracting by manifest.
5155 silly tarball no local data for picocolors@https://registry.npmjs.org/picocolors/-/picocolors-1.1.1.tgz. Extracting by manifest.
5156 silly tarball no local data for nanoid@https://registry.npmjs.org/nanoid/-/nanoid-3.3.20.tgz. Extracting by manifest.
5157 silly tarball no local data for node-addon-api@https://registry.npmjs.org/node-addon-api/-/node-addon-api-8.9.2.tgz. Extracting by manifest.
5158 silly tarball no local data for giget@https://registry.npmjs.org/giget/-/giget-3.3.1.tgz. Extracting by manifest.
5159 silly tarball no local data for modern-tar@https://registry.npmjs.org/modern-tar/-/modern-tar-0.8.5.tgz. Extracting by manifest.
5160 silly tarball no local data for minizlib@https://registry.npmjs.org/minizlib/-/minizlib-3.1.0.tgz. Extracting by manifest.
5161 silly tarball no local data for ms@https://registry.npmjs.org/ms/-/ms-2.1.3.tgz. Extracting by manifest.
5162 silly tarball no local data for minipass@https://registry.npmjs.org/minipass/-/minipass-7.1.3.tgz. Extracting by manifest.
5163 silly tarball no local data for lru-cache@https://registry.npmjs.org/lru-cache/-/lru-cache-11.5.3.tgz. Extracting by manifest.
5164 silly tarball no local data for node-gyp-build@https://registry.npmjs.org/node-gyp-build/-/node-gyp-build-4.8.4.tgz. Extracting by manifest.
5165 silly tarball no local data for magicast@https://registry.npmjs.org/magicast/-/magicast-0.5.5.tgz. Extracting by manifest.
5166 silly tarball no local data for long@https://registry.npmjs.org/long/-/long-4.0.0.tgz. Extracting by manifest.
5167 silly tarball no local data for node-domexception@https://registry.npmjs.org/node-domexception/-/node-domexception-1.0.0.tgz. Extracting by manifest.
5168 silly tarball no local data for magic-string@https://registry.npmjs.org/magic-string/-/magic-string-1.4.3.tgz. Extracting by manifest.
5169 silly tarball no local data for lodash.isplainobject@https://registry.npmjs.org/lodash.isplainobject/-/lodash.isplainobject-4.0.6.tgz. Extracting by manifest.
5170 silly tarball no local data for lodash.isstring@https://registry.npmjs.org/lodash.isstring/-/lodash.isstring-4.0.1.tgz. Extracting by manifest.
5171 silly tarball no local data for lodash@https://registry.npmjs.org/lodash/-/lodash-4.17.21.tgz. Extracting by manifest.
5172 silly tarball no local data for lodash.isinteger@https://registry.npmjs.org/lodash.isinteger/-/lodash.isinteger-4.0.4.tgz. Extracting by manifest.
5173 silly tarball no local data for lodash.includes@https://registry.npmjs.org/lodash.includes/-/lodash.includes-4.3.0.tgz. Extracting by manifest.
5174 silly tarball no local data for lodash.isnumber@https://registry.npmjs.org/lodash.isnumber/-/lodash.isnumber-3.0.3.tgz. Extracting by manifest.
5175 silly tarball no local data for lightningcss@https://registry.npmjs.org/lightningcss/-/lightningcss-1.33.0.tgz. Extracting by manifest.
5176 silly tarball no local data for lodash.isboolean@https://registry.npmjs.org/lodash.isboolean/-/lodash.isboolean-3.0.3.tgz. Extracting by manifest.
5177 silly tarball no local data for lodash.once@https://registry.npmjs.org/lodash.once/-/lodash.once-4.1.1.tgz. Extracting by manifest.
5178 silly tarball no local data for lightningcss-darwin-arm64@https://registry.npmjs.org/lightningcss-darwin-arm64/-/lightningcss-darwin-arm64-1.33.0.tgz. Extracting by manifest.
5179 silly tarball no local data for lilconfig@https://registry.npmjs.org/lilconfig/-/lilconfig-2.1.0.tgz. Extracting by manifest.
5180 silly tarball no local data for libsodium-wrappers@https://registry.npmjs.org/libsodium-wrappers/-/libsodium-wrappers-0.8.4.tgz. Extracting by manifest.
5181 silly tarball no local data for ohash@https://registry.npmjs.org/ohash/-/ohash-2.0.12.tgz. Extracting by manifest.
5182 silly tarball no local data for libsql@https://registry.npmjs.org/libsql/-/libsql-0.5.29.tgz. Extracting by manifest.
5183 silly tarball no local data for jsonwebtoken@https://registry.npmjs.org/jsonwebtoken/-/jsonwebtoken-9.0.3.tgz. Extracting by manifest.
5184 silly tarball no local data for libsodium@https://registry.npmjs.org/libsodium/-/libsodium-0.8.4.tgz. Extracting by manifest.
5185 silly tarball no local data for json-with-bigint@https://registry.npmjs.org/json-with-bigint/-/json-with-bigint-3.5.12.tgz. Extracting by manifest.
5186 silly tarball no local data for jws@https://registry.npmjs.org/jws/-/jws-4.0.1.tgz. Extracting by manifest.
5187 silly tarball no local data for jwa@https://registry.npmjs.org/jwa/-/jwa-2.0.1.tgz. Extracting by manifest.
5188 silly tarball no local data for jsonc-parser@https://registry.npmjs.org/jsonc-parser/-/jsonc-parser-3.3.1.tgz. Extracting by manifest.
5189 silly tarball no local data for json-bigint@https://registry.npmjs.org/json-bigint/-/json-bigint-1.0.0.tgz. Extracting by manifest.
5190 silly tarball no local data for jju@https://registry.npmjs.org/jju/-/jju-1.4.0.tgz. Extracting by manifest.
5191 silly tarball no local data for is-unsafe@https://registry.npmjs.org/is-unsafe/-/is-unsafe-2.0.2.tgz. Extracting by manifest.
5192 silly tarball no local data for js-base64@https://registry.npmjs.org/js-base64/-/js-base64-3.9.4.tgz. Extracting by manifest.
5193 silly tarball no local data for is-plain-obj@https://registry.npmjs.org/is-plain-obj/-/is-plain-obj-4.1.0.tgz. Extracting by manifest.
5194 silly tarball no local data for isexe@https://registry.npmjs.org/isexe/-/isexe-2.0.0.tgz. Extracting by manifest.
5195 silly tarball no local data for is-wsl@https://registry.npmjs.org/is-wsl/-/is-wsl-3.1.1.tgz. Extracting by manifest.
5196 silly tarball no local data for is-stream@https://registry.npmjs.org/is-stream/-/is-stream-4.0.1.tgz. Extracting by manifest.
5197 silly tarball no local data for jiti@https://registry.npmjs.org/jiti/-/jiti-2.7.0.tgz. Extracting by manifest.
5198 silly tarball no local data for is-inside-container@https://registry.npmjs.org/is-inside-container/-/is-inside-container-1.0.0.tgz. Extracting by manifest.
5199 silly tarball no local data for http-status-codes@https://registry.npmjs.org/http-status-codes/-/http-status-codes-2.3.0.tgz. Extracting by manifest.
5200 silly tarball no local data for human-signals@https://registry.npmjs.org/human-signals/-/human-signals-8.0.1.tgz. Extracting by manifest.
5201 silly tarball no local data for is-in-ssh@https://registry.npmjs.org/is-in-ssh/-/is-in-ssh-1.0.0.tgz. Extracting by manifest.
5202 silly tarball no local data for hono@https://registry.npmjs.org/hono/-/hono-4.11.4.tgz. Extracting by manifest.
5203 silly tarball no local data for https-proxy-agent@https://registry.npmjs.org/https-proxy-agent/-/https-proxy-agent-5.0.1.tgz. Extracting by manifest.
5204 silly tarball no local data for hasown@https://registry.npmjs.org/hasown/-/hasown-2.0.4.tgz. Extracting by manifest.
5205 silly tarball no local data for fast-string-truncated-width@https://registry.npmjs.org/fast-string-truncated-width/-/fast-string-truncated-width-3.0.3.tgz. Extracting by manifest.
5206 silly tarball no local data for is-unicode-supported@https://registry.npmjs.org/is-unicode-supported/-/is-unicode-supported-2.1.0.tgz. Extracting by manifest.
5207 silly tarball no local data for is-docker@https://registry.npmjs.org/is-docker/-/is-docker-3.0.0.tgz. Extracting by manifest.
5208 silly tarball no local data for grammex@https://registry.npmjs.org/grammex/-/grammex-3.1.13.tgz. Extracting by manifest.
5209 silly tarball no local data for graceful-fs@https://registry.npmjs.org/graceful-fs/-/graceful-fs-4.2.11.tgz. Extracting by manifest.
5210 silly tarball no local data for google-logging-utils@https://registry.npmjs.org/google-logging-utils/-/google-logging-utils-1.1.3.tgz. Extracting by manifest.
5211 silly tarball no local data for get-stream@https://registry.npmjs.org/get-stream/-/get-stream-9.0.1.tgz. Extracting by manifest.
5212 silly tarball no local data for get-port-please@https://registry.npmjs.org/get-port-please/-/get-port-please-3.2.0.tgz. Extracting by manifest.
5213 silly tarball no local data for graphmatch@https://registry.npmjs.org/graphmatch/-/graphmatch-1.1.1.tgz. Extracting by manifest.
5214 silly tarball no local data for get-east-asian-width@https://registry.npmjs.org/get-east-asian-width/-/get-east-asian-width-1.7.0.tgz. Extracting by manifest.
5215 silly tarball no local data for gaxios@https://registry.npmjs.org/gaxios/-/gaxios-7.3.1.tgz. Extracting by manifest.
5216 silly tarball no local data for gcp-metadata@https://registry.npmjs.org/gcp-metadata/-/gcp-metadata-8.1.2.tgz. Extracting by manifest.
5217 silly tarball no local data for fsevents@https://registry.npmjs.org/fsevents/-/fsevents-2.3.3.tgz. Extracting by manifest.
5218 silly tarball no local data for formdata-polyfill@https://registry.npmjs.org/formdata-polyfill/-/formdata-polyfill-4.0.10.tgz. Extracting by manifest.
5219 silly tarball no local data for form-data@https://registry.npmjs.org/form-data/-/form-data-4.0.6.tgz. Extracting by manifest.
5220 silly tarball no local data for follow-redirects@https://registry.npmjs.org/follow-redirects/-/follow-redirects-1.16.1.tgz. Extracting by manifest.
5221 silly tarball no local data for google-auth-library@https://registry.npmjs.org/google-auth-library/-/google-auth-library-10.9.1.tgz. Extracting by manifest.
5222 silly tarball no local data for fdir@https://registry.npmjs.org/fdir/-/fdir-6.5.0.tgz. Extracting by manifest.
5223 silly tarball no local data for file-uri-to-path@https://registry.npmjs.org/file-uri-to-path/-/file-uri-to-path-1.0.0.tgz. Extracting by manifest.
5224 silly tarball no local data for foreground-child@https://registry.npmjs.org/foreground-child/-/foreground-child-3.3.1.tgz. Extracting by manifest.
5225 silly tarball no local data for fetch-blob@https://registry.npmjs.org/fetch-blob/-/fetch-blob-3.2.0.tgz. Extracting by manifest.
5226 silly tarball no local data for figures@https://registry.npmjs.org/figures/-/figures-6.1.0.tgz. Extracting by manifest.
5227 silly tarball no local data for fast-xml-builder@https://registry.npmjs.org/fast-xml-builder/-/fast-xml-builder-1.3.1.tgz. Extracting by manifest.
5228 silly tarball no local data for fast-xml-parser@https://registry.npmjs.org/fast-xml-parser/-/fast-xml-parser-5.11.2.tgz. Extracting by manifest.
5229 silly tarball no local data for fast-fifo@https://registry.npmjs.org/fast-fifo/-/fast-fifo-1.3.2.tgz. Extracting by manifest.
5230 silly tarball no local data for fast-wrap-ansi@https://registry.npmjs.org/fast-wrap-ansi/-/fast-wrap-ansi-0.2.2.tgz. Extracting by manifest.
5231 silly tarball no local data for exsolve@https://registry.npmjs.org/exsolve/-/exsolve-1.1.3.tgz. Extracting by manifest.
5232 silly tarball no local data for execa@https://registry.npmjs.org/execa/-/execa-9.6.1.tgz. Extracting by manifest.
5233 silly tarball no local data for extend@https://registry.npmjs.org/extend/-/extend-3.0.2.tgz. Extracting by manifest.
5234 silly tarball no local data for estree-walker@https://registry.npmjs.org/estree-walker/-/estree-walker-2.0.2.tgz. Extracting by manifest.
5235 silly tarball no local data for expect-type@https://registry.npmjs.org/expect-type/-/expect-type-1.4.0.tgz. Extracting by manifest.
5236 silly tarball no local data for effect@https://registry.npmjs.org/effect/-/effect-4.0.0-rc.115.tgz. Extracting by manifest.
5237 silly tarball no local data for dotenv@https://registry.npmjs.org/dotenv/-/dotenv-17.4.2.tgz. Extracting by manifest.
5238 silly tarball no local data for es-module-lexer@https://registry.npmjs.org/es-module-lexer/-/es-module-lexer-2.3.2.tgz. Extracting by manifest.
5239 silly tarball no local data for fast-string-width@https://registry.npmjs.org/fast-string-width/-/fast-string-width-3.0.2.tgz. Extracting by manifest.
5240 silly tarball no local data for detect-libc@https://registry.npmjs.org/detect-libc/-/detect-libc-2.1.2.tgz. Extracting by manifest.
5241 silly tarball no local data for events-universal@https://registry.npmjs.org/events-universal/-/events-universal-1.0.1.tgz. Extracting by manifest.
5242 silly tarball no local data for defu@https://registry.npmjs.org/defu/-/defu-6.1.7.tgz. Extracting by manifest.
5243 silly tarball no local data for ecdsa-sig-formatter@https://registry.npmjs.org/ecdsa-sig-formatter/-/ecdsa-sig-formatter-1.0.11.tgz. Extracting by manifest.
5244 silly tarball no local data for default-browser@https://registry.npmjs.org/default-browser/-/default-browser-5.5.1.tgz. Extracting by manifest.
5245 silly tarball no local data for esbuild@https://registry.npmjs.org/esbuild/-/esbuild-0.28.2.tgz. Extracting by manifest.
5246 silly tarball no local data for debug@https://registry.npmjs.org/debug/-/debug-4.4.3.tgz. Extracting by manifest.
5247 silly tarball no local data for destr@https://registry.npmjs.org/destr/-/destr-2.0.5.tgz. Extracting by manifest.
5248 silly tarball no local data for data-uri-to-buffer@https://registry.npmjs.org/data-uri-to-buffer/-/data-uri-to-buffer-4.0.1.tgz. Extracting by manifest.
5249 silly tarball no local data for cross-spawn@https://registry.npmjs.org/cross-spawn/-/cross-spawn-7.0.6.tgz. Extracting by manifest.
5250 silly tarball no local data for content-type@https://registry.npmjs.org/content-type/-/content-type-3.1.1.tgz. Extracting by manifest.
5251 silly tarball no local data for consola@https://registry.npmjs.org/consola/-/consola-3.4.2.tgz. Extracting by manifest.
5252 silly tarball no local data for default-browser-id@https://registry.npmjs.org/default-browser-id/-/default-browser-id-5.0.1.tgz. Extracting by manifest.
5253 silly tarball no local data for colorette@https://registry.npmjs.org/colorette/-/colorette-2.0.20.tgz. Extracting by manifest.
5254 silly tarball no local data for ci-info@https://registry.npmjs.org/ci-info/-/ci-info-4.4.0.tgz. Extracting by manifest.
5255 silly tarball no local data for chownr@https://registry.npmjs.org/chownr/-/chownr-3.0.0.tgz. Extracting by manifest.
5256 silly tarball no local data for define-lazy-prop@https://registry.npmjs.org/define-lazy-prop/-/define-lazy-prop-3.0.0.tgz. Extracting by manifest.
5257 silly tarball no local data for confbox@https://registry.npmjs.org/confbox/-/confbox-0.2.4.tgz. Extracting by manifest.
5258 silly tarball no local data for clipanion@https://registry.npmjs.org/clipanion/-/clipanion-4.0.0-rc.4.tgz. Extracting by manifest.
5259 silly tarball no local data for closest-match@https://registry.npmjs.org/closest-match/-/closest-match-1.3.3.tgz. Extracting by manifest.
5260 silly tarball no local data for bowser@https://registry.npmjs.org/bowser/-/bowser-2.14.1.tgz. Extracting by manifest.
5261 silly tarball no local data for chai@https://registry.npmjs.org/chai/-/chai-6.3.0.tgz. Extracting by manifest.
5262 silly tarball no local data for capnweb@https://registry.npmjs.org/capnweb/-/capnweb-0.12.0.tgz. Extracting by manifest.
5263 silly tarball no local data for bundle-name@https://registry.npmjs.org/bundle-name/-/bundle-name-4.1.1.tgz. Extracting by manifest.
5264 silly tarball no local data for better-result@https://registry.npmjs.org/better-result/-/better-result-2.10.0.tgz. Extracting by manifest.
5265 silly tarball no local data for c12@https://registry.npmjs.org/c12/-/c12-3.3.4.tgz. Extracting by manifest.
5266 silly tarball no local data for buffer-equal-constant-time@https://registry.npmjs.org/buffer-equal-constant-time/-/buffer-equal-constant-time-1.0.1.tgz. Extracting by manifest.
5267 silly tarball no local data for bignumber.js@https://registry.npmjs.org/bignumber.js/-/bignumber.js-9.3.1.tgz. Extracting by manifest.
5268 silly tarball no local data for bindings@https://registry.npmjs.org/bindings/-/bindings-1.5.0.tgz. Extracting by manifest.
5269 silly tarball no local data for before-after-hook@https://registry.npmjs.org/before-after-hook/-/before-after-hook-4.0.0.tgz. Extracting by manifest.
5270 silly tarball no local data for bare-path@https://registry.npmjs.org/bare-path/-/bare-path-3.1.2.tgz. Extracting by manifest.
5271 silly tarball no local data for chokidar@https://registry.npmjs.org/chokidar/-/chokidar-5.0.0.tgz. Extracting by manifest.
5272 silly tarball no local data for chevrotain@https://registry.npmjs.org/chevrotain/-/chevrotain-10.5.0.tgz. Extracting by manifest.
5273 silly tarball no local data for bare-stream@https://registry.npmjs.org/bare-stream/-/bare-stream-2.13.4.tgz. Extracting by manifest.
5274 silly tarball no local data for base64-js@https://registry.npmjs.org/base64-js/-/base64-js-1.5.1.tgz. Extracting by manifest.
5275 silly tarball no local data for bcrypt@https://registry.npmjs.org/bcrypt/-/bcrypt-6.0.0.tgz. Extracting by manifest.
5276 silly tarball no local data for b4a@https://registry.npmjs.org/b4a/-/b4a-1.9.0.tgz. Extracting by manifest.
5277 silly tarball no local data for bare-fs@https://registry.npmjs.org/bare-fs/-/bare-fs-4.8.3.tgz. Extracting by manifest.
5278 silly tarball no local data for bare-events@https://registry.npmjs.org/bare-events/-/bare-events-2.9.2.tgz. Extracting by manifest.
5279 silly tarball no local data for axios@https://registry.npmjs.org/axios/-/axios-1.20.0.tgz. Extracting by manifest.
5280 silly tarball no local data for aws4fetch@https://registry.npmjs.org/aws4fetch/-/aws4fetch-1.0.20.tgz. Extracting by manifest.
5281 silly tarball no local data for async-sema@https://registry.npmjs.org/async-sema/-/async-sema-3.1.1.tgz. Extracting by manifest.
5282 silly tarball no local data for assertion-error@https://registry.npmjs.org/assertion-error/-/assertion-error-2.0.1.tgz. Extracting by manifest.
5283 silly tarball no local data for arkregex@https://registry.npmjs.org/arkregex/-/arkregex-0.0.13.tgz. Extracting by manifest.
5284 silly tarball no local data for anynum@https://registry.npmjs.org/anynum/-/anynum-1.0.1.tgz. Extracting by manifest.
5285 silly tarball no local data for bare-url@https://registry.npmjs.org/bare-url/-/bare-url-2.5.4.tgz. Extracting by manifest.
5286 silly tarball no local data for arktype@https://registry.npmjs.org/arktype/-/arktype-2.2.8.tgz. Extracting by manifest.
5287 silly tarball no local data for abbrev@https://registry.npmjs.org/abbrev/-/abbrev-3.0.1.tgz. Extracting by manifest.
5288 silly tarball no local data for acorn-import-attributes@https://registry.npmjs.org/acorn-import-attributes/-/acorn-import-attributes-1.9.5.tgz. Extracting by manifest.
5289 silly tarball no local data for estree-walker@https://registry.npmjs.org/estree-walker/-/estree-walker-3.0.3.tgz. Extracting by manifest.
5290 silly tarball no local data for acorn@https://registry.npmjs.org/acorn/-/acorn-8.19.0.tgz. Extracting by manifest.
5291 silly tarball no local data for balanced-match@https://registry.npmjs.org/balanced-match/-/balanced-match-4.0.4.tgz. Extracting by manifest.
5292 silly tarball no local data for agent-base@https://registry.npmjs.org/agent-base/-/agent-base-6.0.2.tgz. Extracting by manifest.
5293 silly tarball no local data for brace-expansion@https://registry.npmjs.org/brace-expansion/-/brace-expansion-5.0.12.tgz. Extracting by manifest.
5294 silly tarball no local data for minimatch@https://registry.npmjs.org/minimatch/-/minimatch-10.2.6.tgz. Extracting by manifest.
5295 silly tarball no local data for ansi-regex@https://registry.npmjs.org/ansi-regex/-/ansi-regex-5.0.1.tgz. Extracting by manifest.
5296 silly tarball no local data for magic-string@https://registry.npmjs.org/magic-string/-/magic-string-0.30.21.tgz. Extracting by manifest.
5297 silly tarball no local data for scheduler@https://registry.npmjs.org/scheduler/-/scheduler-0.28.0.tgz. Extracting by manifest.
5298 silly tarball no local data for @oxc-project/types@https://registry.npmjs.org/@oxc-project/types/-/types-0.146.0.tgz. Extracting by manifest.
5299 silly tarball no local data for typescript@https://registry.npmjs.org/typescript/-/typescript-6.0.3.tgz. Extracting by manifest.
5300 silly tarball no local data for @distilled.cloud/stripe@https://registry.npmjs.org/@distilled.cloud/stripe/-/stripe-1.0.0-rc.12.tgz. Extracting by manifest.
5301 silly tarball no local data for @distilled.cloud/railway@https://registry.npmjs.org/@distilled.cloud/railway/-/railway-1.0.0-rc.12.tgz. Extracting by manifest.
5302 silly tarball no local data for capnp-es@https://registry.npmjs.org/capnp-es/-/capnp-es-0.0.16.tgz. Extracting by manifest.
5303 silly tarball no local data for rolldown@https://registry.npmjs.org/rolldown/-/rolldown-1.2.5.tgz. Extracting by manifest.
5304 silly tarball no local data for alchemy@https://registry.npmjs.org/alchemy/-/alchemy-2.0.0-beta.78.tgz. Extracting by manifest.
5305 silly tarball no local data for @distilled.cloud/hetzner@https://registry.npmjs.org/@distilled.cloud/hetzner/-/hetzner-1.0.0-rc.12.tgz. Extracting by manifest.
5306 silly tarball no local data for @distilled.cloud/planetscale@https://registry.npmjs.org/@distilled.cloud/planetscale/-/planetscale-1.0.0-rc.12.tgz. Extracting by manifest.
5307 silly tarball no local data for @distilled.cloud/fly-io@https://registry.npmjs.org/@distilled.cloud/fly-io/-/fly-io-1.0.0-rc.12.tgz. Extracting by manifest.
5308 silly tarball no local data for @rolldown/binding-darwin-arm64@https://registry.npmjs.org/@rolldown/binding-darwin-arm64/-/binding-darwin-arm64-1.2.5.tgz. Extracting by manifest.
5309 silly tarball no local data for @distilled.cloud/prisma@https://registry.npmjs.org/@distilled.cloud/prisma/-/prisma-1.0.0-rc.12.tgz. Extracting by manifest.
5310 silly tarball no local data for @distilled.cloud/neon@https://registry.npmjs.org/@distilled.cloud/neon/-/neon-1.0.0-rc.12.tgz. Extracting by manifest.
5311 silly tarball no local data for @distilled.cloud/axiom@https://registry.npmjs.org/@distilled.cloud/axiom/-/axiom-1.0.0-rc.12.tgz. Extracting by manifest.
5312 silly tarball no local data for @distilled.cloud/cloudflare@https://registry.npmjs.org/@distilled.cloud/cloudflare/-/cloudflare-1.0.0-rc.12.tgz. Extracting by manifest.
5313 silly tarball no local data for @alchemy.run/cloudflare-runtime@https://registry.npmjs.org/@alchemy.run/cloudflare-runtime/-/cloudflare-runtime-2.0.0-beta.78.tgz. Extracting by manifest.
5314 silly tarball no local data for @distilled.cloud/core@https://registry.npmjs.org/@distilled.cloud/core/-/core-1.0.0-rc.12.tgz. Extracting by manifest.
5315 silly tarball no local data for @distilled.cloud/aws@https://registry.npmjs.org/@distilled.cloud/aws/-/aws-1.0.0-rc.12.tgz. Extracting by manifest.
5316 silly tarball no local data for @alchemy.run/floci@https://registry.npmjs.org/@alchemy.run/floci/-/floci-2.0.0-beta.78.tgz. Extracting by manifest.
5317 silly tarball no local data for ansi-styles@https://registry.npmjs.org/ansi-styles/-/ansi-styles-6.2.3.tgz. Extracting by manifest.
5318 silly tarball no local data for strip-ansi@https://registry.npmjs.org/strip-ansi/-/strip-ansi-7.2.0.tgz. Extracting by manifest.
5319 silly tarball no local data for yargs-parser@https://registry.npmjs.org/yargs-parser/-/yargs-parser-22.0.0.tgz. Extracting by manifest.
5320 silly tarball no local data for string-width@https://registry.npmjs.org/string-width/-/string-width-8.3.0.tgz. Extracting by manifest.
5321 silly tarball no local data for wrap-ansi@https://registry.npmjs.org/wrap-ansi/-/wrap-ansi-9.0.2.tgz. Extracting by manifest.
5322 silly tarball no local data for string-width@https://registry.npmjs.org/string-width/-/string-width-7.2.0.tgz. Extracting by manifest.
5323 silly tarball no local data for ansi-regex@https://registry.npmjs.org/ansi-regex/-/ansi-regex-6.4.0.tgz. Extracting by manifest.
5324 silly tarball no local data for cliui@https://registry.npmjs.org/cliui/-/cliui-9.0.1.tgz. Extracting by manifest.
5325 silly tarball no local data for @types/pg@https://registry.npmjs.org/@types/pg/-/pg-8.20.4.tgz. Extracting by manifest.
5326 silly tarball no local data for ansi-regex@https://registry.npmjs.org/ansi-regex/-/ansi-regex-6.4.0.tgz. Extracting by manifest.
5327 silly tarball no local data for strip-ansi@https://registry.npmjs.org/strip-ansi/-/strip-ansi-7.2.0.tgz. Extracting by manifest.
5328 silly tarball no local data for ansi-styles@https://registry.npmjs.org/ansi-styles/-/ansi-styles-6.2.3.tgz. Extracting by manifest.
5329 silly tarball no local data for string-width@https://registry.npmjs.org/string-width/-/string-width-7.2.0.tgz. Extracting by manifest.
5330 silly tarball no local data for wrap-ansi@https://registry.npmjs.org/wrap-ansi/-/wrap-ansi-10.0.2.tgz. Extracting by manifest.
5331 silly tarball no local data for @types/pg@https://registry.npmjs.org/@types/pg/-/pg-8.20.4.tgz. Extracting by manifest.
5332 silly tarball no local data for emoji-regex@https://registry.npmjs.org/emoji-regex/-/emoji-regex-10.6.0.tgz. Extracting by manifest.
5333 silly tarball no local data for std-env@https://registry.npmjs.org/std-env/-/std-env-3.10.0.tgz. Extracting by manifest.
5334 silly tarball no local data for string-width@https://registry.npmjs.org/string-width/-/string-width-8.3.0.tgz. Extracting by manifest.
5335 silly tarball no local data for ansi-regex@https://registry.npmjs.org/ansi-regex/-/ansi-regex-6.4.0.tgz. Extracting by manifest.
5336 silly tarball no local data for string-width@https://registry.npmjs.org/string-width/-/string-width-8.3.0.tgz. Extracting by manifest.
5337 silly tarball no local data for magic-string@https://registry.npmjs.org/magic-string/-/magic-string-0.30.21.tgz. Extracting by manifest.
5338 silly tarball no local data for @rolldown/binding-darwin-arm64@https://registry.npmjs.org/@rolldown/binding-darwin-arm64/-/binding-darwin-arm64-1.2.5.tgz. Extracting by manifest.
5339 silly tarball no local data for strip-ansi@https://registry.npmjs.org/strip-ansi/-/strip-ansi-7.2.0.tgz. Extracting by manifest.
5340 silly tarball no local data for typescript@https://registry.npmjs.org/typescript/-/typescript-6.0.3.tgz. Extracting by manifest.
5341 silly tarball no local data for rolldown@https://registry.npmjs.org/rolldown/-/rolldown-1.2.5.tgz. Extracting by manifest.
5342 silly tarball no local data for @distilled.cloud/stripe@https://registry.npmjs.org/@distilled.cloud/stripe/-/stripe-1.0.0-rc.12.tgz. Extracting by manifest.
5343 silly tarball no local data for @oxc-project/types@https://registry.npmjs.org/@oxc-project/types/-/types-0.146.0.tgz. Extracting by manifest.
5344 silly tarball no local data for capnp-es@https://registry.npmjs.org/capnp-es/-/capnp-es-0.0.16.tgz. Extracting by manifest.
5345 silly tarball no local data for @distilled.cloud/railway@https://registry.npmjs.org/@distilled.cloud/railway/-/railway-1.0.0-rc.12.tgz. Extracting by manifest.
5346 silly tarball no local data for @distilled.cloud/hetzner@https://registry.npmjs.org/@distilled.cloud/hetzner/-/hetzner-1.0.0-rc.12.tgz. Extracting by manifest.
5347 silly tarball no local data for @distilled.cloud/planetscale@https://registry.npmjs.org/@distilled.cloud/planetscale/-/planetscale-1.0.0-rc.12.tgz. Extracting by manifest.
5348 silly tarball no local data for alchemy@https://registry.npmjs.org/alchemy/-/alchemy-2.0.0-beta.78.tgz. Extracting by manifest.
5349 silly tarball no local data for @distilled.cloud/prisma@https://registry.npmjs.org/@distilled.cloud/prisma/-/prisma-1.0.0-rc.12.tgz. Extracting by manifest.
5350 silly tarball no local data for @distilled.cloud/neon@https://registry.npmjs.org/@distilled.cloud/neon/-/neon-1.0.0-rc.12.tgz. Extracting by manifest.
5351 silly tarball no local data for @distilled.cloud/fly-io@https://registry.npmjs.org/@distilled.cloud/fly-io/-/fly-io-1.0.0-rc.12.tgz. Extracting by manifest.
5352 silly tarball no local data for @alchemy.run/floci@https://registry.npmjs.org/@alchemy.run/floci/-/floci-2.0.0-beta.78.tgz. Extracting by manifest.
5353 silly tarball no local data for @distilled.cloud/aws@https://registry.npmjs.org/@distilled.cloud/aws/-/aws-1.0.0-rc.12.tgz. Extracting by manifest.
5354 silly tarball no local data for @distilled.cloud/axiom@https://registry.npmjs.org/@distilled.cloud/axiom/-/axiom-1.0.0-rc.12.tgz. Extracting by manifest.
5355 silly tarball no local data for @distilled.cloud/cloudflare@https://registry.npmjs.org/@distilled.cloud/cloudflare/-/cloudflare-1.0.0-rc.12.tgz. Extracting by manifest.
5356 silly tarball no local data for @distilled.cloud/core@https://registry.npmjs.org/@distilled.cloud/core/-/core-1.0.0-rc.12.tgz. Extracting by manifest.
5357 silly tarball no local data for @alchemy.run/cloudflare-runtime@https://registry.npmjs.org/@alchemy.run/cloudflare-runtime/-/cloudflare-runtime-2.0.0-beta.78.tgz. Extracting by manifest.
5358 silly tarball no local data for @octokit/openapi-types@https://registry.npmjs.org/@octokit/openapi-types/-/openapi-types-27.0.0.tgz. Extracting by manifest.
5359 silly tarball no local data for agent-base@https://registry.npmjs.org/agent-base/-/agent-base-7.1.4.tgz. Extracting by manifest.
5360 silly tarball no local data for rolldown@https://registry.npmjs.org/rolldown/-/rolldown-1.2.5.tgz. Extracting by manifest.
5361 silly tarball no local data for @rolldown/binding-darwin-arm64@https://registry.npmjs.org/@rolldown/binding-darwin-arm64/-/binding-darwin-arm64-1.2.5.tgz. Extracting by manifest.
5362 silly tarball no local data for @oxc-project/types@https://registry.npmjs.org/@oxc-project/types/-/types-0.146.0.tgz. Extracting by manifest.
5363 silly tarball no local data for scheduler@https://registry.npmjs.org/scheduler/-/scheduler-0.28.0.tgz. Extracting by manifest.
5364 silly tarball no local data for @octokit/openapi-types@https://registry.npmjs.org/@octokit/openapi-types/-/openapi-types-27.0.0.tgz. Extracting by manifest.
5365 silly tarball no local data for retry@https://registry.npmjs.org/retry/-/retry-0.12.0.tgz. Extracting by manifest.
5366 silly tarball no local data for @prisma/management-api-sdk@https://registry.npmjs.org/@prisma/management-api-sdk/-/management-api-sdk-1.80.0.tgz. Extracting by manifest.
5367 silly tarball no local data for signal-exit@https://registry.npmjs.org/signal-exit/-/signal-exit-3.0.7.tgz. Extracting by manifest.
5368 silly tarball no local data for confbox@https://registry.npmjs.org/confbox/-/confbox-0.3.1.tgz. Extracting by manifest.
5369 silly tarball no local data for detect-libc@https://registry.npmjs.org/detect-libc/-/detect-libc-2.0.2.tgz. Extracting by manifest.
5370 silly tarball no local data for path-key@https://registry.npmjs.org/path-key/-/path-key-4.0.0.tgz. Extracting by manifest.
5371 silly tarball no local data for agent-base@https://registry.npmjs.org/agent-base/-/agent-base-7.1.4.tgz. Extracting by manifest.
5372 silly tarball no local data for node-fetch@https://registry.npmjs.org/node-fetch/-/node-fetch-3.3.2.tgz. Extracting by manifest.
5373 silly tarball no local data for long@https://registry.npmjs.org/long/-/long-5.3.2.tgz. Extracting by manifest.
5374 http fetch GET 200 https://registry.npmjs.org/wrap-ansi/-/wrap-ansi-7.0.0.tgz 86ms (cache miss)
5375 http fetch GET 200 https://registry.npmjs.org/wsl-utils/-/wsl-utils-1.0.1.tgz 88ms (cache miss)
5376 http fetch GET 200 https://registry.npmjs.org/temporal-spec/-/temporal-spec-1.0.1.tgz 94ms (cache miss)
5377 http fetch GET 200 https://registry.npmjs.org/temporal-utils/-/temporal-utils-1.0.3.tgz 96ms (cache miss)
5378 http fetch GET 200 https://registry.npmjs.org/@jridgewell/resolve-uri/-/resolve-uri-3.1.2.tgz 103ms (cache miss)
5379 http fetch GET 200 https://registry.npmjs.org/@types/deep-eql/-/deep-eql-4.0.2.tgz 106ms (cache miss)
5380 http fetch GET 200 https://registry.npmjs.org/yargs/-/yargs-18.2.0.tgz 108ms (cache miss)
5381 http fetch GET 200 https://registry.npmjs.org/@vitest/spy/-/spy-5.0.3.tgz 108ms (cache miss)
5382 http fetch GET 200 https://registry.npmjs.org/@prisma/get-platform/-/get-platform-7.2.0.tgz 123ms (cache miss)
5383 http fetch GET 200 https://registry.npmjs.org/@vitest/mocker/-/mocker-5.0.3.tgz 115ms (cache miss)
5384 http fetch GET 200 https://registry.npmjs.org/glob/-/glob-13.0.6.tgz 125ms (cache miss)
5385 http fetch GET 200 https://registry.npmjs.org/@types/pg/-/pg-8.23.1.tgz 132ms (cache miss)
5386 http fetch GET 200 https://registry.npmjs.org/https-proxy-agent/-/https-proxy-agent-7.0.6.tgz 135ms (cache miss)
5387 http fetch GET 200 https://registry.npmjs.org/vite/-/vite-8.3.4.tgz 145ms (cache miss)
5388 http fetch GET 200 https://registry.npmjs.org/@types/ws/-/ws-8.18.2.tgz 145ms (cache miss)
5389 http fetch GET 200 https://registry.npmjs.org/@types/jsonwebtoken/-/jsonwebtoken-9.0.10.tgz 147ms (cache miss)
5390 http fetch GET 200 https://registry.npmjs.org/temporal-polyfill/-/temporal-polyfill-1.0.5.tgz 148ms (cache miss)
5391 http fetch GET 200 https://registry.npmjs.org/@jridgewell/trace-mapping/-/trace-mapping-0.3.31.tgz 158ms (cache miss)
5392 http fetch GET 200 https://registry.npmjs.org/@emnapi/runtime/-/runtime-1.11.3.tgz 162ms (cache miss)
5393 http fetch GET 200 https://registry.npmjs.org/@types/ms/-/ms-2.1.0.tgz 160ms (cache miss)
5394 http fetch GET 200 https://registry.npmjs.org/fflate/-/fflate-0.8.3.tgz 165ms (cache miss)
5395 http fetch GET 200 https://registry.npmjs.org/vitest/-/vitest-5.0.3.tgz 170ms (cache miss)
5396 http fetch GET 200 https://registry.npmjs.org/@types/estree/-/estree-1.0.9.tgz 165ms (cache miss)
5397 http fetch GET 200 https://registry.npmjs.org/@types/bcrypt/-/bcrypt-6.0.0.tgz 165ms (cache miss)
5398 http fetch GET 200 https://registry.npmjs.org/@types/retry/-/retry-0.12.0.tgz 168ms (cache miss)
5399 http fetch GET 200 https://registry.npmjs.org/@smithy/fetch-http-handler/-/fetch-http-handler-5.8.0.tgz 170ms (cache miss)
5400 http fetch GET 200 https://registry.npmjs.org/@standard-schema/spec/-/spec-1.1.0.tgz 183ms (cache miss)
5401 http fetch GET 200 https://registry.npmjs.org/https-proxy-agent/-/https-proxy-agent-7.0.6.tgz 187ms (cache miss)
5402 http fetch GET 200 https://registry.npmjs.org/@sec-ant/readable-stream/-/readable-stream-0.4.1.tgz 196ms (cache miss)
5403 http fetch GET 200 https://registry.npmjs.org/@smithy/signature-v4/-/signature-v4-5.7.4.tgz 198ms (cache miss)
5404 http fetch POST 200 https://registry.npmjs.org/-/npm/v1/security/advisories/bulk 248ms
5405 silly audit report {
5405 silly audit report   'brace-expansion': [
5405 silly audit report     {
5405 silly audit report       id: 1105443,
5405 silly audit report       url: 'https://github.com/advisories/GHSA-v6h2-p8h4-qcjw',
5405 silly audit report       title: 'brace-expansion Regular Expression Denial of Service vulnerability',
5405 silly audit report       severity: 'low',
5405 silly audit report       vulnerable_versions: '>=1.0.0 <=1.1.11',
5405 silly audit report       cwe: [Array],
5405 silly audit report       cvss: [Object]
5405 silly audit report     },
5405 silly audit report     {
5405 silly audit report       id: 1130588,
5405 silly audit report       url: 'https://github.com/advisories/GHSA-mh99-v99m-4gvg',
5405 silly audit report       title: 'brace-expansion: DoS via unbounded expansion length causing an out-of-memory process crash',
5405 silly audit report       severity: 'high',
5405 silly audit report       vulnerable_versions: '<1.1.17',
5405 silly audit report       cwe: [Array],
5405 silly audit report       cvss: [Object]
5405 silly audit report     },
5405 silly audit report     {
5405 silly audit report       id: 1130737,
5405 silly audit report       url: 'https://github.com/advisories/GHSA-rgw5-rvv9-x895',
5405 silly audit report       title: 'brace-expansion: DoS via unbounded intermediate arrays, bypassing the CVE-2026-14257 mitigation',
5405 silly audit report       severity: 'high',
5405 silly audit report       vulnerable_versions: '<1.1.18',
5405 silly audit report       cwe: [Array],
5405 silly audit report       cvss: [Object]
5405 silly audit report     },
5405 silly audit report     {
5405 silly audit report       id: 1115540,
5405 silly audit report       url: 'https://github.com/advisories/GHSA-f886-m6hf-6m8v',
5405 silly audit report       title: 'brace-expansion: Zero-step sequence causes process hang and memory exhaustion',
5405 silly audit report       severity: 'moderate',
5405 silly audit report       vulnerable_versions: '<1.1.13',
5405 silly audit report       cwe: [Array],
5405 silly audit report       cvss: [Object]
5405 silly audit report     },
5405 silly audit report     {
5405 silly audit report       id: 1123897,
5405 silly audit report       url: 'https://github.com/advisories/GHSA-3jxr-9vmj-r5cp',
5405 silly audit report       title: 'brace-expansion: DoS via exponential-time expansion of consecutive non-expanding {} groups',
5405 silly audit report       severity: 'high',
5405 silly audit report       vulnerable_versions: '<1.1.16',
5405 silly audit report       cwe: [Array],
5405 silly audit report       cvss: [Object]
5405 silly audit report     },
5405 silly audit report     {
5405 silly audit report       id: 1240108,
5405 silly audit report       url: 'https://github.com/advisories/GHSA-6j4f-fj2g-mc7p',
5405 silly audit report       title: 'brace-expansion: DoS via uncontrolled recursion in parseCommaParts causing stack exhaustion',
5405 silly audit report       severity: 'high',
5405 silly audit report       vulnerable_versions: '<1.1.19',
5405 silly audit report       cwe: [Array],
5405 silly audit report       cvss: [Object]
5405 silly audit report     },
5405 silly audit report     {
5405 silly audit report       id: 1240100,
5405 silly audit report       url: 'https://github.com/advisories/GHSA-q2hr-2g5m-vwhr',
5405 silly audit report       title: 'brace-expansion: Quadratic-time expansion of the `{a},b}` rewrite causes CPU denial of service',
5405 silly audit report       severity: 'moderate',
5405 silly audit report       vulnerable_versions: '<1.1.21',
5405 silly audit report       cwe: [Array],
5405 silly audit report       cvss: [Object]
5405 silly audit report     },
5405 silly audit report     {
5405 silly audit report       id: 1240104,
5405 silly audit report       url: 'https://github.com/advisories/GHSA-qhr7-859c-m2p7',
5405 silly audit report       title: 'brace-expansion: DoS via uncontrolled recursion on nested brace groups causing stack exhaustion',
5405 silly audit report       severity: 'high',
5405 silly audit report       vulnerable_versions: '<1.1.20',
5405 silly audit report       cwe: [Array],
5405 silly audit report       cvss: [Object]
5405 silly audit report     }
5405 silly audit report   ],
5405 silly audit report   minimatch: [
5405 silly audit report     {
5405 silly audit report       id: 1113459,
5405 silly audit report       url: 'https://github.com/advisories/GHSA-3ppc-4f35-3m26',
5405 silly audit report       title: 'minimatch has a ReDoS via repeated wildcards with non-matching literal in pattern',
5405 silly audit report       severity: 'high',
5405 silly audit report       vulnerable_versions: '<3.1.3',
5405 silly audit report       cwe: [Array],
5405 silly audit report       cvss: [Object]
5405 silly audit report     },
5405 silly audit report     {
5405 silly audit report       id: 1113538,
5405 silly audit report       url: 'https://github.com/advisories/GHSA-7r86-cg39-jmmj',
5405 silly audit report       title: 'minimatch has ReDoS: matchOne() combinatorial backtracking via multiple non-adjacent GLOBSTAR segments',
5405 silly audit report       severity: 'high',
5405 silly audit report       vulnerable_versions: '<3.1.3',
5405 silly audit report       cwe: [Array],
5405 silly audit report       cvss: [Object]
5405 silly audit report     },
5405 silly audit report     {
5405 silly audit report       id: 1113546,
5405 silly audit report       url: 'https://github.com/advisories/GHSA-23c5-xmqv-rm74',
5405 silly audit report       title: 'minimatch ReDoS: nested *() extglobs generate catastrophically backtracking regular expressions',
5405 silly audit report       severity: 'high',
5405 silly audit report       vulnerable_versions: '<3.1.4',
5405 silly audit report       cwe: [Array],
5405 silly audit report       cvss: [Object]
5405 silly audit report     }
5405 silly audit report   ],
5405 silly audit report   'sprintf-js': [
5405 silly audit report     {
5405 silly audit report       id: 1241202,
5405 silly audit report       url: 'https://github.com/advisories/GHSA-hp3w-g68c-fv3c',
5405 silly audit report       title: 'sprintf-js vulnerable to denial of service through unbounded precision specifiers',
5405 silly audit report       severity: 'moderate',
5405 silly audit report       vulnerable_versions: '<=1.1.3',
5405 silly audit report       cwe: [Array],
5405 silly audit report       cvss: [Object]
5405 silly audit report     }
5405 silly audit report   ],
5405 silly audit report   '@hono/node-server': [
5405 silly audit report     {
5405 silly audit report       id: 1114170,
5405 silly audit report       url: 'https://github.com/advisories/GHSA-wc8c-qw6v-h7f6',
5405 silly audit report       title: '@hono/node-server has authorization bypass for protected static paths via encoded slashes in Serve Static Middleware',
5405 silly audit report       severity: 'high',
5405 silly audit report       vulnerable_versions: '<1.19.10',
5405 silly audit report       cwe: [Array],
5405 silly audit report       cvss: [Object]
5405 silly audit report     },
5405 silly audit report     {
5405 silly audit report       id: 1116281,
5405 silly audit report       url: 'https://github.com/advisories/GHSA-92pp-h63x-v22m',
5405 silly audit report       title: '@hono/node-server: Middleware bypass via repeated slashes in serveStatic',
5405 silly audit report       severity: 'moderate',
5405 silly audit report       vulnerable_versions: '<1.19.13',
5405 silly audit report       cwe: [Array],
5405 silly audit report       cvss: [Object]
5405 silly audit report     },
5405 silly audit report     {
5405 silly audit report       id: 1139322,
5405 silly audit report       url: 'https://github.com/advisories/GHSA-frvp-7c67-39w9',
5405 silly audit report       title: 'Node.js Adapter for Hono: Path traversal in `serve-static` on Windows via encoded backslash (`%5C`)',
5405 silly audit report       severity: 'moderate',
5405 silly audit report       vulnerable_versions: '<1.19.15',
5405 silly audit report       cwe: [Array],
5405 silly audit report       cvss: [Object]
5405 silly audit report     }
5405 silly audit report   ],
5405 silly audit report   hono: [
5405 silly audit report     {
5405 silly audit report       id: 1117915,
5405 silly audit report       url: 'https://github.com/advisories/GHSA-qp7p-654g-cw7p',
5405 silly audit report       title: 'Hono has CSS Declaration Injection via Style Object Values in JSX SSR',
5405 silly audit report       severity: 'moderate',
5405 silly audit report       vulnerable_versions: '<4.12.18',
5405 silly audit report       cwe: [Array],
5405 silly audit report       cvss: [Object]
5405 silly audit report     },
5405 silly audit report     {
5405 silly audit report       id: 1118963,
5405 silly audit report       url: 'https://github.com/advisories/GHSA-hm8q-7f3q-5f36',
5405 silly audit report       title: 'Hono has improper validation of NumericDate claims (exp, nbf, iat) in JWT verify()',
5405 silly audit report       severity: 'low',
5405 silly audit report       vulnerable_versions: '<4.12.18',
5405 silly audit report       cwe: [Array],
5405 silly audit report       cvss: [Object]
5405 silly audit report     },
5405 silly audit report     {
5405 silly audit report       id: 1118964,
5405 silly audit report       url: 'https://github.com/advisories/GHSA-p77w-8qqv-26rm',
5405 silly audit report       title: "Hono's Cache Middleware ignores Vary: Authorization / Vary: Cookie leading to cross-user cache leakage",
5405 silly audit report       severity: 'moderate',
5405 silly audit report       vulnerable_versions: '<4.12.18',
5405 silly audit report       cwe: [Array],
5405 silly audit report       cvss: [Object]
5405 silly audit report     },
5405 silly audit report     {
5405 silly audit report       id: 1118982,
5405 silly audit report       url: 'https://github.com/advisories/GHSA-9vqf-7f2p-gf9v',
5405 silly audit report       title: 'Hono: bodyLimit() can be bypassed for chunked / unknown-length requests',
5405 silly audit report       severity: 'moderate',
5405 silly audit report       vulnerable_versions: '<4.12.16',
5405 silly audit report       cwe: [Array],
5405 silly audit report       cvss: [Object]
5405 silly audit report     },
5405 silly audit report     {
5405 silly audit report       id: 1118983,
5405 silly audit report       url: 'https://github.com/advisories/GHSA-69xw-7hcm-h432',
5405 silly audit report       title: 'hono/jsx has Unvalidated JSX Tag Names that May Allow HTML Injection',
5405 silly audit report       severity: 'moderate',
5405 silly audit report       vulnerable_versions: '<4.12.16',
5405 silly audit report       cwe: [Array],
5405 silly audit report       cvss: [Object]
5405 silly audit report     },
5405 silly audit report     {
5405 silly audit report       id: 1112644,
5405 silly audit report       url: 'https://github.com/advisories/GHSA-9r54-q6cx-xmh5',
5405 silly audit report       title: 'Hono vulnerable to XSS through ErrorBoundary component ',
5405 silly audit report       severity: 'moderate',
5405 silly audit report       vulnerable_versions: '<4.11.7',
5405 silly audit report       cwe: [Array],
5405 silly audit report       cvss: [Object]
5405 silly audit report     },
5405 silly audit report     {
5405 silly audit report       id: 1112677,
5405 silly audit report       url: 'https://github.com/advisories/GHSA-6wqw-2p9w-4vw4',
5405 silly audit report       title: 'Hono cache middleware ignores "Cache-Control: private" leading to Web Cache Deception',
5405 silly audit report       severity: 'moderate',
5405 silly audit report       vulnerable_versions: '<4.11.7',
5405 silly audit report       cwe: [Array],
5405 silly audit report       cvss: [Object]
5405 silly audit report     },
5405 silly audit report     {
5405 silly audit report       id: 1112678,
5405 silly audit report       url: 'https://github.com/advisories/GHSA-r354-f388-2fhh',
5405 silly audit report       title: 'Hono IPv4 address validation bypass in IP Restriction Middleware allows IP spoofing',
5405 silly audit report       severity: 'moderate',
5405 silly audit report       vulnerable_versions: '<4.11.7',
5405 silly audit report       cwe: [Array],
5405 silly audit report       cvss: [Object]
5405 silly audit report     },
5405 silly audit report     {
5405 silly audit report       id: 1112911,
5405 silly audit report       url: 'https://github.com/advisories/GHSA-w332-q679-j88p',
5405 silly audit report       title: 'Hono has an Arbitrary Key Read in Serve static Middleware (Cloudflare Workers Adapter)',
5405 silly audit report       severity: 'moderate',
5405 silly audit report       vulnerable_versions: '<4.11.7',
5405 silly audit report       cwe: [Array],
5405 silly audit report       cvss: [Object]
5405 silly audit report     },
5405 silly audit report     {
5405 silly audit report       id: 1113311,
5405 silly audit report       url: 'https://github.com/advisories/GHSA-gq3j-xvxp-8hrf',
5405 silly audit report       title: 'Hono added timing comparison hardening in basicAuth and bearerAuth',
5405 silly audit report       severity: 'low',
5405 silly audit report       vulnerable_versions: '<4.11.10',
5405 silly audit report       cwe: [Array],
5405 silly audit report       cvss: [Object]
5405 silly audit report     },
5405 silly audit report     {
5405 silly audit report       id: 1120082,
5405 silly audit report       url: 'https://github.com/advisories/GHSA-xrhx-7g5j-rcj5',
5405 silly audit report       title: 'Hono: IP Restriction bypasses static deny rules for non-canonical IPv6 ',
5405 silly audit report       severity: 'moderate',
5405 silly audit report       vulnerable_versions: '<4.12.21',
5405 silly audit report       cwe: [Array],
5405 silly audit report       cvss: [Object]
5405 silly audit report     },
5405 silly audit report     {
5405 silly audit report       id: 1120083,
5405 silly audit report       url: 'https://github.com/advisories/GHSA-3hrh-pfw6-9m5x',
5405 silly audit report       title: 'Hono: Cookie helper does not sanitize sameSite and priority, allowing Set-Cookie injection',
5405 silly audit report       severity: 'moderate',
5405 silly audit report       vulnerable_versions: '<4.12.21',
5405 silly audit report       cwe: [Array],
5405 silly audit report       cvss: [Object]
5405 silly audit report     },
5405 silly audit report     {
5405 silly audit report       id: 1120084,
5405 silly audit report       url: 'https://github.com/advisories/GHSA-f577-qrjj-4474',
5405 silly audit report       title: 'Hono: JWT middleware accepts any Authorization scheme, not only Bearer',
5405 silly audit report       severity: 'moderate',
5405 silly audit report       vulnerable_versions: '<4.12.21',
5405 silly audit report       cwe: [Array],
5405 silly audit report       cvss: [Object]
5405 silly audit report     },
5405 silly audit report     {
5405 silly audit report       id: 1120085,
5405 silly audit report       url: 'https://github.com/advisories/GHSA-2gcr-mfcq-wcc3',
5405 silly audit report       title: 'Hono: app.mount() strips mount prefix using undecoded path, causing incorrect routing for percent-encoded paths',
5405 silly audit report       severity: 'moderate',
5405 silly audit report       vulnerable_versions: '<4.12.21',
5405 silly audit report       cwe: [Array],
5405 silly audit report       cvss: [Object]
5405 silly audit report     },
5405 silly audit report     {
5405 silly audit report       id: 1114004,
5405 silly audit report       url: 'https://github.com/advisories/GHSA-5pq2-9x2x-5p6w',
5405 silly audit report       title: 'Hono Vulnerable to Cookie Attribute Injection via Unsanitized domain and path in setCookie()',
5405 silly audit report       severity: 'moderate',
5405 silly audit report       vulnerable_versions: '<4.12.4',
5405 silly audit report       cwe: [Array],
5405 silly audit report       cvss: [Object]
5405 silly audit report     },
5405 silly audit report     {
5405 silly audit report       id: 1114005,
5405 silly audit report       url: 'https://github.com/advisories/GHSA-p6xx-57qc-3wxr',
5405 silly audit report       title: 'Hono Vulnerable to SSE Control Field Injection via CR/LF in writeSSE()',
5405 silly audit report       severity: 'moderate',
5405 silly audit report       vulnerable_versions: '<4.12.4',
5405 silly audit report       cwe: [Array],
5405 silly audit report       cvss: [Object]
5405 silly audit report     },
5405 silly audit report     {
5405 silly audit report       id: 1114006,
5405 silly audit report       url: 'https://github.com/advisories/GHSA-q5qw-h33p-qvwr',
5405 silly audit report       title: 'Hono vulnerable to arbitrary file access via serveStatic vulnerability ',
5405 silly audit report       severity: 'high',
5405 silly audit report       vulnerable_versions: '<4.12.4',
5405 silly audit report       cwe: [Array],
5405 silly audit report       cvss: [Object]
5405 silly audit report     },
5405 silly audit report     {
5405 silly audit report       id: 1130733,
5405 silly audit report       url: 'https://github.com/advisories/GHSA-8j4g-w8fx-2239',
5405 silly audit report       title: 'Hono: ReDoS in CORS middleware via Access-Control-Request-Headers',
5405 silly audit report       severity: 'moderate',
5405 silly audit report       vulnerable_versions: '<4.12.34',
5405 silly audit report       cwe: [Array],
5405 silly audit report       cvss: [Object]
5405 silly audit report     },
5405 silly audit report     {
5405 silly audit report       id: 1121418,
5405 silly audit report       url: 'https://github.com/advisories/GHSA-458j-xx4x-4375',
5405 silly audit report       title: 'hono Improperly Handles JSX Attribute Names Allows HTML Injection in hono/jsx SSR',
5405 silly audit report       severity: 'moderate',
5405 silly audit report       vulnerable_versions: '<4.12.14',
5405 silly audit report       cwe: [Array],
5405 silly audit report       cvss: [Object]
5405 silly audit report     },
5405 silly audit report     {
5405 silly audit report       id: 1116277,
5405 silly audit report       url: 'https://github.com/advisories/GHSA-r5rp-j6wh-rvv4',
5405 silly audit report       title: 'Hono: Non-breaking space prefix bypass in cookie name handling in getCookie()',
5405 silly audit report       severity: 'moderate',
5405 silly audit report       vulnerable_versions: '<4.12.12',
5405 silly audit report       cwe: [Array],
5405 silly audit report       cvss: [Object]
5405 silly audit report     },
5405 silly audit report     {
5405 silly audit report       id: 1116279,
5405 silly audit report       url: 'https://github.com/advisories/GHSA-xf4j-xp2r-rqqx',
5405 silly audit report       title: 'Hono: Path traversal in toSSG() allows writing files outside the output directory',
5405 silly audit report       severity: 'moderate',
5405 silly audit report       vulnerable_versions: '>=4.0.0 <=4.12.11',
5405 silly audit report       cwe: [Array],
5405 silly audit report       cvss: [Object]
5405 silly audit report     },
5405 silly audit report     {
5405 silly audit report       id: 1116280,
5405 silly audit report       url: 'https://github.com/advisories/GHSA-wmmm-f939-6g9c',
5405 silly audit report       title: 'Hono: Middleware bypass via repeated slashes in serveStatic',
5405 silly audit report       severity: 'moderate',
5405 silly audit report       vulnerable_versions: '<4.12.12',
5405 silly audit report       cwe: [Array],
5405 silly audit report       cvss: [Object]
5405 silly audit report     },
5405 silly audit report     {
5405 silly audit report       id: 1117087,
5405 silly audit report       url: 'https://github.com/advisories/GHSA-xpcf-pg52-r92g',
5405 silly audit report       title: 'Hono has incorrect IP matching in ipRestriction() for IPv4-mapped IPv6 addresses',
5405 silly audit report       severity: 'moderate',
5405 silly audit report       vulnerable_versions: '<4.12.12',
5405 silly audit report       cwe: [Array],
5405 silly audit report       cvss: [Object]
5405 silly audit report     },
5405 silly audit report     {
5405 silly audit report       id: 1123997,
5405 silly audit report       url: 'https://github.com/advisories/GHSA-rv63-4mwf-qqc2',
5405 silly audit report       title: 'hono: Body Limit Middleware can be bypassed on AWS Lambda by understating `Content-Length`',
5405 silly audit report       severity: 'moderate',
5405 silly audit report       vulnerable_versions: '<4.12.25',
5405 silly audit report       cwe: [Array],
5405 silly audit report       cvss: [Object]
5405 silly audit report     },
5405 silly audit report     {
5405 silly audit report       id: 1123998,
5405 silly audit report       url: 'https://github.com/advisories/GHSA-wgpf-jwqj-8h8p',
5405 silly audit report       title: 'hono: Lambda@Edge adapter keeps only the last value of a repeated request header, dropping the rest',
5405 silly audit report       severity: 'moderate',
5405 silly audit report       vulnerable_versions: '<4.12.25',
5405 silly audit report       cwe: [Array],
5405 silly audit report       cvss: [Object]
5405 silly audit report     },
5405 silly audit report     {
5405 silly audit report       id: 1123999,
5405 silly audit report       url: 'https://github.com/advisories/GHSA-88fw-hqm2-52qc',
5405 silly audit report       title: 'hono: CORS Middleware reflects any Origin with credentials when `origin` defaults to the wildcard',
5405 silly audit report       severity: 'high',
5405 silly audit report       vulnerable_versions: '<4.12.25',
5405 silly audit report       cwe: [Array],
5405 silly audit report       cvss: [Object]
5405 silly audit report     },
5405 silly audit report     {
5405 silly audit report       id: 1124000,
5405 silly audit report       url: 'https://github.com/advisories/GHSA-wwfh-h76j-fc44',
5405 silly audit report       title: 'hono: Path traversal in `serve-static` on Windows via encoded backslash (`%5C`)',
5405 silly audit report       severity: 'moderate',
5405 silly audit report       vulnerable_versions: '<4.12.25',
5405 silly audit report       cwe: [Array],
5405 silly audit report       cvss: [Object]
5405 silly audit report     },
5405 silly audit report     {
5405 silly audit report       id: 1124001,
5405 silly audit report       url: 'https://github.com/advisories/GHSA-j6c9-x7qj-28xf',
5405 silly audit report       title: 'hono: AWS Lambda adapter merges multiple `Set-Cookie` headers into one value, dropping cookies on ALB single-header and Lattice',
5405 silly audit report       severity: 'moderate',
5405 silly audit report       vulnerable_versions: '<4.12.25',
5405 silly audit report       cwe: [Array],
5405 silly audit report       cvss: [Object]
5405 silly audit report     },
5405 silly audit report     {
5405 silly audit report       id: 1124005,
5405 silly audit report       url: 'https://github.com/advisories/GHSA-xgm2-5f3f-mvvc',
5405 silly audit report       title: 'Hono: API Gateway v1 adapter can drop a distinct repeated request header value during de-duplication',
5405 silly audit report       severity: 'moderate',
5405 silly audit report       vulnerable_versions: '>=4.3.3 <4.12.27',
5405 silly audit report       cwe: [Array],
5405 silly audit report       cvss: [Object]
5405 silly audit report     },
5405 silly audit report     {
5405 silly audit report       id: 1124010,
5405 silly audit report       url: 'https://github.com/advisories/GHSA-w62v-xxxg-mg59',
5405 silly audit report       title: 'Hono: Server-Side XSS via JSX Escaping Bypass in cx() Utility',
5405 silly audit report       severity: 'moderate',
5405 silly audit report       vulnerable_versions: '>=4.0.0 <4.12.27',
5405 silly audit report       cwe: [Array],
5405 silly audit report       cvss: [Object]
5405 silly audit report     },
5405 silly audit report     {
5405 silly audit report       id: 1240979,
5405 silly audit report       url: 'https://github.com/advisories/GHSA-v8w9-8mx6-g223',
5405 silly audit report       title: 'Hono vulnerable to Prototype Pollution possible through __proto__ key allowed in parseBody({ dot: true })',
5405 silly audit report       severity: 'moderate',
5405 silly audit report       vulnerable_versions: '<4.12.7',
5405 silly audit report       cwe: [Array],
5405 silly audit report       cvss: [Object]
5405 silly audit report     },
5405 silly audit report     {
5405 silly audit report       id: 1138771,
5405 silly audit report       url: 'https://github.com/advisories/GHSA-f23p-vx2j-j53r',
5405 silly audit report       title: 'Hono: `memo()` retains SSR output across requests, leading to cross-user data disclosure',
5405 silly audit report       severity: 'moderate',
5405 silly audit report       vulnerable_versions: '>=3.8.0 <4.12.34',
5405 silly audit report       cwe: [Array],
5405 silly audit report       cvss: [Object]
5405 silly audit report     },
5405 silly audit report     {
5405 silly audit report       id: 1138772,
5405 silly audit report       url: 'https://github.com/advisories/GHSA-79qm-7rj5-m7r9',
5405 silly audit report       title: 'Hono: Proxy Helper does not remove response headers listed in the `Connection` header',
5405 silly audit report       severity: 'low',
5405 silly audit report       vulnerable_versions: '>=4.7.0 <4.12.34',
5405 silly audit report       cwe: [Array],
5405 silly audit report       cvss: [Object]
5405 silly audit report     },
5405 silly audit report     {
5405 silly audit report       id: 1193729,
5405 silly audit report       url: 'https://github.com/advisories/GHSA-gqvv-2mrq-wpjv',
5405 silly audit report       title: 'Hono: Incomplete fix for CVE-2026-39408: `toSSG()` still writes files outside the output directory',
5405 silly audit report       severity: 'moderate',
5405 silly audit report       vulnerable_versions: '<4.13.5',
5405 silly audit report       cwe: [Array],
5405 silly audit report       cvss: [Object]
5405 silly audit report     },
5405 silly audit report     {
5405 silly audit report       id: 1193730,
5405 silly audit report       url: 'https://github.com/advisories/GHSA-g6gw-c38x-mqfc',
5405 silly audit report       title: 'Hono: Unbounded dot-notation nesting in `parseBody()` can cause memory exhaustion',
5405 silly audit report       severity: 'moderate',
5405 silly audit report       vulnerable_versions: '<4.13.5',
5405 silly audit report       cwe: [Array],
5405 silly audit report       cvss: [Object]
5405 silly audit report     },
5405 silly audit report     {
5405 silly audit report       id: 1193731,
5405 silly audit report       url: 'https://github.com/advisories/GHSA-crvj-82cr-hjcx',
5405 silly audit report       title: 'Hono: Query parser reads parameters after the URL fragment, causing cache-key and proxy interpretation differentials',
5405 silly audit report       severity: 'moderate',
5405 silly audit report       vulnerable_versions: '<4.13.5',
5405 silly audit report       cwe: [Array],
5405 silly audit report       cvss: [Object]
5405 silly audit report     },
5405 silly audit report     {
5405 silly audit report       id: 1239764,
5405 silly audit report       url: 'https://github.com/advisories/GHSA-26pp-8wgv-hjvm',
5405 silly audit report       title: 'Hono missing validation of cookie name on write path in setCookie()',
5405 silly audit report       severity: 'moderate',
5405 silly audit report       vulnerable_versions: '<4.12.12',
5405 silly audit report       cwe: [Array],
5405 silly audit report       cvss: [Object]
5405 silly audit report     },
5405 silly audit report     {
5405 silly audit report       id: 1240640,
5405 silly audit report       url: 'https://github.com/advisories/GHSA-hxh3-vqpv-xpqv',
5405 silly audit report       title: 'hono/jsx renders plain strings unescaped in boundary components, leading to XSS',
5405 silly audit report       severity: 'moderate',
5405 silly audit report       vulnerable_versions: '<4.13.7',
5405 silly audit report       cwe: [Array],
5405 silly audit report       cvss: [Object]
5405 silly audit report     }
5405 silly audit report   ],
5405 silly audit report   valibot: [
5405 silly audit report     {
5405 silly audit report       id: 1124298,
5405 silly audit report       url: 'https://github.com/advisories/GHSA-5qjj-4xww-7phc',
5405 silly audit report       title: 'Valibot: record() issue paths can make flatten() throw for inherited Object property names',
5405 silly audit report       severity: 'moderate',
5405 silly audit report       vulnerable_versions: '<=1.4.1',
5405 silly audit report       cwe: [Array],
5405 silly audit report       cvss: [Object]
5405 silly audit report     }
5405 silly audit report   ],
5405 silly audit report   lodash: [
5405 silly audit report     {
5405 silly audit report       id: 1120370,
5405 silly audit report       url: 'https://github.com/advisories/GHSA-xxjr-mmjv-4gpg',
5405 silly audit report       title: 'Lodash has Prototype Pollution Vulnerability in `_.unset` and `_.omit` functions',
5405 silly audit report       severity: 'moderate',
5405 silly audit report       vulnerable_versions: '>=4.0.0 <=4.17.22',
5405 silly audit report       cwe: [Array],
5405 silly audit report       cvss: [Object]
5405 silly audit report     },
5405 silly audit report     {
5405 silly audit report       id: 1115806,
5405 silly audit report       url: 'https://github.com/advisories/GHSA-r5fr-rjxr-66jc',
5405 silly audit report       title: 'lodash vulnerable to Code Injection via `_.template` imports key names',
5405 silly audit report       severity: 'high',
5405 silly audit report       vulnerable_versions: '>=4.0.0 <=4.17.23',
5405 silly audit report       cwe: [Array],
5405 silly audit report       cvss: [Object]
5405 silly audit report     },
5405 silly audit report     {
5405 silly audit report       id: 1115810,
5405 silly audit report       url: 'https://github.com/advisories/GHSA-f23m-r3pf-42rh',
5405 silly audit report       title: 'lodash vulnerable to Prototype Pollution via array path bypass in `_.unset` and `_.omit`',
5405 silly audit report       severity: 'moderate',
5405 silly audit report       vulnerable_versions: '<=4.17.23',
5405 silly audit report       cwe: [Array],
5405 silly audit report       cvss: [Object]
5405 silly audit report     }
5405 silly audit report   ]
5405 silly audit report }
5406 silly packumentCache corgi:https://registry.npmjs.org/brace-expansion cache-miss
5407 silly packumentCache corgi:https://registry.npmjs.org/minimatch cache-miss
5408 silly packumentCache corgi:https://registry.npmjs.org/sprintf-js cache-miss
5409 silly packumentCache corgi:https://registry.npmjs.org/@hono%2fnode-server cache-miss
5410 silly packumentCache corgi:https://registry.npmjs.org/hono cache-miss
5411 silly packumentCache corgi:https://registry.npmjs.org/valibot cache-miss
5412 silly packumentCache corgi:https://registry.npmjs.org/lodash cache-miss
5413 http fetch GET 200 https://registry.npmjs.org/graphql/-/graphql-16.11.0.tgz 217ms (cache miss)
5414 http fetch GET 200 https://registry.npmjs.org/@types/chai/-/chai-5.2.3.tgz 217ms (cache miss)
5415 http fetch GET 200 https://registry.npmjs.org/@sindresorhus/merge-streams/-/merge-streams-4.0.0.tgz 218ms (cache miss)
5416 http fetch GET 200 https://registry.npmjs.org/@smithy/node-http-handler/-/node-http-handler-4.12.1.tgz 222ms (cache miss)
5417 http fetch GET 200 https://registry.npmjs.org/@smithy/types/-/types-4.19.0.tgz 223ms (cache miss)
5418 http fetch GET 200 https://registry.npmjs.org/@smithy/credential-provider-imds/-/credential-provider-imds-4.5.2.tgz 224ms (cache miss)
5419 http fetch GET 200 https://registry.npmjs.org/@rollup/pluginutils/-/pluginutils-5.4.0.tgz 231ms (cache miss)
5420 http fetch GET 200 https://registry.npmjs.org/@protobufjs/pool/-/pool-1.1.0.tgz 244ms (cache miss)
5421 http fetch GET 200 https://registry.npmjs.org/@protobufjs/path/-/path-1.1.2.tgz 245ms (cache miss)
5422 http fetch GET 200 https://registry.npmjs.org/@octokit/types/-/types-16.0.0.tgz 263ms (cache miss)
5423 http fetch GET 200 https://registry.npmjs.org/@octokit/types/-/types-16.0.0.tgz 269ms (cache miss)
5424 http fetch GET 200 https://registry.npmjs.org/@protobufjs/utf8/-/utf8-1.1.2.tgz 275ms (cache miss)
5425 http fetch GET 200 https://registry.npmjs.org/@protobufjs/fetch/-/fetch-1.1.1.tgz 296ms (cache miss)
5426 http fetch GET 200 https://registry.npmjs.org/@rolldown/pluginutils/-/pluginutils-1.0.1.tgz 296ms (cache miss)
5427 http fetch GET 200 https://registry.npmjs.org/@protobufjs/base64/-/base64-1.1.2.tgz 328ms (cache miss)
5428 http fetch GET 200 https://registry.npmjs.org/@protobufjs/aspromise/-/aspromise-1.1.2.tgz 377ms (cache miss)
5429 http fetch GET 200 https://registry.npmjs.org/@protobufjs/codegen/-/codegen-2.0.5.tgz 383ms (cache miss)
5430 http fetch GET 200 https://registry.npmjs.org/@types/node/-/node-26.1.2.tgz 391ms (cache miss)
5431 http fetch GET 200 https://registry.npmjs.org/@smithy/util-base64/-/util-base64-4.6.2.tgz 427ms (cache miss)
5432 http fetch GET 200 https://registry.npmjs.org/@protobufjs/float/-/float-1.0.2.tgz 436ms (cache miss)
5433 http fetch GET 200 https://registry.npmjs.org/@img/sharp-wasm32/-/sharp-wasm32-0.35.5.tgz 441ms (cache miss)
5434 http fetch GET 200 https://registry.npmjs.org/@smithy/shared-ini-file-loader/-/shared-ini-file-loader-4.7.2.tgz 440ms (cache miss)
5435 http fetch GET 200 https://registry.npmjs.org/@stricli/core/-/core-1.3.0.tgz 453ms (cache miss)
5436 http fetch GET 200 https://registry.npmjs.org/@alchemy.run/sigil/-/sigil-0.0.0-alpha.11.tgz 459ms (cache miss)
5437 http fetch GET 200 https://registry.npmjs.org/@protobufjs/eventemitter/-/eventemitter-1.1.1.tgz 467ms (cache miss)
5438 http fetch GET 200 https://registry.npmjs.org/@prisma/composer-cli/-/composer-cli-0.29.1.tgz 470ms (cache miss)
5439 http fetch GET 200 https://registry.npmjs.org/@octokit/request-error/-/request-error-7.1.2.tgz 481ms (cache miss)
5440 http fetch GET 200 https://registry.npmjs.org/@octokit/types/-/types-18.0.0.tgz 491ms (cache miss)
5441 http fetch GET 200 https://registry.npmjs.org/@prisma/query-plan-executor/-/query-plan-executor-7.2.0.tgz 552ms (cache miss)
5442 http fetch GET 200 https://registry.npmjs.org/@prisma/debug/-/debug-7.2.0.tgz 558ms (cache miss)
5443 http fetch GET 200 https://registry.npmjs.org/@vercel/detect-agent/-/detect-agent-1.2.5.tgz 575ms (cache miss)
5444 http fetch GET 200 https://registry.npmjs.org/yallist/-/yallist-5.0.0.tgz 573ms (cache miss)
5445 http fetch GET 200 https://registry.npmjs.org/@vercel/nft/-/nft-1.11.0.tgz 580ms (cache miss)
5446 http fetch GET 200 https://registry.npmjs.org/@oxc-project/types/-/types-0.153.0.tgz 588ms (cache miss)
5447 http fetch GET 200 https://registry.npmjs.org/@puppeteer/browsers/-/browsers-3.2.4.tgz 593ms (cache miss)
5448 http fetch GET 200 https://registry.npmjs.org/@octokit/graphql/-/graphql-9.0.5.tgz 646ms (cache miss)
5449 http fetch GET 200 https://registry.npmjs.org/@typescript/typescript-darwin-arm64/-/typescript-darwin-arm64-7.0.2.tgz 716ms (cache miss)
5450 http fetch GET 200 https://registry.npmjs.org/@prisma/management-api-sdk/-/management-api-sdk-1.82.0.tgz 720ms (cache miss)
5451 http fetch GET 200 https://registry.npmjs.org/@octokit/plugin-rest-endpoint-methods/-/plugin-rest-endpoint-methods-17.0.0.tgz 724ms (cache miss)
5452 http fetch GET 200 https://registry.npmjs.org/@prisma/dev/-/dev-0.20.0.tgz 742ms (cache miss)
5453 http fetch GET 200 https://registry.npmjs.org/@octokit/endpoint/-/endpoint-11.0.5.tgz 744ms (cache miss)
5454 http fetch GET 200 https://registry.npmjs.org/@nodable/entities/-/entities-3.1.0.tgz 761ms (cache miss)
5455 http fetch GET 200 https://registry.npmjs.org/@octokit/rest/-/rest-22.0.1.tgz 794ms (cache miss)
5456 http fetch GET 200 https://registry.npmjs.org/@octokit/plugin-request-log/-/plugin-request-log-6.0.0.tgz 802ms (cache miss)
5457 http fetch GET 200 https://registry.npmjs.org/@rolldown/binding-darwin-arm64/-/binding-darwin-arm64-1.2.13.tgz 803ms (cache miss)
5458 http fetch GET 200 https://registry.npmjs.org/@octokit/webhooks-methods/-/webhooks-methods-6.0.0.tgz 804ms (cache miss)
5459 http fetch GET 200 https://registry.npmjs.org/@noble/hashes/-/hashes-2.4.0.tgz 815ms (cache miss)
5460 http fetch GET 200 https://registry.npmjs.org/@smithy/core/-/core-3.35.2.tgz 822ms (cache miss)
5461 http fetch GET 200 https://registry.npmjs.org/@octokit/auth-token/-/auth-token-6.0.0.tgz 823ms (cache miss)
5462 http fetch GET 200 https://registry.npmjs.org/@libsql/client/-/client-0.17.4.tgz 825ms (cache miss)
5463 http fetch GET 200 https://registry.npmjs.org/@prisma/orm-toolchain/-/orm-toolchain-8.0.0-rc.17.tgz 826ms (cache miss)
5464 http fetch GET 200 https://registry.npmjs.org/@octokit/plugin-paginate-rest/-/plugin-paginate-rest-14.0.0.tgz 827ms (cache miss)
5465 http fetch GET 200 https://registry.npmjs.org/@prisma/composer/-/composer-0.29.1.tgz 830ms (cache miss)
5466 http fetch GET 200 https://registry.npmjs.org/@jridgewell/sourcemap-codec/-/sourcemap-codec-1.6.0.tgz 847ms (cache miss)
5467 http fetch GET 200 https://registry.npmjs.org/@prisma/orm-target-postgres/-/orm-target-postgres-8.0.0-rc.17.tgz 855ms (cache miss)
5468 http fetch GET 200 https://registry.npmjs.org/@octokit/openapi-types/-/openapi-types-29.0.1.tgz 856ms (cache miss)
5469 http fetch GET 200 https://registry.npmjs.org/@libsql/hrana-client/-/hrana-client-0.10.0.tgz 864ms (cache miss)
5470 http fetch GET 200 https://registry.npmjs.org/@isaacs/fs-minipass/-/fs-minipass-4.0.1.tgz 869ms (cache miss)
5471 http fetch GET 200 https://registry.npmjs.org/@prisma/orm-framework/-/orm-framework-8.0.0-rc.17.tgz 888ms (cache miss)
5472 http fetch GET 200 https://registry.npmjs.org/@prisma/cli-engine/-/cli-engine-0.7.0.tgz 911ms (cache miss)
5473 http fetch GET 200 https://registry.npmjs.org/@prisma/compute-sdk/-/compute-sdk-0.43.0.tgz 914ms (cache miss)
5474 http fetch GET 200 https://registry.npmjs.org/@prisma/orm-postgres/-/orm-postgres-8.0.0-rc.17.tgz 917ms (cache miss)
5475 http fetch GET 200 https://registry.npmjs.org/@octokit/webhooks/-/webhooks-14.2.0.tgz 941ms (cache miss)
5476 http fetch GET 200 https://registry.npmjs.org/@octokit/request/-/request-10.0.16.tgz 955ms (cache miss)
5477 http fetch GET 200 https://registry.npmjs.org/@img/colour/-/colour-1.1.0.tgz 960ms (cache miss)
5478 http fetch GET 200 https://registry.npmjs.org/@libsql/core/-/core-0.17.4.tgz 965ms (cache miss)
5479 http fetch GET 200 https://registry.npmjs.org/@octokit/core/-/core-7.0.8.tgz 967ms (cache miss)
5480 http fetch GET 200 https://registry.npmjs.org/@prisma/orm-family-sql/-/orm-family-sql-8.0.0-rc.17.tgz 998ms (cache miss)
5481 http fetch GET 200 https://registry.npmjs.org/@octokit/openapi-webhooks-types/-/openapi-webhooks-types-12.1.0.tgz 999ms (cache miss)
5482 http fetch GET 200 https://registry.npmjs.org/@mrleebo/prisma-ast/-/prisma-ast-0.13.1.tgz 1012ms (cache miss)
5483 http fetch GET 200 https://registry.npmjs.org/@neon-rs/load/-/load-0.0.4.tgz 1015ms (cache miss)
5484 http fetch GET 200 https://registry.npmjs.org/@manypkg/tools/-/tools-2.1.2.tgz 1033ms (cache miss)
5485 http fetch GET 200 https://registry.npmjs.org/@libsql/isomorphic-ws/-/isomorphic-ws-0.1.5.tgz 1040ms (cache miss)
5486 http fetch GET 200 https://registry.npmjs.org/@mapbox/node-pre-gyp/-/node-pre-gyp-2.0.3.tgz 1054ms (cache miss)
5487 http fetch GET 200 https://registry.npmjs.org/@img/sharp-darwin-arm64/-/sharp-darwin-arm64-0.35.5.tgz 1238ms (cache miss)
5488 http fetch GET 200 https://registry.npmjs.org/@effect/vitest/-/vitest-4.0.0-rc.115.tgz 1243ms (cache miss)
5489 http fetch GET 200 https://registry.npmjs.org/@electric-sql/pglite-tools/-/pglite-tools-0.2.20.tgz 1257ms (cache miss)
5490 http fetch GET 200 https://registry.npmjs.org/@hono/node-server/-/node-server-1.19.9.tgz 1261ms (cache miss)
5491 http fetch GET 200 https://registry.npmjs.org/@electric-sql/pglite-socket/-/pglite-socket-0.0.20.tgz 1286ms (cache miss)
5492 http fetch GET 200 https://registry.npmjs.org/@libsql/darwin-arm64/-/darwin-arm64-0.5.29.tgz 1292ms (cache miss)
5493 http fetch GET 200 https://registry.npmjs.org/@effect/sql-sqlite-do/-/sql-sqlite-do-4.0.0-rc.115.tgz 1305ms (cache miss)
5494 http fetch GET 200 https://registry.npmjs.org/@effect/sql-d1/-/sql-d1-4.0.0-rc.115.tgz 1308ms (cache miss)
5495 http fetch GET 200 https://registry.npmjs.org/@aws-sdk/types/-/types-3.974.6.tgz 1429ms (cache miss)
5496 http fetch GET 200 https://registry.npmjs.org/@chevrotain/gast/-/gast-10.5.0.tgz 1498ms (cache miss)
5497 http fetch GET 200 https://registry.npmjs.org/@babel/parser/-/parser-7.29.9.tgz 1550ms (cache miss)
5498 http fetch GET 200 https://registry.npmjs.org/@cloudflare/workers-types/-/workers-types-5.20261008.1.tgz 1609ms (cache miss)
5499 http fetch GET 200 https://registry.npmjs.org/@electric-sql/pglite/-/pglite-0.3.15.tgz 1619ms (cache miss)
5500 http fetch GET 200 https://registry.npmjs.org/@aws-sdk/token-providers/-/token-providers-3.1138.0.tgz 1643ms (cache miss)
5501 http fetch GET 200 https://registry.npmjs.org/@aws-sdk/xml-builder/-/xml-builder-3.972.41.tgz 1651ms (cache miss)
5502 http fetch GET 200 https://registry.npmjs.org/@aws-sdk/signature-v4-multi-region/-/signature-v4-multi-region-3.996.47.tgz 1674ms (cache miss)
5503 http fetch GET 200 https://registry.npmjs.org/@babel/helper-validator-identifier/-/helper-validator-identifier-7.29.7.tgz 1678ms (cache miss)
5504 http fetch GET 200 https://registry.npmjs.org/@clack/core/-/core-1.4.0.tgz 1714ms (cache miss)
5505 http fetch GET 200 https://registry.npmjs.org/@babel/types/-/types-7.29.8.tgz 1733ms (cache miss)
5506 http fetch GET 200 https://registry.npmjs.org/@chevrotain/cst-dts-gen/-/cst-dts-gen-10.5.0.tgz 1736ms (cache miss)
5507 http fetch GET 200 https://registry.npmjs.org/@aws-sdk/nested-clients/-/nested-clients-3.997.46.tgz 1750ms (cache miss)
5508 http fetch GET 200 https://registry.npmjs.org/@aws-sdk/credential-provider-ini/-/credential-provider-ini-3.973.17.tgz 1752ms (cache miss)
5509 http fetch GET 200 https://registry.npmjs.org/@aws-sdk/credential-provider-web-identity/-/credential-provider-web-identity-3.972.78.tgz 1757ms (cache miss)
5510 http fetch GET 200 https://registry.npmjs.org/@cloudflare/unenv-preset/-/unenv-preset-2.16.2.tgz 1775ms (cache miss)
5511 http fetch GET 200 https://registry.npmjs.org/@aws-sdk/credential-provider-env/-/credential-provider-env-3.972.72.tgz 1781ms (cache miss)
5512 http fetch GET 200 https://registry.npmjs.org/@clack/prompts/-/prompts-1.5.0.tgz 1788ms (cache miss)
5513 http fetch GET 200 https://registry.npmjs.org/@babel/helper-string-parser/-/helper-string-parser-7.29.7.tgz 1796ms (cache miss)
5514 http fetch GET 200 https://registry.npmjs.org/@aws-sdk/credential-provider-node/-/credential-provider-node-3.972.84.tgz 1801ms (cache miss)
5515 http fetch GET 200 https://registry.npmjs.org/@chevrotain/types/-/types-10.5.0.tgz 1813ms (cache miss)
5516 http fetch GET 200 https://registry.npmjs.org/@aws-sdk/credential-provider-http/-/credential-provider-http-3.972.74.tgz 1815ms (cache miss)
5517 http fetch GET 200 https://registry.npmjs.org/@aws-sdk/credential-provider-process/-/credential-provider-process-3.972.72.tgz 1826ms (cache miss)
5518 http fetch GET 200 https://registry.npmjs.org/@aws-sdk/credential-provider-sso/-/credential-provider-sso-3.973.16.tgz 1836ms (cache miss)
5519 http fetch GET 200 https://registry.npmjs.org/yauzl/-/yauzl-3.4.0.tgz 1863ms (cache miss)
5520 http fetch GET 200 https://registry.npmjs.org/@chevrotain/utils/-/utils-10.5.0.tgz 1866ms (cache miss)
5521 http fetch GET 200 https://registry.npmjs.org/yoctocolors/-/yoctocolors-2.2.0.tgz 1886ms (cache miss)
5522 http fetch GET 200 https://registry.npmjs.org/xtend/-/xtend-4.0.2.tgz 1887ms (cache miss)
5523 http fetch GET 200 https://registry.npmjs.org/@aws/lambda-invoke-store/-/lambda-invoke-store-0.3.0.tgz 1896ms (cache miss)
5524 http fetch GET 200 https://registry.npmjs.org/which/-/which-2.0.2.tgz 1905ms (cache miss)
5525 http fetch GET 200 https://registry.npmjs.org/@types/aws-lambda/-/aws-lambda-8.10.164.tgz 1909ms (cache miss)
5526 http fetch GET 200 https://registry.npmjs.org/xml-naming/-/xml-naming-0.3.0.tgz 1912ms (cache miss)
5527 http fetch GET 200 https://registry.npmjs.org/zod/-/zod-4.6.5.tgz 1928ms (cache miss)
5528 http fetch GET 200 https://registry.npmjs.org/zeptomatch/-/zeptomatch-2.1.0.tgz 1928ms (cache miss)
5529 http fetch GET 200 https://registry.npmjs.org/ws/-/ws-8.22.0.tgz 1934ms (cache miss)
5530 http fetch GET 200 https://registry.npmjs.org/why-is-node-running/-/why-is-node-running-3.2.1.tgz 1934ms (cache miss)
5531 http fetch GET 200 https://registry.npmjs.org/yaml/-/yaml-2.9.1.tgz 1944ms (cache miss)
5532 http fetch GET 200 https://registry.npmjs.org/@aws-sdk/core/-/core-3.978.1.tgz 1961ms (cache miss)
5533 http fetch GET 200 https://registry.npmjs.org/vscode-languageserver/-/vscode-languageserver-10.1.0.tgz 2023ms (cache miss)
5534 http fetch GET 200 https://registry.npmjs.org/@alchemy.run/node-utils/-/node-utils-2.0.0-beta.78.tgz 2070ms (cache miss)
5535 http fetch GET 200 https://registry.npmjs.org/vscode-jsonrpc/-/vscode-jsonrpc-9.0.1.tgz 2109ms (cache miss)
5536 http fetch GET 200 https://registry.npmjs.org/vscode-languageserver-types/-/vscode-languageserver-types-3.18.0.tgz 2151ms (cache miss)
5537 http fetch GET 200 https://registry.npmjs.org/@img/sharp-libvips-darwin-arm64/-/sharp-libvips-darwin-arm64-1.3.4.tgz 2162ms (cache miss)
5538 http fetch GET 200 https://registry.npmjs.org/vscode-languageserver-textdocument/-/vscode-languageserver-textdocument-1.0.12.tgz 2184ms (cache miss)
5539 http fetch GET 200 https://registry.npmjs.org/typanion/-/typanion-3.14.0.tgz 2194ms (cache miss)
5540 http fetch GET 200 https://registry.npmjs.org/unenv/-/unenv-2.0.0-rc.24.tgz 2197ms (cache miss)
5541 http fetch GET 200 https://registry.npmjs.org/universal-user-agent/-/universal-user-agent-7.0.3.tgz 2198ms (cache miss)
5542 http fetch GET 200 https://registry.npmjs.org/@ark/util/-/util-0.56.7.tgz 2205ms (cache miss)
5543 http fetch GET 200 https://registry.npmjs.org/unicorn-magic/-/unicorn-magic-0.3.0.tgz 2218ms (cache miss)
5544 http fetch GET 200 https://registry.npmjs.org/@aws-sdk/credential-providers/-/credential-providers-3.1148.0.tgz 2249ms (cache miss)
5545 http fetch GET 200 https://registry.npmjs.org/undici-types/-/undici-types-8.3.0.tgz 2254ms (cache miss)
5546 http fetch GET 200 https://registry.npmjs.org/tinybench/-/tinybench-6.2.1.tgz 2262ms (cache miss)
5547 http fetch GET 200 https://registry.npmjs.org/uniku/-/uniku-0.5.0.tgz 2329ms (cache miss)
5548 http fetch GET 200 https://registry.npmjs.org/valibot/-/valibot-1.2.0.tgz 2330ms (cache miss)
5549 http fetch GET 200 https://registry.npmjs.org/@aws-sdk/credential-provider-cognito-identity/-/credential-provider-cognito-identity-3.972.71.tgz 2339ms (cache miss)
5550 http fetch GET 200 https://registry.npmjs.org/@ark/schema/-/schema-0.56.7.tgz 2344ms (cache miss)
5551 http fetch GET 200 https://registry.npmjs.org/text-decoder/-/text-decoder-1.2.7.tgz 2348ms (cache miss)
5552 http fetch GET 200 https://registry.npmjs.org/teex/-/teex-1.0.1.tgz 2357ms (cache miss)
5553 http fetch GET 200 https://registry.npmjs.org/@google/genai/-/genai-2.28.0.tgz 2367ms (cache miss)
5554 http fetch GET 200 https://registry.npmjs.org/typescript/-/typescript-7.0.2.tgz 2374ms (cache miss)
5555 http fetch GET 200 https://registry.npmjs.org/strnum/-/strnum-2.4.2.tgz 2375ms (cache miss)
5556 http fetch GET 200 https://registry.npmjs.org/tar-stream/-/tar-stream-3.2.2.tgz 2377ms (cache miss)
5557 http fetch GET 200 https://registry.npmjs.org/tiny-invariant/-/tiny-invariant-1.3.3.tgz 2382ms (cache miss)
5558 http fetch GET 200 https://registry.npmjs.org/web-streams-polyfill/-/web-streams-polyfill-3.3.3.tgz 2386ms (cache miss)
5559 http fetch GET 200 https://registry.npmjs.org/streamx/-/streamx-2.28.1.tgz 2388ms (cache miss)
5560 http fetch GET 200 https://registry.npmjs.org/strip-final-newline/-/strip-final-newline-4.0.0.tgz 2407ms (cache miss)
5561 http fetch GET 200 https://registry.npmjs.org/std-env/-/std-env-4.3.0.tgz 2412ms (cache miss)
5562 http fetch GET 200 https://registry.npmjs.org/split2/-/split2-4.2.0.tgz 2411ms (cache miss)
5563 http fetch GET 200 https://registry.npmjs.org/string-width/-/string-width-4.2.3.tgz 2412ms (cache miss)
5564 http fetch GET 200 https://registry.npmjs.org/source-map-js/-/source-map-js-1.2.2.tgz 2419ms (cache miss)
5565 http fetch GET 200 https://registry.npmjs.org/strip-ansi/-/strip-ansi-6.0.1.tgz 2423ms (cache miss)
5566 http fetch GET 200 https://registry.npmjs.org/signal-exit/-/signal-exit-4.1.0.tgz 2428ms (cache miss)
5567 http fetch GET 200 https://registry.npmjs.org/sisteransi/-/sisteransi-1.0.5.tgz 2428ms (cache miss)
5568 http fetch GET 200 https://registry.npmjs.org/shebang-command/-/shebang-command-2.0.0.tgz 2439ms (cache miss)
5569 http fetch GET 200 https://registry.npmjs.org/run-applescript/-/run-applescript-7.1.0.tgz 2440ms (cache miss)
5570 http fetch GET 200 https://registry.npmjs.org/@aws-sdk/credential-provider-login/-/credential-provider-login-3.972.79.tgz 2451ms (cache miss)
5571 http fetch GET 200 https://registry.npmjs.org/semver/-/semver-7.8.5.tgz 2454ms (cache miss)
5572 http fetch GET 200 https://registry.npmjs.org/undici/-/undici-7.30.0.tgz 2456ms (cache miss)
5573 http fetch GET 200 https://registry.npmjs.org/retry/-/retry-0.13.1.tgz 2465ms (cache miss)
5574 http fetch GET 200 https://registry.npmjs.org/resolve-from/-/resolve-from-5.0.0.tgz 2471ms (cache miss)
5575 http fetch GET 200 https://registry.npmjs.org/readdirp/-/readdirp-5.1.1.tgz 2473ms (cache miss)
5576 http fetch GET 200 https://registry.npmjs.org/react-reconciler/-/react-reconciler-0.34.0.tgz 2486ms (cache miss)
5577 http fetch GET 200 https://registry.npmjs.org/shebang-regex/-/shebang-regex-3.0.0.tgz 2489ms (cache miss)
5578 http fetch GET 200 https://registry.npmjs.org/regexp-to-ast/-/regexp-to-ast-0.5.0.tgz 2491ms (cache miss)
5579 http fetch GET 200 https://registry.npmjs.org/react/-/react-19.3.0.tgz 2492ms (cache miss)
5580 http fetch GET 200 https://registry.npmjs.org/@esbuild/darwin-arm64/-/darwin-arm64-0.28.2.tgz 2514ms (cache miss)
5581 http fetch GET 200 https://registry.npmjs.org/tinyexec/-/tinyexec-1.3.1.tgz 2509ms (cache miss)
5582 http fetch GET 200 https://registry.npmjs.org/rc9/-/rc9-3.1.0.tgz 2507ms (cache miss)
5583 http fetch GET 200 https://registry.npmjs.org/proxy-from-env/-/proxy-from-env-2.1.0.tgz 2513ms (cache miss)
5584 http fetch GET 200 https://registry.npmjs.org/pretty-ms/-/pretty-ms-9.3.1.tgz 2513ms (cache miss)
5585 http fetch GET 200 https://registry.npmjs.org/proper-lockfile/-/proper-lockfile-4.1.2.tgz 2525ms (cache miss)
5586 http fetch GET 200 https://registry.npmjs.org/powershell-utils/-/powershell-utils-0.2.1.tgz 2526ms (cache miss)
5587 http fetch GET 200 https://registry.npmjs.org/rolldown/-/rolldown-1.2.13.tgz 2527ms (cache miss)
5588 http fetch GET 200 https://registry.npmjs.org/promise-limit/-/promise-limit-2.7.0.tgz 2527ms (cache miss)
5589 http fetch GET 200 https://registry.npmjs.org/postgres-interval/-/postgres-interval-1.2.0.tgz 2544ms (cache miss)
5590 http fetch GET 200 https://registry.npmjs.org/postgres-array/-/postgres-array-2.0.0.tgz 2546ms (cache miss)
5591 http fetch GET 200 https://registry.npmjs.org/ts-toolbelt/-/ts-toolbelt-9.6.0.tgz 2555ms (cache miss)
5592 http fetch GET 200 https://registry.npmjs.org/tinyglobby/-/tinyglobby-0.2.17.tgz 2579ms (cache miss)
5593 http fetch GET 200 https://registry.npmjs.org/picomatch/-/picomatch-4.0.7.tgz 2584ms (cache miss)
5594 http fetch GET 200 https://registry.npmjs.org/pg-protocol/-/pg-protocol-1.16.1.tgz 2598ms (cache miss)
5595 http fetch GET 200 https://registry.npmjs.org/pluralize/-/pluralize-8.0.0.tgz 2610ms (cache miss)
5596 http fetch GET 200 https://registry.npmjs.org/workerd/-/workerd-1.20260901.1.tgz 2615ms (cache miss)
5597 http fetch GET 200 https://registry.npmjs.org/pg-cursor/-/pg-cursor-2.22.1.tgz 2626ms (cache miss)
5598 http fetch GET 200 https://registry.npmjs.org/pg-types/-/pg-types-2.2.0.tgz 2659ms (cache miss)
5599 http fetch GET 200 https://registry.npmjs.org/pg-pool/-/pg-pool-3.14.0.tgz 2660ms (cache miss)
5600 http fetch GET 200 https://registry.npmjs.org/prisma/-/prisma-8.0.0-rc.22.tgz 2668ms (cache miss)
5601 http fetch GET 200 https://registry.npmjs.org/vscode-languageserver-protocol/-/vscode-languageserver-protocol-3.18.2.tgz 2683ms (cache miss)
5602 http fetch GET 200 https://registry.npmjs.org/pg-int8/-/pg-int8-1.0.1.tgz 2698ms (cache miss)
5603 http fetch GET 200 https://registry.npmjs.org/protobufjs/-/protobufjs-7.6.6.tgz 2702ms (cache miss)
5604 http fetch GET 200 https://registry.npmjs.org/perfect-debounce/-/perfect-debounce-2.1.0.tgz 2721ms (cache miss)
5605 http fetch GET 200 https://registry.npmjs.org/pend/-/pend-1.2.0.tgz 2723ms (cache miss)
5606 http fetch GET 200 https://registry.npmjs.org/path-scurry/-/path-scurry-2.0.2.tgz 2731ms (cache miss)
5607 http fetch GET 200 https://registry.npmjs.org/pg/-/pg-8.22.0.tgz 2734ms (cache miss)
5608 http fetch GET 200 https://registry.npmjs.org/pg-cloudflare/-/pg-cloudflare-1.4.1.tgz 2747ms (cache miss)
5609 http fetch GET 200 https://registry.npmjs.org/pathe/-/pathe-2.0.3.tgz 2748ms (cache miss)
5610 http fetch GET 200 https://registry.npmjs.org/path-key/-/path-key-3.1.1.tgz 2762ms (cache miss)
5611 http fetch GET 200 https://registry.npmjs.org/openapi-typescript-helpers/-/openapi-typescript-helpers-0.0.15.tgz 2762ms (cache miss)
5612 http fetch GET 200 https://registry.npmjs.org/parse-ms/-/parse-ms-4.0.0.tgz 2770ms (cache miss)
5613 http fetch GET 200 https://registry.npmjs.org/postgres-bytea/-/postgres-bytea-1.0.1.tgz 2773ms (cache miss)
5614 http fetch GET 200 https://registry.npmjs.org/package-manager-detector/-/package-manager-detector-1.8.0.tgz 2771ms (cache miss)
5615 http fetch GET 200 https://registry.npmjs.org/p-retry/-/p-retry-4.6.2.tgz 2783ms (cache miss)
5616 http fetch GET 200 https://registry.npmjs.org/obug/-/obug-2.2.1.tgz 2785ms (cache miss)
5617 http fetch GET 200 https://registry.npmjs.org/remeda/-/remeda-2.33.4.tgz 2792ms (cache miss)
5618 http fetch GET 200 https://registry.npmjs.org/postgres-date/-/postgres-date-1.0.7.tgz 2791ms (cache miss)
5619 http fetch GET 200 https://registry.npmjs.org/sharp/-/sharp-0.35.5.tgz 2793ms (cache miss)
5620 http fetch GET 200 https://registry.npmjs.org/open/-/open-11.0.4.tgz 2796ms (cache miss)
5621 http fetch GET 200 https://registry.npmjs.org/npm-run-path/-/npm-run-path-6.0.0.tgz 2808ms (cache miss)
5622 http fetch GET 200 https://registry.npmjs.org/picocolors/-/picocolors-1.1.1.tgz 2808ms (cache miss)
5623 http fetch GET 200 https://registry.npmjs.org/nopt/-/nopt-8.1.0.tgz 2808ms (cache miss)
5624 http fetch GET 200 https://registry.npmjs.org/openapi-fetch/-/openapi-fetch-0.14.0.tgz 2815ms (cache miss)
5625 http fetch GET 200 https://registry.npmjs.org/nanoid/-/nanoid-3.3.20.tgz 2817ms (cache miss)
5626 http fetch GET 200 https://registry.npmjs.org/prettier/-/prettier-3.9.9.tgz 2824ms (cache miss)
5627 http fetch GET 200 https://registry.npmjs.org/ms/-/ms-2.1.3.tgz 2830ms (cache miss)
5628 http fetch GET 200 https://registry.npmjs.org/giget/-/giget-3.3.1.tgz 2830ms (cache miss)
5629 http fetch GET 200 https://registry.npmjs.org/modern-tar/-/modern-tar-0.8.5.tgz 2831ms (cache miss)
5630 http fetch GET 200 https://registry.npmjs.org/pkg-types/-/pkg-types-2.3.3.tgz 2841ms (cache miss)
5631 http fetch GET 200 https://registry.npmjs.org/node-gyp-build/-/node-gyp-build-4.8.4.tgz 2839ms (cache miss)
5632 http fetch GET 200 https://registry.npmjs.org/minizlib/-/minizlib-3.1.0.tgz 2840ms (cache miss)
5633 http fetch GET 200 https://registry.npmjs.org/postcss/-/postcss-8.5.29.tgz 2844ms (cache miss)
5634 http fetch GET 200 https://registry.npmjs.org/node-addon-api/-/node-addon-api-8.9.2.tgz 2848ms (cache miss)
5635 http fetch GET 200 https://registry.npmjs.org/node-domexception/-/node-domexception-1.0.0.tgz 2856ms (cache miss)
5636 http fetch GET 200 https://registry.npmjs.org/lodash.isstring/-/lodash.isstring-4.0.1.tgz 2856ms (cache miss)
5637 http fetch GET 200 https://registry.npmjs.org/lodash.isplainobject/-/lodash.isplainobject-4.0.6.tgz 2859ms (cache miss)
5638 warn deprecated node-domexception@1.0.0: Use your platform's native DOMException instead
5639 http fetch GET 200 https://registry.npmjs.org/lodash.isinteger/-/lodash.isinteger-4.0.4.tgz 2884ms (cache miss)
5640 http fetch GET 200 https://registry.npmjs.org/minipass/-/minipass-7.1.3.tgz 2885ms (cache miss)
5641 http fetch GET 200 https://registry.npmjs.org/long/-/long-4.0.0.tgz 2887ms (cache miss)
5642 http fetch GET 200 https://registry.npmjs.org/lodash.isnumber/-/lodash.isnumber-3.0.3.tgz 2887ms (cache miss)
5643 http fetch GET 200 https://registry.npmjs.org/magic-string/-/magic-string-1.4.3.tgz 2888ms (cache miss)
5644 http fetch GET 200 https://registry.npmjs.org/lodash.includes/-/lodash.includes-4.3.0.tgz 2888ms (cache miss)
5645 http fetch GET 200 https://registry.npmjs.org/lodash.isboolean/-/lodash.isboolean-3.0.3.tgz 2887ms (cache miss)
5646 http fetch GET 200 https://registry.npmjs.org/pgpass/-/pgpass-1.0.5.tgz 2890ms (cache miss)
5647 http fetch GET 200 https://registry.npmjs.org/magicast/-/magicast-0.5.5.tgz 2888ms (cache miss)
5648 http fetch GET 200 https://registry.npmjs.org/lodash.once/-/lodash.once-4.1.1.tgz 2889ms (cache miss)
5649 http fetch GET 200 https://registry.npmjs.org/libsql/-/libsql-0.5.29.tgz 2892ms (cache miss)
5650 http fetch GET 200 https://registry.npmjs.org/ohash/-/ohash-2.0.12.tgz 2896ms (cache miss)
5651 http fetch GET 200 https://registry.npmjs.org/lilconfig/-/lilconfig-2.1.0.tgz 2896ms (cache miss)
5652 http fetch GET 200 https://registry.npmjs.org/jsonwebtoken/-/jsonwebtoken-9.0.3.tgz 2907ms (cache miss)
5653 http fetch GET 200 https://registry.npmjs.org/jws/-/jws-4.0.1.tgz 2910ms (cache miss)
5654 http fetch GET 200 https://registry.npmjs.org/pg-connection-string/-/pg-connection-string-2.14.1.tgz 2913ms (cache miss)
5655 http fetch GET 200 https://registry.npmjs.org/jwa/-/jwa-2.0.1.tgz 2918ms (cache miss)
5656 http fetch GET 200 https://registry.npmjs.org/json-with-bigint/-/json-with-bigint-3.5.12.tgz 2919ms (cache miss)
5657 http fetch GET 200 https://registry.npmjs.org/jsonc-parser/-/jsonc-parser-3.3.1.tgz 2923ms (cache miss)
5658 http fetch GET 200 https://registry.npmjs.org/json-bigint/-/json-bigint-1.0.0.tgz 2931ms (cache miss)
5659 http fetch GET 200 https://registry.npmjs.org/jju/-/jju-1.4.0.tgz 2931ms (cache miss)
5660 http fetch GET 200 https://registry.npmjs.org/isexe/-/isexe-2.0.0.tgz 2932ms (cache miss)
5661 http fetch GET 200 https://registry.npmjs.org/lightningcss/-/lightningcss-1.33.0.tgz 2935ms (cache miss)
5662 http fetch GET 200 https://registry.npmjs.org/is-plain-obj/-/is-plain-obj-4.1.0.tgz 2934ms (cache miss)
5663 http fetch GET 200 https://registry.npmjs.org/js-base64/-/js-base64-3.9.4.tgz 2938ms (cache miss)
5664 http fetch GET 200 https://registry.npmjs.org/libsodium-wrappers/-/libsodium-wrappers-0.8.4.tgz 2939ms (cache miss)
5665 http fetch GET 200 https://registry.npmjs.org/is-wsl/-/is-wsl-3.1.1.tgz 2947ms (cache miss)
5666 http fetch GET 200 https://registry.npmjs.org/is-unsafe/-/is-unsafe-2.0.2.tgz 2948ms (cache miss)
5667 http fetch GET 200 https://registry.npmjs.org/is-stream/-/is-stream-4.0.1.tgz 2955ms (cache miss)
5668 http fetch GET 200 https://registry.npmjs.org/is-inside-container/-/is-inside-container-1.0.0.tgz 2959ms (cache miss)
5669 http fetch GET 200 https://registry.npmjs.org/human-signals/-/human-signals-8.0.1.tgz 2957ms (cache miss)
5670 http fetch GET 200 https://registry.npmjs.org/is-in-ssh/-/is-in-ssh-1.0.0.tgz 2959ms (cache miss)
5671 http fetch GET 200 https://registry.npmjs.org/tar/-/tar-7.5.22.tgz 2970ms (cache miss)
5672 http fetch GET 200 https://registry.npmjs.org/hasown/-/hasown-2.0.4.tgz 2967ms (cache miss)
5673 http fetch GET 200 https://registry.npmjs.org/https-proxy-agent/-/https-proxy-agent-5.0.1.tgz 2967ms (cache miss)
5674 http fetch GET 200 https://registry.npmjs.org/fast-string-truncated-width/-/fast-string-truncated-width-3.0.3.tgz 2972ms (cache miss)
5675 http fetch GET 200 https://registry.npmjs.org/http-status-codes/-/http-status-codes-2.3.0.tgz 2973ms (cache miss)
5676 http fetch GET 200 https://registry.npmjs.org/is-unicode-supported/-/is-unicode-supported-2.1.0.tgz 2973ms (cache miss)
5677 http fetch GET 200 https://registry.npmjs.org/lodash/-/lodash-4.17.21.tgz 2979ms (cache miss)
5678 http fetch GET 200 https://registry.npmjs.org/grammex/-/grammex-3.1.13.tgz 2990ms (cache miss)
5679 http fetch GET 200 https://registry.npmjs.org/graphmatch/-/graphmatch-1.1.1.tgz 2992ms (cache miss)
5680 http fetch GET 200 https://registry.npmjs.org/get-east-asian-width/-/get-east-asian-width-1.7.0.tgz 2995ms (cache miss)
5681 http fetch GET 200 https://registry.npmjs.org/google-logging-utils/-/google-logging-utils-1.1.3.tgz 2995ms (cache miss)
5682 http fetch GET 200 https://registry.npmjs.org/is-docker/-/is-docker-3.0.0.tgz 3008ms (cache miss)
5683 http fetch GET 200 https://registry.npmjs.org/get-stream/-/get-stream-9.0.1.tgz 3008ms (cache miss)
5684 http fetch GET 200 https://registry.npmjs.org/jiti/-/jiti-2.7.0.tgz 3011ms (cache miss)
5685 http fetch GET 200 https://registry.npmjs.org/gcp-metadata/-/gcp-metadata-8.1.2.tgz 3021ms (cache miss)
5686 http fetch GET 200 https://registry.npmjs.org/formdata-polyfill/-/formdata-polyfill-4.0.10.tgz 3025ms (cache miss)
5687 http fetch GET 200 https://registry.npmjs.org/fsevents/-/fsevents-2.3.3.tgz 3026ms (cache miss)
5688 http fetch GET 200 https://registry.npmjs.org/graceful-fs/-/graceful-fs-4.2.11.tgz 3032ms (cache miss)
5689 http fetch GET 200 https://registry.npmjs.org/file-uri-to-path/-/file-uri-to-path-1.0.0.tgz 3049ms (cache miss)
5690 http fetch GET 200 https://registry.npmjs.org/fdir/-/fdir-6.5.0.tgz 3050ms (cache miss)
5691 http fetch GET 200 https://registry.npmjs.org/libsodium/-/libsodium-0.8.4.tgz 3059ms (cache miss)
5692 http fetch GET 200 https://registry.npmjs.org/fetch-blob/-/fetch-blob-3.2.0.tgz 3069ms (cache miss)
5693 http fetch GET 200 https://registry.npmjs.org/form-data/-/form-data-4.0.6.tgz 3071ms (cache miss)
5694 http fetch GET 200 https://registry.npmjs.org/figures/-/figures-6.1.0.tgz 3082ms (cache miss)
5695 http fetch GET 200 https://registry.npmjs.org/fast-fifo/-/fast-fifo-1.3.2.tgz 3086ms (cache miss)
5696 http fetch GET 200 https://registry.npmjs.org/fast-wrap-ansi/-/fast-wrap-ansi-0.2.2.tgz 3086ms (cache miss)
5697 http fetch GET 200 https://registry.npmjs.org/foreground-child/-/foreground-child-3.3.1.tgz 3088ms (cache miss)
5698 http fetch GET 200 https://registry.npmjs.org/exsolve/-/exsolve-1.1.3.tgz 3098ms (cache miss)
5699 http fetch GET 200 https://registry.npmjs.org/extend/-/extend-3.0.2.tgz 3098ms (cache miss)
5700 http fetch GET 200 https://registry.npmjs.org/google-auth-library/-/google-auth-library-10.9.1.tgz 3107ms (cache miss)
5701 http fetch GET 200 https://registry.npmjs.org/estree-walker/-/estree-walker-2.0.2.tgz 3108ms (cache miss)
5702 http fetch GET 200 https://registry.npmjs.org/expect-type/-/expect-type-1.4.0.tgz 3118ms (cache miss)
5703 http fetch GET 200 https://registry.npmjs.org/detect-libc/-/detect-libc-2.1.2.tgz 3123ms (cache miss)
5704 http fetch GET 200 https://registry.npmjs.org/events-universal/-/events-universal-1.0.1.tgz 3136ms (cache miss)
5705 http fetch GET 200 https://registry.npmjs.org/es-module-lexer/-/es-module-lexer-2.3.2.tgz 3137ms (cache miss)
5706 http fetch GET 200 https://registry.npmjs.org/defu/-/defu-6.1.7.tgz 3138ms (cache miss)
5707 http fetch GET 200 https://registry.npmjs.org/dotenv/-/dotenv-17.4.2.tgz 3140ms (cache miss)
5708 http fetch GET 200 https://registry.npmjs.org/execa/-/execa-9.6.1.tgz 3142ms (cache miss)
5709 http fetch GET 200 https://registry.npmjs.org/lru-cache/-/lru-cache-11.5.3.tgz 3152ms (cache miss)
5710 http fetch GET 200 https://registry.npmjs.org/fast-string-width/-/fast-string-width-3.0.2.tgz 3148ms (cache miss)
5711 http fetch GET 200 https://registry.npmjs.org/ecdsa-sig-formatter/-/ecdsa-sig-formatter-1.0.11.tgz 3153ms (cache miss)
5712 http fetch GET 200 https://registry.npmjs.org/default-browser/-/default-browser-5.5.1.tgz 3155ms (cache miss)
5713 http fetch GET 200 https://registry.npmjs.org/debug/-/debug-4.4.3.tgz 3159ms (cache miss)
5714 http fetch GET 200 https://registry.npmjs.org/destr/-/destr-2.0.5.tgz 3162ms (cache miss)
5715 http fetch GET 200 https://registry.npmjs.org/hono/-/hono-4.11.4.tgz 3173ms (cache miss)
5716 http fetch GET 200 https://registry.npmjs.org/data-uri-to-buffer/-/data-uri-to-buffer-4.0.1.tgz 3173ms (cache miss)
5717 http fetch GET 200 https://registry.npmjs.org/cross-spawn/-/cross-spawn-7.0.6.tgz 3179ms (cache miss)
5718 http fetch GET 200 https://registry.npmjs.org/content-type/-/content-type-3.1.1.tgz 3181ms (cache miss)
5719 http fetch GET 200 https://registry.npmjs.org/fast-xml-parser/-/fast-xml-parser-5.11.2.tgz 3182ms (cache miss)
5720 http fetch GET 200 https://registry.npmjs.org/esbuild/-/esbuild-0.28.2.tgz 3182ms (cache miss)
5721 http fetch GET 200 https://registry.npmjs.org/consola/-/consola-3.4.2.tgz 3187ms (cache miss)
5722 http fetch GET 200 https://registry.npmjs.org/default-browser-id/-/default-browser-id-5.0.1.tgz 3187ms (cache miss)
5723 http fetch GET 200 https://registry.npmjs.org/gaxios/-/gaxios-7.3.1.tgz 3197ms (cache miss)
5724 http fetch GET 200 https://registry.npmjs.org/define-lazy-prop/-/define-lazy-prop-3.0.0.tgz 3201ms (cache miss)
5725 http fetch GET 200 https://registry.npmjs.org/colorette/-/colorette-2.0.20.tgz 3201ms (cache miss)
5726 http fetch GET 200 https://registry.npmjs.org/fast-xml-builder/-/fast-xml-builder-1.3.1.tgz 3202ms (cache miss)
5727 http fetch GET 200 https://registry.npmjs.org/chownr/-/chownr-3.0.0.tgz 3202ms (cache miss)
5728 http fetch GET 200 https://registry.npmjs.org/closest-match/-/closest-match-1.3.3.tgz 3204ms (cache miss)
5729 http fetch GET 200 https://registry.npmjs.org/get-port-please/-/get-port-please-3.2.0.tgz 3211ms (cache miss)
5730 http fetch GET 200 https://registry.npmjs.org/ci-info/-/ci-info-4.4.0.tgz 3210ms (cache miss)
5731 http fetch GET 200 https://registry.npmjs.org/clipanion/-/clipanion-4.0.0-rc.4.tgz 3212ms (cache miss)
5732 http fetch GET 200 https://registry.npmjs.org/buffer-equal-constant-time/-/buffer-equal-constant-time-1.0.1.tgz 3231ms (cache miss)
5733 http fetch GET 200 https://registry.npmjs.org/bundle-name/-/bundle-name-4.1.1.tgz 3233ms (cache miss)
5734 http fetch GET 200 https://registry.npmjs.org/c12/-/c12-3.3.4.tgz 3233ms (cache miss)
5735 http fetch GET 200 https://registry.npmjs.org/confbox/-/confbox-0.2.4.tgz 3236ms (cache miss)
5736 http fetch GET 200 https://registry.npmjs.org/bindings/-/bindings-1.5.0.tgz 3235ms (cache miss)
5737 http fetch GET 200 https://registry.npmjs.org/chai/-/chai-6.3.0.tgz 3239ms (cache miss)
5738 http fetch GET 200 https://registry.npmjs.org/follow-redirects/-/follow-redirects-1.16.1.tgz 3259ms (cache miss)
5739 http fetch GET 200 https://registry.npmjs.org/chokidar/-/chokidar-5.0.0.tgz 3266ms (cache miss)
5740 http fetch GET 200 https://registry.npmjs.org/bare-stream/-/bare-stream-2.13.4.tgz 3272ms (cache miss)
5741 http fetch GET 200 https://registry.npmjs.org/bignumber.js/-/bignumber.js-9.3.1.tgz 3305ms (cache miss)
5742 http fetch GET 200 https://registry.npmjs.org/bare-events/-/bare-events-2.9.2.tgz 3337ms (cache miss)
5743 http fetch GET 200 https://registry.npmjs.org/bare-fs/-/bare-fs-4.8.3.tgz 3416ms (cache miss)
5744 http fetch GET 200 https://registry.npmjs.org/aws4fetch/-/aws4fetch-1.0.20.tgz 3435ms (cache miss)
5745 http fetch GET 200 https://registry.npmjs.org/async-sema/-/async-sema-3.1.1.tgz 3458ms (cache miss)
5746 http fetch GET 200 https://registry.npmjs.org/before-after-hook/-/before-after-hook-4.0.0.tgz 3470ms (cache miss)
5747 http fetch GET 200 https://registry.npmjs.org/assertion-error/-/assertion-error-2.0.1.tgz 3476ms (cache miss)
5748 http fetch GET 200 https://registry.npmjs.org/arkregex/-/arkregex-0.0.13.tgz 3495ms (cache miss)
5749 http fetch GET 200 https://registry.npmjs.org/base64-js/-/base64-js-1.5.1.tgz 3496ms (cache miss)
5750 http fetch GET 200 https://registry.npmjs.org/b4a/-/b4a-1.9.0.tgz 3533ms (cache miss)
5751 http fetch GET 200 https://registry.npmjs.org/bowser/-/bowser-2.14.1.tgz 3554ms (cache miss)
5752 http fetch GET 200 https://registry.npmjs.org/abbrev/-/abbrev-3.0.1.tgz 3554ms (cache miss)
5753 http fetch GET 200 https://registry.npmjs.org/arktype/-/arktype-2.2.8.tgz 3554ms (cache miss)
5754 http fetch GET 200 https://registry.npmjs.org/acorn-import-attributes/-/acorn-import-attributes-1.9.5.tgz 3561ms (cache miss)
5755 http fetch GET 200 https://registry.npmjs.org/estree-walker/-/estree-walker-3.0.3.tgz 3561ms (cache miss)
5756 http fetch GET 200 https://registry.npmjs.org/better-result/-/better-result-2.10.0.tgz 3562ms (cache miss)
5757 http fetch GET 200 https://registry.npmjs.org/bcrypt/-/bcrypt-6.0.0.tgz 3569ms (cache miss)
5758 http fetch GET 200 https://registry.npmjs.org/balanced-match/-/balanced-match-4.0.4.tgz 3575ms (cache miss)
5759 http fetch GET 200 https://registry.npmjs.org/brace-expansion/-/brace-expansion-5.0.12.tgz 3585ms (cache miss)
5760 http fetch GET 200 https://registry.npmjs.org/ansi-regex/-/ansi-regex-5.0.1.tgz 3590ms (cache miss)
5761 http fetch GET 200 https://registry.npmjs.org/agent-base/-/agent-base-6.0.2.tgz 3591ms (cache miss)
5762 http fetch GET 200 https://registry.npmjs.org/acorn/-/acorn-8.19.0.tgz 3604ms (cache miss)
5763 http fetch GET 200 https://registry.npmjs.org/scheduler/-/scheduler-0.28.0.tgz 3612ms (cache miss)
5764 http fetch GET 200 https://registry.npmjs.org/axios/-/axios-1.20.0.tgz 3618ms (cache miss)
5765 http fetch GET 200 https://registry.npmjs.org/@oxc-project/types/-/types-0.146.0.tgz 3636ms (cache miss)
5766 http fetch GET 200 https://registry.npmjs.org/bare-path/-/bare-path-3.1.2.tgz 3639ms (cache miss)
5767 http fetch GET 200 https://registry.npmjs.org/minimatch/-/minimatch-10.2.6.tgz 3640ms (cache miss)
5768 http fetch GET 200 https://registry.npmjs.org/path-expression-matcher/-/path-expression-matcher-1.6.2.tgz 3662ms (cache miss)
5769 http fetch GET 200 https://registry.npmjs.org/capnweb/-/capnweb-0.12.0.tgz 3656ms (cache miss)
5770 http fetch GET 200 https://registry.npmjs.org/magic-string/-/magic-string-0.30.21.tgz 3675ms (cache miss)
5771 http fetch GET 200 https://registry.npmjs.org/chevrotain/-/chevrotain-10.5.0.tgz 3711ms (cache miss)
5772 http fetch GET 200 https://registry.npmjs.org/anynum/-/anynum-1.0.1.tgz 3745ms (cache miss)
5773 http fetch GET 200 https://registry.npmjs.org/rolldown/-/rolldown-1.2.5.tgz 3770ms (cache miss)
5774 http fetch GET 200 https://registry.npmjs.org/capnp-es/-/capnp-es-0.0.16.tgz 3812ms (cache miss)
5775 http fetch GET 200 https://registry.npmjs.org/@distilled.cloud/prisma/-/prisma-1.0.0-rc.12.tgz 4080ms (cache miss)
5776 http fetch GET 200 https://registry.npmjs.org/@distilled.cloud/fly-io/-/fly-io-1.0.0-rc.12.tgz 4098ms (cache miss)
5777 http fetch GET 200 https://registry.npmjs.org/@distilled.cloud/axiom/-/axiom-1.0.0-rc.12.tgz 4127ms (cache miss)
5778 http fetch GET 200 https://registry.npmjs.org/@distilled.cloud/neon/-/neon-1.0.0-rc.12.tgz 4170ms (cache miss)
5779 http fetch GET 200 https://registry.npmjs.org/@distilled.cloud/planetscale/-/planetscale-1.0.0-rc.12.tgz 4177ms (cache miss)
5780 http fetch GET 200 https://registry.npmjs.org/@alchemy.run/floci/-/floci-2.0.0-beta.78.tgz 4458ms (cache miss)
5781 http fetch GET 200 https://registry.npmjs.org/@distilled.cloud/hetzner/-/hetzner-1.0.0-rc.12.tgz 4473ms (cache miss)
5782 http fetch GET 200 https://registry.npmjs.org/ansi-styles/-/ansi-styles-6.2.3.tgz 4478ms (cache miss)
5783 http fetch GET 200 https://registry.npmjs.org/bare-url/-/bare-url-2.5.4.tgz 4495ms (cache miss)
5784 http fetch GET 200 https://registry.npmjs.org/string-width/-/string-width-8.3.0.tgz 4526ms (cache miss)
5785 http fetch GET 200 https://registry.npmjs.org/@distilled.cloud/railway/-/railway-1.0.0-rc.12.tgz 4532ms (cache miss)
5786 http fetch GET 200 https://registry.npmjs.org/wrap-ansi/-/wrap-ansi-9.0.2.tgz 4543ms (cache miss)
5787 http fetch GET 200 https://registry.npmjs.org/string-width/-/string-width-7.2.0.tgz 4556ms (cache miss)
5788 http fetch GET 200 https://registry.npmjs.org/ansi-regex/-/ansi-regex-6.4.0.tgz 4584ms (cache miss)
5789 http fetch GET 200 https://registry.npmjs.org/strip-ansi/-/strip-ansi-7.2.0.tgz 4719ms (cache miss)
5790 http fetch GET 200 https://registry.npmjs.org/@distilled.cloud/core/-/core-1.0.0-rc.12.tgz 4756ms (cache miss)
5791 http fetch GET 200 https://registry.npmjs.org/@distilled.cloud/stripe/-/stripe-1.0.0-rc.12.tgz 4768ms (cache miss)
5792 http fetch GET 200 https://registry.npmjs.org/strip-ansi/-/strip-ansi-7.2.0.tgz 4779ms (cache miss)
5793 http fetch GET 200 https://registry.npmjs.org/ansi-styles/-/ansi-styles-6.2.3.tgz 4781ms (cache miss)
5794 http fetch GET 200 https://registry.npmjs.org/string-width/-/string-width-7.2.0.tgz 4804ms (cache miss)
5795 http fetch GET 200 https://registry.npmjs.org/wrap-ansi/-/wrap-ansi-10.0.2.tgz 4808ms (cache miss)
5796 http fetch GET 200 https://registry.npmjs.org/cliui/-/cliui-9.0.1.tgz 4815ms (cache miss)
5797 http fetch GET 200 https://registry.npmjs.org/@types/pg/-/pg-8.20.4.tgz 4820ms (cache miss)
5798 http fetch GET 200 https://registry.npmjs.org/emoji-regex/-/emoji-regex-10.6.0.tgz 4827ms (cache miss)
5799 http fetch GET 200 https://registry.npmjs.org/@types/pg/-/pg-8.20.4.tgz 4837ms (cache miss)
5800 http fetch GET 200 https://registry.npmjs.org/std-env/-/std-env-3.10.0.tgz 4841ms (cache miss)
5801 http fetch GET 200 https://registry.npmjs.org/ansi-regex/-/ansi-regex-6.4.0.tgz 4848ms (cache miss)
5802 http fetch GET 200 https://registry.npmjs.org/string-width/-/string-width-8.3.0.tgz 4860ms (cache miss)
5803 http fetch GET 200 https://registry.npmjs.org/lightningcss-darwin-arm64/-/lightningcss-darwin-arm64-1.33.0.tgz 4877ms (cache miss)
5804 http fetch GET 200 https://registry.npmjs.org/strip-ansi/-/strip-ansi-7.2.0.tgz 4890ms (cache miss)
5805 http fetch GET 200 https://registry.npmjs.org/yargs-parser/-/yargs-parser-22.0.0.tgz 4970ms (cache miss)
5806 http fetch GET 200 https://registry.npmjs.org/typescript/-/typescript-6.0.3.tgz 5043ms (cache miss)
5807 http fetch GET 200 https://registry.npmjs.org/@oxc-project/types/-/types-0.146.0.tgz 5077ms (cache miss)
5808 http fetch GET 200 https://registry.npmjs.org/string-width/-/string-width-8.3.0.tgz 5101ms (cache miss)
5809 http fetch GET 200 https://registry.npmjs.org/magic-string/-/magic-string-0.30.21.tgz 5130ms (cache miss)
5810 http fetch GET 200 https://registry.npmjs.org/capnp-es/-/capnp-es-0.0.16.tgz 5185ms (cache miss)
5811 http fetch GET 200 https://registry.npmjs.org/@distilled.cloud/planetscale/-/planetscale-1.0.0-rc.12.tgz 5344ms (cache miss)
5812 http fetch GET 200 https://registry.npmjs.org/@distilled.cloud/hetzner/-/hetzner-1.0.0-rc.12.tgz 5358ms (cache miss)
5813 http fetch GET 200 https://registry.npmjs.org/@distilled.cloud/prisma/-/prisma-1.0.0-rc.12.tgz 5478ms (cache miss)
5814 http fetch GET 200 https://registry.npmjs.org/@distilled.cloud/neon/-/neon-1.0.0-rc.12.tgz 5659ms (cache miss)
5815 http fetch GET 200 https://registry.npmjs.org/rolldown/-/rolldown-1.2.5.tgz 5696ms (cache miss)
5816 http fetch GET 200 https://registry.npmjs.org/@distilled.cloud/fly-io/-/fly-io-1.0.0-rc.12.tgz 5827ms (cache miss)
5817 http fetch GET 200 https://registry.npmjs.org/@distilled.cloud/railway/-/railway-1.0.0-rc.12.tgz 5912ms (cache miss)
5818 http fetch GET 200 https://registry.npmjs.org/@alchemy.run/floci/-/floci-2.0.0-beta.78.tgz 5970ms (cache miss)
5819 http fetch GET 200 https://registry.npmjs.org/@distilled.cloud/axiom/-/axiom-1.0.0-rc.12.tgz 6055ms (cache miss)
5820 http fetch GET 200 https://registry.npmjs.org/ansi-regex/-/ansi-regex-6.4.0.tgz 6464ms (cache miss)
5821 http fetch GET 200 https://registry.npmjs.org/@distilled.cloud/core/-/core-1.0.0-rc.12.tgz 6477ms (cache miss)
5822 http fetch GET 200 https://registry.npmjs.org/@alchemy.run/cloudflare-runtime/-/cloudflare-runtime-2.0.0-beta.78.tgz 6481ms (cache miss)
5823 http fetch GET 200 https://registry.npmjs.org/agent-base/-/agent-base-7.1.4.tgz 6549ms (cache miss)
5824 http fetch GET 200 https://registry.npmjs.org/@octokit/openapi-types/-/openapi-types-27.0.0.tgz 6998ms (cache miss)
5825 http fetch GET 200 https://registry.npmjs.org/rolldown/-/rolldown-1.2.5.tgz 7033ms (cache miss)
5826 http fetch GET 200 https://registry.npmjs.org/@oxc-project/types/-/types-0.146.0.tgz 7069ms (cache miss)
5827 http fetch GET 200 https://registry.npmjs.org/scheduler/-/scheduler-0.28.0.tgz 7110ms (cache miss)
5828 http fetch GET 200 https://registry.npmjs.org/@distilled.cloud/stripe/-/stripe-1.0.0-rc.12.tgz 7363ms (cache miss)
5829 http fetch GET 200 https://registry.npmjs.org/retry/-/retry-0.12.0.tgz 7392ms (cache miss)
5830 http fetch GET 200 https://registry.npmjs.org/@prisma/management-api-sdk/-/management-api-sdk-1.80.0.tgz 7661ms (cache miss)
5831 http fetch GET 200 https://registry.npmjs.org/signal-exit/-/signal-exit-3.0.7.tgz 7695ms (cache miss)
5832 http fetch GET 200 https://registry.npmjs.org/detect-libc/-/detect-libc-2.0.2.tgz 7819ms (cache miss)
5833 http fetch GET 200 https://registry.npmjs.org/confbox/-/confbox-0.3.1.tgz 7841ms (cache miss)
5834 http fetch GET 200 https://registry.npmjs.org/path-key/-/path-key-4.0.0.tgz 7850ms (cache miss)
5835 http fetch GET 200 https://registry.npmjs.org/agent-base/-/agent-base-7.1.4.tgz 7860ms (cache miss)
5836 http fetch GET 200 https://registry.npmjs.org/@rolldown/binding-darwin-arm64/-/binding-darwin-arm64-1.2.5.tgz 7997ms (cache miss)
5837 http fetch GET 200 https://registry.npmjs.org/long/-/long-5.3.2.tgz 8028ms (cache miss)
5838 http fetch GET 200 https://registry.npmjs.org/sprintf-js 7862ms (cache miss)
5839 silly packumentCache corgi:https://registry.npmjs.org/sprintf-js set size:undefined disposed:false
5840 http fetch GET 200 https://registry.npmjs.org/@alchemy.run/cloudflare-runtime/-/cloudflare-runtime-2.0.0-beta.78.tgz 8062ms (cache miss)
5841 http fetch GET 200 https://registry.npmjs.org/@hono%2fnode-server 7900ms (cache miss)
5842 silly packumentCache corgi:https://registry.npmjs.org/@hono%2fnode-server set size:undefined disposed:false
5843 http fetch GET 200 https://registry.npmjs.org/node-fetch/-/node-fetch-3.3.2.tgz 8118ms (cache miss)
5844 http fetch GET 200 https://registry.npmjs.org/lodash 7978ms (cache miss)
5845 silly packumentCache corgi:https://registry.npmjs.org/lodash set size:undefined disposed:false
5846 http fetch GET 200 https://registry.npmjs.org/minimatch 8050ms (cache miss)
5847 silly packumentCache corgi:https://registry.npmjs.org/minimatch set size:undefined disposed:false
5848 http fetch GET 200 https://registry.npmjs.org/hono 8207ms (cache miss)
5849 silly packumentCache corgi:https://registry.npmjs.org/hono set size:undefined disposed:false
5850 http fetch GET 200 https://registry.npmjs.org/@octokit/openapi-types/-/openapi-types-27.0.0.tgz 8478ms (cache miss)
5851 http fetch GET 200 https://registry.npmjs.org/valibot 8363ms (cache miss)
5852 silly packumentCache corgi:https://registry.npmjs.org/valibot set size:undefined disposed:false
5853 http fetch GET 200 https://registry.npmjs.org/typescript/-/typescript-6.0.3.tgz 8558ms (cache miss)
5854 http fetch GET 200 https://registry.npmjs.org/@rolldown/binding-darwin-arm64/-/binding-darwin-arm64-1.2.5.tgz 8764ms (cache miss)
5855 http fetch GET 200 https://registry.npmjs.org/@distilled.cloud/cloudflare/-/cloudflare-1.0.0-rc.12.tgz 8933ms (cache miss)
5856 http fetch GET 200 https://registry.npmjs.org/effect/-/effect-4.0.0-rc.115.tgz 9417ms (cache miss)
5857 http fetch GET 200 https://registry.npmjs.org/brace-expansion 9819ms (cache miss)
5858 silly packumentCache corgi:https://registry.npmjs.org/brace-expansion set size:undefined disposed:false
5859 silly packumentCache corgi:https://registry.npmjs.org/glob cache-miss
5860 http fetch GET 200 https://registry.npmjs.org/glob 283ms (cache miss)
5861 silly packumentCache corgi:https://registry.npmjs.org/glob set size:undefined disposed:false
5862 silly packumentCache corgi:https://registry.npmjs.org/argparse cache-miss
5863 http fetch GET 200 https://registry.npmjs.org/argparse 47ms (cache miss)
5864 silly packumentCache corgi:https://registry.npmjs.org/argparse set size:undefined disposed:false
5865 silly packumentCache corgi:https://registry.npmjs.org/@prisma%2fdev cache-miss
5866 http fetch GET 200 https://registry.npmjs.org/@rolldown/binding-darwin-arm64/-/binding-darwin-arm64-1.2.5.tgz 10390ms (cache miss)
5867 http fetch GET 200 https://registry.npmjs.org/@prisma%2fdev 536ms (cache miss)
5868 silly packumentCache corgi:https://registry.npmjs.org/@prisma%2fdev set size:undefined disposed:false
5869 silly packumentCache corgi:https://registry.npmjs.org/chevrotain cache-miss
5870 silly packumentCache corgi:https://registry.npmjs.org/@chevrotain%2fcst-dts-gen cache-miss
5871 silly packumentCache corgi:https://registry.npmjs.org/@chevrotain%2fgast cache-miss
5872 http fetch GET 200 https://registry.npmjs.org/chevrotain 50ms (cache miss)
5873 silly packumentCache corgi:https://registry.npmjs.org/chevrotain set size:undefined disposed:false
5874 http fetch GET 200 https://registry.npmjs.org/@chevrotain%2fgast 453ms (cache miss)
5875 silly packumentCache corgi:https://registry.npmjs.org/@chevrotain%2fgast set size:undefined disposed:false
5876 http fetch GET 200 https://registry.npmjs.org/@chevrotain%2fcst-dts-gen 494ms (cache miss)
5877 silly packumentCache corgi:https://registry.npmjs.org/@chevrotain%2fcst-dts-gen set size:undefined disposed:false
5878 silly packumentCache corgi:https://registry.npmjs.org/@tensorflow%2ftfjs cache-miss
5879 http fetch GET 200 https://registry.npmjs.org/@tensorflow%2ftfjs 758ms (cache miss)
5880 silly packumentCache corgi:https://registry.npmjs.org/@tensorflow%2ftfjs set size:undefined disposed:false
5881 silly packumentCache corgi:https://registry.npmjs.org/alchemy cache-miss
5882 http fetch GET 200 https://registry.npmjs.org/alchemy 334ms (cache miss)
5883 silly packumentCache corgi:https://registry.npmjs.org/alchemy set size:undefined disposed:false
5884 silly packumentCache corgi:https://registry.npmjs.org/@mrleebo%2fprisma-ast cache-miss
5885 http fetch GET 200 https://registry.npmjs.org/@distilled.cloud/cloudflare/-/cloudflare-1.0.0-rc.12.tgz 13016ms (cache miss)
5886 http fetch GET 200 https://registry.npmjs.org/@mrleebo%2fprisma-ast 695ms (cache miss)
5887 silly packumentCache corgi:https://registry.npmjs.org/@mrleebo%2fprisma-ast set size:undefined disposed:false
5888 silly packumentCache corgi:https://registry.npmjs.org/@prisma%2fcomposer-cli cache-miss
5889 silly packumentCache corgi:https://registry.npmjs.org/@prisma%2fcomposer cache-miss
5890 http fetch GET 200 https://registry.npmjs.org/alchemy/-/alchemy-2.0.0-beta.78.tgz 13500ms (cache miss)
5891 http fetch GET 200 https://registry.npmjs.org/@distilled.cloud/aws/-/aws-1.0.0-rc.12.tgz 13670ms (cache miss)
5892 http fetch GET 200 https://registry.npmjs.org/@prisma%2fcomposer 500ms (cache miss)
5893 silly packumentCache corgi:https://registry.npmjs.org/@prisma%2fcomposer set size:undefined disposed:false
5894 http fetch GET 200 https://registry.npmjs.org/@prisma%2fcomposer-cli 522ms (cache miss)
5895 silly packumentCache corgi:https://registry.npmjs.org/@prisma%2fcomposer-cli set size:undefined disposed:false
5896 silly packumentCache corgi:https://registry.npmjs.org/prisma cache-miss
5897 http fetch GET 200 https://registry.npmjs.org/@distilled.cloud/aws/-/aws-1.0.0-rc.12.tgz 14223ms (cache miss)
5898 http fetch GET 200 https://registry.npmjs.org/@cloudflare/workerd-darwin-arm64/-/workerd-darwin-arm64-1.20260901.1.tgz 14400ms (cache miss)
5899 http fetch GET 200 https://registry.npmjs.org/prisma 951ms (cache miss)
5900 silly packumentCache corgi:https://registry.npmjs.org/prisma set size:undefined disposed:false
5901 http fetch GET 200 https://registry.npmjs.org/alchemy/-/alchemy-2.0.0-beta.78.tgz 15275ms (cache miss)
5902 info run @google/genai@2.28.0 preinstall node_modules/@google/genai echo 'preinstall: no-op'
5903 info run @google/genai@2.28.0 preinstall { code: 0, signal: null }
5904 info run bcrypt@6.0.0 install node_modules/bcrypt node-gyp-build
5905 info run fsevents@2.3.3 install node_modules/fsevents node-gyp rebuild
5906 info run bcrypt@6.0.0 install { code: 0, signal: null }
5907 info run fsevents@2.3.3 install { code: 1, signal: null }
5908 verbose reify failed optional dependency /Users/nixonpaul/node_modules/fsevents
5909 silly reify mark deleted [ '/Users/nixonpaul/node_modules/fsevents' ]
5910 info run esbuild@0.28.2 postinstall node_modules/esbuild node install.js
5911 info run protobufjs@7.6.6 postinstall node_modules/protobufjs node scripts/postinstall
5912 info run workerd@1.20260901.1 postinstall node_modules/workerd node install.js
5913 info run protobufjs@7.6.6 postinstall { code: 0, signal: null }
5914 info run esbuild@0.28.2 postinstall { code: 0, signal: null }
5915 info run workerd@1.20260901.1 postinstall { code: 0, signal: null }
5916 silly ADD node_modules/graphql
5917 silly ADD
5918 silly ADD
5919 silly ADD
5920 silly ADD
5921 silly ADD node_modules/@emnapi/runtime
5922 silly ADD node_modules/@img/sharp-wasm32
5923 silly ADD
5924 silly ADD
5925 silly ADD
5926 silly ADD
5927 silly ADD
5928 silly ADD
5929 silly ADD
5930 silly ADD
5931 silly ADD
5932 silly ADD
5933 silly ADD
5934 silly ADD
5935 silly ADD
5936 silly ADD
5937 silly ADD
5938 silly ADD
5939 silly ADD
5940 silly ADD
5941 silly ADD
5942 silly ADD
5943 silly ADD
5944 silly ADD
5945 silly ADD
5946 silly ADD
5947 silly ADD
5948 silly ADD
5949 silly ADD
5950 silly ADD
5951 silly ADD
5952 silly ADD
5953 silly ADD
5954 silly ADD node_modules/fflate
5955 silly ADD node_modules/@alchemy.run/sigil
5956 silly ADD node_modules/@alchemy.run/sigil/node_modules/scheduler
5957 silly ADD node_modules/@jridgewell/resolve-uri
5958 silly ADD node_modules/@jridgewell/trace-mapping
5959 silly ADD
5960 silly ADD
5961 silly ADD
5962 silly ADD
5963 silly ADD
5964 silly ADD
5965 silly ADD
5966 silly ADD
5967 silly ADD
5968 silly ADD
5969 silly ADD
5970 silly ADD
5971 silly ADD
5972 silly ADD
5973 silly ADD
5974 silly ADD
5975 silly ADD
5976 silly ADD
5977 silly ADD
5978 silly ADD
5979 silly ADD
5980 silly ADD
5981 silly ADD
5982 silly ADD
5983 silly ADD
5984 silly ADD
5985 silly ADD
5986 silly ADD
5987 silly ADD
5988 silly ADD
5989 silly ADD
5990 silly ADD
5991 silly ADD
5992 silly ADD
5993 silly ADD
5994 silly ADD
5995 silly ADD
5996 silly ADD
5997 silly ADD
5998 silly ADD
5999 silly ADD
6000 silly ADD
6001 silly ADD
6002 silly ADD node_modules/temporal-utils
6003 silly ADD node_modules/temporal-spec
6004 silly ADD
6005 silly ADD
6006 silly ADD
6007 silly ADD
6008 silly ADD
6009 silly ADD
6010 silly ADD
6011 silly ADD
6012 silly ADD
6013 silly ADD
6014 silly ADD
6015 silly ADD
6016 silly ADD
6017 silly ADD
6018 silly ADD
6019 silly ADD
6020 silly ADD
6021 silly ADD
6022 silly ADD
6023 silly ADD
6024 silly ADD
6025 silly ADD
6026 silly ADD
6027 silly ADD
6028 silly ADD
6029 silly ADD node_modules/temporal-polyfill
6030 silly REMOVE node_modules/@vitest/utils
6031 silly REMOVE node_modules/@vitest/snapshot
6032 silly REMOVE node_modules/@visx/scale
6033 silly REMOVE node_modules/@vitest/runner
6034 silly CHANGE node_modules/@vitest/spy
6035 silly CHANGE node_modules/@vitest/mocker
6036 silly CHANGE node_modules/@vitest/mocker/node_modules/estree-walker
6037 silly REMOVE node_modules/@visx/vendor
6038 silly REMOVE node_modules/@visx/vendor/node_modules/d3-array
6039 silly REMOVE node_modules/@vitest/pretty-format
6040 silly REMOVE node_modules/@vitest/expect
6041 silly REMOVE node_modules/@radix-ui/react-use-effect-event
6042 silly REMOVE node_modules/@visx/point
6043 silly REMOVE node_modules/@visx/shape
6044 silly CHANGE node_modules/@types/deep-eql
6045 silly REMOVE node_modules/@visx/responsive
6046 silly REMOVE node_modules/@types/react
6047 silly REMOVE node_modules/@visx/grid
6048 silly REMOVE node_modules/@visx/group
6049 silly REMOVE node_modules/@visx/event
6050 silly REMOVE node_modules/@visx/curve
6051 silly CHANGE node_modules/@typescript/typescript-darwin-arm64
6052 silly CHANGE node_modules/@vercel/nft
6053 silly ADD node_modules/@vercel/nft/node_modules/balanced-match
6054 silly ADD node_modules/@vercel/nft/node_modules/brace-expansion
6055 silly ADD node_modules/@vercel/nft/node_modules/minimatch
6056 silly CHANGE node_modules/@vercel/nft/node_modules/glob
6057 silly REMOVE node_modules/@vercel/nft/node_modules/glob/node_modules/minimatch
6058 silly REMOVE node_modules/@vercel/nft/node_modules/glob/node_modules/minimatch/node_modules/brace-expansion
6059 silly REMOVE node_modules/@vercel/nft/node_modules/glob/node_modules/minimatch/node_modules/brace-expansion/node_modules/balanced-match
6060 silly CHANGE node_modules/@types/pg
6061 silly REMOVE node_modules/@types/lodash
6062 silly CHANGE node_modules/@types/ws
6063 silly CHANGE node_modules/@vercel/detect-agent
6064 silly CHANGE node_modules/@types/node
6065 silly REMOVE node_modules/@types/node-fetch/node_modules/form-data
6066 silly CHANGE node_modules/@types/retry
6067 silly CHANGE node_modules/@types/jsonwebtoken
6068 silly CHANGE node_modules/@types/ms
6069 silly REMOVE node_modules/@types/d3-scale
6070 silly REMOVE node_modules/@types/d3-shape
6071 silly REMOVE node_modules/@types/d3-time
6072 silly REMOVE node_modules/@types/d3-path
6073 silly REMOVE node_modules/@types/geojson
6074 silly REMOVE node_modules/@types/d3-interpolate
6075 silly CHANGE node_modules/@types/estree
6076 silly REMOVE node_modules/@types/d3-array
6077 silly REMOVE node_modules/@types/d3-time-format
6078 silly CHANGE node_modules/@smithy/fetch-http-handler
6079 silly REMOVE node_modules/@types/d3-delaunay
6080 silly CHANGE node_modules/@types/aws-lambda
6081 silly REMOVE node_modules/@types/d3-geo
6082 silly CHANGE node_modules/@smithy/types
6083 silly REMOVE node_modules/@types/d3-format
6084 silly REMOVE node_modules/@types/d3-color
6085 silly CHANGE node_modules/@types/bcrypt
6086 silly CHANGE node_modules/@types/chai
6087 silly REMOVE node_modules/@smithy/util-buffer-from
6088 silly REMOVE node_modules/@tensorflow/tfjs-core/node_modules/long
6089 silly CHANGE node_modules/@smithy/signature-v4
6090 silly CHANGE node_modules/@standard-schema/spec
6091 silly REMOVE node_modules/@smithy/node-config-provider
6092 silly CHANGE node_modules/@stricli/core
6093 silly REMOVE node_modules/@radix-ui/primitive
6094 silly REMOVE node_modules/@smithy/is-array-buffer
6095 silly CHANGE node_modules/@smithy/node-http-handler
6096 silly CHANGE node_modules/@smithy/credential-provider-imds
6097 silly CHANGE node_modules/@smithy/util-base64
6098 silly REMOVE node_modules/@smithy/util-utf8
6099 silly REMOVE node_modules/@radix-ui/react-use-layout-effect
6100 silly CHANGE node_modules/@smithy/shared-ini-file-loader
6101 silly CHANGE node_modules/@sindresorhus/merge-streams
6102 silly CHANGE node_modules/@sec-ant/readable-stream
6103 silly CHANGE node_modules/@smithy/core
6104 silly REMOVE node_modules/@radix-ui/react-use-controllable-state
6105 silly CHANGE node_modules/@rollup/pluginutils
6106 silly REMOVE node_modules/@radix-ui/react-primitive
6107 silly CHANGE node_modules/@prisma/composer-cli
6108 silly ADD node_modules/@prisma/composer-cli/node_modules/magic-string
6109 silly ADD node_modules/@prisma/composer-cli/node_modules/typescript
6110 silly ADD node_modules/@prisma/composer-cli/node_modules/capnp-es
6111 silly ADD
6112 silly ADD
6113 silly ADD
6114 silly ADD
6115 silly ADD
6116 silly ADD
6117 silly ADD
6118 silly ADD
6119 silly ADD
6120 silly ADD
6121 silly ADD
6122 silly ADD
6123 silly ADD node_modules/@prisma/composer-cli/node_modules/@rolldown/binding-darwin-arm64
6124 silly ADD
6125 silly ADD
6126 silly ADD node_modules/@prisma/composer-cli/node_modules/@oxc-project/types
6127 silly ADD node_modules/@prisma/composer-cli/node_modules/rolldown
6128 silly ADD node_modules/@prisma/composer-cli/node_modules/alchemy
6129 silly ADD node_modules/@prisma/composer-cli/node_modules/alchemy/node_modules/@distilled.cloud/stripe
6130 silly ADD node_modules/@prisma/composer-cli/node_modules/alchemy/node_modules/@distilled.cloud/railway
6131 silly ADD node_modules/@prisma/composer-cli/node_modules/alchemy/node_modules/@distilled.cloud/prisma
6132 silly ADD node_modules/@prisma/composer-cli/node_modules/alchemy/node_modules/@distilled.cloud/planetscale
6133 silly ADD node_modules/@prisma/composer-cli/node_modules/alchemy/node_modules/@distilled.cloud/neon
6134 silly ADD node_modules/@prisma/composer-cli/node_modules/alchemy/node_modules/@distilled.cloud/hetzner
6135 silly ADD node_modules/@prisma/composer-cli/node_modules/alchemy/node_modules/@distilled.cloud/fly-io
6136 silly ADD node_modules/@prisma/composer-cli/node_modules/alchemy/node_modules/@distilled.cloud/core
6137 silly ADD node_modules/@prisma/composer-cli/node_modules/alchemy/node_modules/@distilled.cloud/axiom
6138 silly ADD node_modules/@prisma/composer-cli/node_modules/alchemy/node_modules/@distilled.cloud/aws
6139 silly ADD node_modules/@prisma/composer-cli/node_modules/alchemy/node_modules/@alchemy.run/floci
6140 silly ADD node_modules/@prisma/composer-cli/node_modules/alchemy/node_modules/@distilled.cloud/cloudflare
6141 silly ADD node_modules/@prisma/composer-cli/node_modules/alchemy/node_modules/@alchemy.run/cloudflare-runtime
6142 silly CHANGE node_modules/@rolldown/pluginutils
6143 silly CHANGE node_modules/@protobufjs/path
6144 silly REMOVE node_modules/@radix-ui/react-toggle
6145 silly CHANGE node_modules/@rolldown/binding-darwin-arm64
6146 silly REMOVE node_modules/@radix-ui/react-slot
6147 silly REMOVE node_modules/@radix-ui/react-compose-refs
6148 silly CHANGE node_modules/@protobufjs/pool
6149 silly CHANGE node_modules/@protobufjs/float
6150 silly CHANGE node_modules/@protobufjs/utf8
6151 silly CHANGE node_modules/@octokit/types
6152 silly CHANGE node_modules/@protobufjs/eventemitter
6153 silly CHANGE node_modules/@protobufjs/fetch
6154 silly CHANGE node_modules/@puppeteer/browsers
6155 silly ADD node_modules/@puppeteer/browsers/node_modules/emoji-regex
6156 silly ADD node_modules/@puppeteer/browsers/node_modules/ansi-styles
6157 silly ADD node_modules/@puppeteer/browsers/node_modules/ansi-regex
6158 silly ADD node_modules/@puppeteer/browsers/node_modules/wrap-ansi
6159 silly ADD node_modules/@puppeteer/browsers/node_modules/wrap-ansi/node_modules/string-width
6160 silly ADD node_modules/@puppeteer/browsers/node_modules/strip-ansi
6161 silly ADD node_modules/@puppeteer/browsers/node_modules/yargs-parser
6162 silly ADD node_modules/@puppeteer/browsers/node_modules/string-width
6163 silly ADD node_modules/@puppeteer/browsers/node_modules/cliui
6164 silly ADD node_modules/@puppeteer/browsers/node_modules/cliui/node_modules/string-width
6165 silly CHANGE node_modules/@puppeteer/browsers/node_modules/yargs
6166 silly REMOVE node_modules/@puppeteer/browsers/node_modules/yargs/node_modules/yargs-parser
6167 silly REMOVE node_modules/@puppeteer/browsers/node_modules/yargs/node_modules/cliui
6168 silly REMOVE node_modules/@puppeteer/browsers/node_modules/yargs/node_modules/cliui/node_modules/wrap-ansi
6169 silly REMOVE node_modules/@puppeteer/browsers/node_modules/yargs/node_modules/cliui/node_modules/wrap-ansi/node_modules/ansi-styles
6170 silly REMOVE node_modules/@puppeteer/browsers/node_modules/yargs/node_modules/cliui/node_modules/string-width
6171 silly REMOVE node_modules/@puppeteer/browsers/node_modules/yargs/node_modules/cliui/node_modules/string-width/node_modules/emoji-regex
6172 silly REMOVE node_modules/@puppeteer/browsers/node_modules/yargs/node_modules/string-width
6173 silly CHANGE node_modules/@protobufjs/codegen
6174 silly REMOVE node_modules/@prisma/studio-core
6175 silly CHANGE node_modules/@protobufjs/base64
6176 silly CHANGE node_modules/@protobufjs/aspromise
6177 silly REMOVE node_modules/@prisma/streams-local
6178 silly CHANGE node_modules/@prisma/orm-framework
6179 silly CHANGE node_modules/@prisma/query-plan-executor
6180 silly CHANGE node_modules/@prisma/management-api-sdk
6181 silly CHANGE node_modules/@prisma/orm-target-postgres
6182 silly CHANGE node_modules/@prisma/orm-target-postgres/node_modules/@types/pg
6183 silly REMOVE node_modules/@prisma/orm-target-postgres/node_modules/@types/node
6184 silly REMOVE node_modules/@prisma/orm-target-postgres/node_modules/@types/node/node_modules/undici-types
6185 silly CHANGE node_modules/@prisma/orm-toolchain
6186 silly ADD node_modules/@prisma/orm-toolchain/node_modules/ansi-styles
6187 silly ADD node_modules/@prisma/orm-toolchain/node_modules/ansi-regex
6188 silly ADD node_modules/@prisma/orm-toolchain/node_modules/wrap-ansi
6189 silly ADD node_modules/@prisma/orm-toolchain/node_modules/strip-ansi
6190 silly CHANGE node_modules/@prisma/orm-toolchain/node_modules/string-width
6191 silly CHANGE node_modules/@prisma/orm-postgres
6192 silly REMOVE node_modules/@prisma/orm-postgres/node_modules/@types/node
6193 silly REMOVE node_modules/@prisma/orm-postgres/node_modules/@types/node/node_modules/undici-types
6194 silly CHANGE node_modules/@prisma/orm-postgres/node_modules/@types/pg
6195 silly CHANGE node_modules/@prisma/orm-family-sql
6196 silly REMOVE node_modules/@prisma/fetch-engine
6197 silly REMOVE node_modules/@prisma/fetch-engine/node_modules/@prisma/get-platform
6198 silly REMOVE node_modules/@prisma/engines-version
6199 silly CHANGE node_modules/@prisma/get-platform
6200 silly REMOVE node_modules/@prisma/get-platform/node_modules/@prisma/debug
6201 silly CHANGE node_modules/@prisma/compute-sdk
6202 silly CHANGE node_modules/@prisma/dev
6203 silly ADD node_modules/@prisma/dev/node_modules/std-env
6204 silly CHANGE node_modules/@octokit/request-error
6205 silly REMOVE node_modules/@prisma/engines
6206 silly REMOVE node_modules/@prisma/engines/node_modules/@prisma/get-platform
6207 silly CHANGE node_modules/@prisma/cli-engine
6208 silly ADD node_modules/@prisma/cli-engine/node_modules/ansi-regex
6209 silly ADD node_modules/@prisma/cli-engine/node_modules/strip-ansi
6210 silly CHANGE node_modules/@prisma/cli-engine/node_modules/string-width
6211 silly REMOVE node_modules/@prisma/config
6212 silly CHANGE node_modules/@prisma/composer
6213 silly ADD node_modules/@prisma/composer/node_modules/magic-string
6214 silly ADD node_modules/@prisma/composer/node_modules/typescript
6215 silly ADD node_modules/@prisma/composer/node_modules/capnp-es
6216 silly ADD
6217 silly ADD
6218 silly ADD
6219 silly ADD
6220 silly ADD
6221 silly ADD
6222 silly ADD
6223 silly ADD
6224 silly ADD
6225 silly ADD
6226 silly ADD
6227 silly ADD
6228 silly ADD node_modules/@prisma/composer/node_modules/@rolldown/binding-darwin-arm64
6229 silly ADD
6230 silly ADD
6231 silly ADD node_modules/@prisma/composer/node_modules/@oxc-project/types
6232 silly ADD node_modules/@prisma/composer/node_modules/rolldown
6233 silly ADD node_modules/@prisma/composer/node_modules/alchemy
6234 silly ADD node_modules/@prisma/composer/node_modules/alchemy/node_modules/@distilled.cloud/stripe
6235 silly ADD node_modules/@prisma/composer/node_modules/alchemy/node_modules/@distilled.cloud/railway
6236 silly ADD node_modules/@prisma/composer/node_modules/alchemy/node_modules/@distilled.cloud/prisma
6237 silly ADD node_modules/@prisma/composer/node_modules/alchemy/node_modules/@distilled.cloud/planetscale
6238 silly ADD node_modules/@prisma/composer/node_modules/alchemy/node_modules/@distilled.cloud/neon
6239 silly ADD node_modules/@prisma/composer/node_modules/alchemy/node_modules/@distilled.cloud/hetzner
6240 silly ADD node_modules/@prisma/composer/node_modules/alchemy/node_modules/@distilled.cloud/fly-io
6241 silly ADD node_modules/@prisma/composer/node_modules/alchemy/node_modules/@distilled.cloud/core
6242 silly ADD node_modules/@prisma/composer/node_modules/alchemy/node_modules/@distilled.cloud/axiom
6243 silly ADD node_modules/@prisma/composer/node_modules/alchemy/node_modules/@distilled.cloud/aws
6244 silly ADD node_modules/@prisma/composer/node_modules/alchemy/node_modules/@alchemy.run/floci
6245 silly ADD node_modules/@prisma/composer/node_modules/alchemy/node_modules/@distilled.cloud/cloudflare
6246 silly ADD node_modules/@prisma/composer/node_modules/alchemy/node_modules/@alchemy.run/cloudflare-runtime
6247 silly CHANGE node_modules/yallist
6248 silly CHANGE node_modules/@prisma/debug
6249 silly CHANGE node_modules/@octokit/webhooks-methods
6250 silly CHANGE node_modules/@octokit/webhooks
6251 silly CHANGE node_modules/@octokit/plugin-request-log
6252 silly CHANGE node_modules/@oxc-project/types
6253 silly CHANGE node_modules/@octokit/plugin-rest-endpoint-methods
6254 silly ADD node_modules/@octokit/plugin-rest-endpoint-methods/node_modules/@octokit/openapi-types
6255 silly CHANGE node_modules/@octokit/plugin-rest-endpoint-methods/node_modules/@octokit/types
6256 silly REMOVE node_modules/@octokit/plugin-rest-endpoint-methods/node_modules/@octokit/types/node_modules/@octokit/openapi-types
6257 silly CHANGE node_modules/@octokit/plugin-paginate-rest
6258 silly ADD node_modules/@octokit/plugin-paginate-rest/node_modules/@octokit/openapi-types
6259 silly CHANGE node_modules/@octokit/plugin-paginate-rest/node_modules/@octokit/types
6260 silly REMOVE node_modules/@octokit/plugin-paginate-rest/node_modules/@octokit/types/node_modules/@octokit/openapi-types
6261 silly CHANGE node_modules/@octokit/rest
6262 silly CHANGE node_modules/@octokit/endpoint
6263 silly CHANGE node_modules/@octokit/graphql
6264 silly CHANGE node_modules/@octokit/openapi-webhooks-types
6265 silly CHANGE node_modules/@octokit/request
6266 silly CHANGE node_modules/@noble/hashes
6267 silly CHANGE node_modules/@octokit/openapi-types
6268 silly CHANGE node_modules/@octokit/core
6269 silly REMOVE node_modules/@nodelib/fs.scandir
6270 silly CHANGE node_modules/@octokit/auth-token
6271 silly REMOVE node_modules/@nodelib/fs.walk
6272 silly REMOVE node_modules/@nodelib/fs.stat
6273 silly REMOVE node_modules/@distilled.cloud/cloudflare
6274 silly REMOVE node_modules/@distilled.cloud/axiom
6275 silly CHANGE node_modules/@nodable/entities
6276 silly CHANGE node_modules/@libsql/core
6277 silly REMOVE node_modules/@msgpackr-extract/msgpackr-extract-darwin-arm64
6278 silly CHANGE node_modules/@mrleebo/prisma-ast
6279 silly CHANGE node_modules/@mapbox/node-pre-gyp
6280 silly ADD node_modules/@mapbox/node-pre-gyp/node_modules/agent-base
6281 silly CHANGE node_modules/@mapbox/node-pre-gyp/node_modules/https-proxy-agent
6282 silly REMOVE node_modules/@mapbox/node-pre-gyp/node_modules/https-proxy-agent/node_modules/agent-base
6283 silly CHANGE node_modules/@libsql/client
6284 silly CHANGE node_modules/@manypkg/tools
6285 silly CHANGE node_modules/@libsql/isomorphic-ws
6286 silly CHANGE node_modules/@neon-rs/load
6287 silly CHANGE node_modules/@libsql/hrana-client
6288 silly CHANGE node_modules/@jridgewell/sourcemap-codec
6289 silly CHANGE node_modules/@img/sharp-libvips-darwin-arm64
6290 silly CHANGE node_modules/@libsql/darwin-arm64
6291 silly CHANGE node_modules/@isaacs/fs-minipass
6292 silly CHANGE node_modules/@img/colour
6293 silly CHANGE node_modules/@electric-sql/pglite
6294 silly CHANGE node_modules/@google/genai
6295 silly CHANGE node_modules/@esbuild/darwin-arm64
6296 silly CHANGE node_modules/@img/sharp-darwin-arm64
6297 silly CHANGE node_modules/@electric-sql/pglite-tools
6298 silly CHANGE node_modules/@hono/node-server
6299 silly REMOVE node_modules/@distilled.cloud/hetzner
6300 silly CHANGE node_modules/@electric-sql/pglite-socket
6301 silly CHANGE node_modules/@effect/vitest
6302 silly REMOVE node_modules/@distilled.cloud/neon
6303 silly CHANGE node_modules/@effect/sql-sqlite-do
6304 silly CHANGE node_modules/@effect/sql-d1
6305 silly REMOVE node_modules/@distilled.cloud/planetscale
6306 silly CHANGE node_modules/@cloudflare/workerd-darwin-arm64
6307 silly REMOVE node_modules/@distilled.cloud/aws
6308 silly REMOVE node_modules/@distilled.cloud/fly-io
6309 silly REMOVE node_modules/@distilled.cloud/core
6310 silly CHANGE node_modules/@cloudflare/unenv-preset
6311 silly CHANGE node_modules/@chevrotain/utils
6312 silly CHANGE node_modules/@cloudflare/workers-types
6313 silly CHANGE node_modules/@chevrotain/gast
6314 silly CHANGE node_modules/@chevrotain/types
6315 silly CHANGE node_modules/@chevrotain/cst-dts-gen
6316 silly CHANGE node_modules/@aws-sdk/types
6317 silly CHANGE node_modules/@clack/core
6318 silly CHANGE node_modules/@clack/prompts
6319 silly CHANGE node_modules/@babel/parser
6320 silly CHANGE node_modules/@aws-sdk/credential-provider-sso
6321 silly CHANGE node_modules/@babel/types
6322 silly CHANGE node_modules/@aws-sdk/credential-provider-web-identity
6323 silly CHANGE node_modules/@babel/helper-string-parser
6324 silly CHANGE node_modules/@babel/helper-validator-identifier
6325 silly CHANGE node_modules/@aws-sdk/token-providers
6326 silly CHANGE node_modules/@aws-sdk/xml-builder
6327 silly CHANGE node_modules/@aws-sdk/credential-provider-login
6328 silly CHANGE node_modules/@aws-sdk/signature-v4-multi-region
6329 silly CHANGE node_modules/@aws-sdk/nested-clients
6330 silly CHANGE node_modules/@aws-sdk/credential-provider-ini
6331 silly CHANGE node_modules/@aws-sdk/credential-providers
6332 silly CHANGE node_modules/@aws-sdk/credential-provider-cognito-identity
6333 silly CHANGE node_modules/@aws-sdk/credential-provider-http
6334 silly CHANGE node_modules/@aws-sdk/core
6335 silly CHANGE node_modules/@aws-sdk/credential-provider-node
6336 silly CHANGE node_modules/@aws-sdk/credential-provider-process
6337 silly CHANGE node_modules/@aws-sdk/credential-provider-env
6338 silly REMOVE node_modules/@aws-crypto/util
6339 silly CHANGE node_modules/@ark/util
6340 silly CHANGE node_modules/@alchemy.run/node-utils
6341 silly ADD
6342 silly ADD
6343 silly ADD
6344 silly ADD
6345 silly ADD
6346 silly ADD
6347 silly ADD
6348 silly ADD
6349 silly ADD
6350 silly ADD
6351 silly ADD
6352 silly ADD
6353 silly ADD node_modules/@alchemy.run/node-utils/node_modules/@rolldown/binding-darwin-arm64
6354 silly ADD
6355 silly ADD
6356 silly ADD node_modules/@alchemy.run/node-utils/node_modules/@oxc-project/types
6357 silly ADD node_modules/@alchemy.run/node-utils/node_modules/rolldown
6358 silly REMOVE node_modules/@aws-crypto/crc32
6359 silly CHANGE node_modules/@ark/schema
6360 silly CHANGE node_modules/@aws/lambda-invoke-store
6361 silly REMOVE node_modules/@alchemy.run/floci
6362 silly CHANGE node_modules/zod
6363 silly REMOVE node_modules/@alcalzone/ansi-tokenize
6364 silly REMOVE node_modules/@alcalzone/ansi-tokenize/node_modules/is-fullwidth-code-point
6365 silly REMOVE node_modules/@alcalzone/ansi-tokenize/node_modules/ansi-styles
6366 silly REMOVE node_modules/@alchemy.run/cloudflare-runtime
6367 silly REMOVE node_modules/@alchemy.run/cloudflare-runtime/node_modules/rolldown
6368 silly REMOVE node_modules/@alchemy.run/cloudflare-runtime/node_modules/rolldown/node_modules/@rolldown/binding-darwin-arm64
6369 silly REMOVE node_modules/@alchemy.run/cloudflare-runtime/node_modules/rolldown/node_modules/@oxc-project/types
6370 silly CHANGE node_modules/yauzl
6371 silly CHANGE node_modules/yaml
6372 silly CHANGE node_modules/zeptomatch
6373 silly CHANGE node_modules/yoctocolors
6374 silly REMOVE node_modules/yoga-layout
6375 silly CHANGE node_modules/xtend
6376 silly REMOVE node_modules/yargs/node_modules/string-width
6377 silly REMOVE node_modules/yargs/node_modules/string-width/node_modules/strip-ansi
6378 silly REMOVE node_modules/yargs/node_modules/string-width/node_modules/strip-ansi/node_modules/ansi-regex
6379 silly CHANGE node_modules/wsl-utils
6380 silly REMOVE node_modules/wsl-utils/node_modules/powershell-utils
6381 silly CHANGE node_modules/ws
6382 silly CHANGE node_modules/xml-naming
6383 silly CHANGE node_modules/workerd
6384 silly CHANGE node_modules/wrap-ansi
6385 silly REMOVE node_modules/wrap-ansi/node_modules/string-width
6386 silly REMOVE node_modules/wrap-ansi/node_modules/ansi-styles
6387 silly REMOVE node_modules/widest-line
6388 silly REMOVE node_modules/widest-line/node_modules/string-width
6389 silly CHANGE node_modules/which
6390 silly CHANGE node_modules/why-is-node-running
6391 silly CHANGE node_modules/web-streams-polyfill
6392 silly CHANGE node_modules/undici
6393 silly CHANGE node_modules/vscode-languageserver
6394 silly CHANGE node_modules/vscode-languageserver-protocol
6395 silly CHANGE node_modules/vscode-languageserver-types
6396 silly CHANGE node_modules/vscode-languageserver-textdocument
6397 silly CHANGE node_modules/valibot
6398 silly CHANGE node_modules/vitest
6399 silly REMOVE node_modules/vitest/node_modules/std-env
6400 silly CHANGE node_modules/unenv
6401 silly CHANGE node_modules/vscode-jsonrpc
6402 silly CHANGE node_modules/typanion
6403 silly CHANGE node_modules/vite
6404 silly REMOVE node_modules/vite/node_modules/rolldown
6405 silly REMOVE node_modules/vite/node_modules/rolldown/node_modules/@oxc-project/types
6406 silly REMOVE node_modules/vite/node_modules/rolldown/node_modules/@rolldown/binding-darwin-arm64
6407 silly CHANGE node_modules/universal-user-agent
6408 silly REMOVE node_modules/util-deprecate
6409 silly CHANGE node_modules/uniku
6410 silly CHANGE node_modules/unicorn-magic
6411 silly CHANGE node_modules/ts-toolbelt
6412 silly CHANGE node_modules/typescript
6413 silly REMOVE node_modules/type-fest
6414 silly CHANGE node_modules/undici-types
6415 silly REMOVE node_modules/to-regex-range
6416 silly CHANGE node_modules/tinybench
6417 silly CHANGE node_modules/tinyglobby
6418 silly CHANGE node_modules/tinyexec
6419 silly REMOVE node_modules/tinyrainbow
6420 silly CHANGE node_modules/tiny-invariant
6421 silly CHANGE node_modules/teex
6422 silly CHANGE node_modules/tar
6423 silly CHANGE node_modules/text-decoder
6424 silly CHANGE node_modules/tar-stream
6425 silly CHANGE node_modules/strnum
6426 silly REMOVE node_modules/tagged-tag
6427 silly REMOVE node_modules/terminal-size
6428 silly CHANGE node_modules/streamx
6429 silly CHANGE node_modules/strip-final-newline
6430 silly CHANGE node_modules/string-width
6431 silly CHANGE node_modules/std-env
6432 silly CHANGE node_modules/strip-ansi
6433 silly REMOVE node_modules/sqlstring
6434 silly REMOVE node_modules/stack-utils
6435 silly CHANGE node_modules/source-map-js
6436 silly CHANGE node_modules/split2
6437 silly REMOVE node_modules/stackback
6438 silly REMOVE node_modules/slice-ansi
6439 silly REMOVE node_modules/slice-ansi/node_modules/is-fullwidth-code-point
6440 silly REMOVE node_modules/slice-ansi/node_modules/ansi-styles
6441 silly CHANGE node_modules/sisteransi
6442 silly CHANGE node_modules/signal-exit
6443 silly CHANGE node_modules/sharp
6444 silly CHANGE node_modules/shebang-command
6445 silly CHANGE node_modules/semver
6446 silly CHANGE node_modules/shebang-regex
6447 silly REMOVE node_modules/siginfo
6448 silly REMOVE node_modules/setimmediate
6449 silly REMOVE node_modules/seq-queue
6450 silly CHANGE node_modules/run-applescript
6451 silly REMOVE node_modules/safer-buffer
6452 silly CHANGE node_modules/rolldown
6453 silly REMOVE node_modules/run-parallel
6454 silly REMOVE node_modules/safe-regex2
6455 silly REMOVE node_modules/robust-predicates
6456 silly REMOVE node_modules/ret
6457 silly REMOVE node_modules/reusify
6458 silly REMOVE node_modules/require-from-string
6459 silly CHANGE node_modules/remeda
6460 silly REMOVE node_modules/restore-cursor
6461 silly REMOVE node_modules/restore-cursor/node_modules/signal-exit
6462 silly CHANGE node_modules/retry
6463 silly CHANGE node_modules/resolve-from
6464 silly CHANGE node_modules/regexp-to-ast
6465 silly CHANGE node_modules/readdirp
6466 silly REMOVE node_modules/readable-stream
6467 silly REMOVE node_modules/readable-stream/node_modules/string_decoder
6468 silly REMOVE node_modules/readable-stream/node_modules/safe-buffer
6469 silly CHANGE node_modules/react-reconciler
6470 silly REMOVE node_modules/react-reconciler/node_modules/react
6471 silly CHANGE node_modules/react-reconciler/node_modules/scheduler
6472 silly CHANGE node_modules/react
6473 silly REMOVE node_modules/pure-rand
6474 silly CHANGE node_modules/proxy-from-env
6475 silly CHANGE node_modules/rc9
6476 silly CHANGE node_modules/proper-lockfile
6477 silly CHANGE node_modules/proper-lockfile/node_modules/retry
6478 silly CHANGE node_modules/proper-lockfile/node_modules/signal-exit
6479 silly REMOVE node_modules/queue-microtask
6480 silly CHANGE node_modules/protobufjs
6481 silly ADD node_modules/protobufjs/node_modules/long
6482 silly CHANGE node_modules/promise-limit
6483 silly CHANGE node_modules/pretty-ms
6484 silly CHANGE node_modules/prisma
6485 silly ADD node_modules/prisma/node_modules/@prisma/management-api-sdk
6486 silly CHANGE node_modules/powershell-utils
6487 silly CHANGE node_modules/prettier
6488 silly REMOVE node_modules/process-nextick-args
6489 silly CHANGE node_modules/postgres-interval
6490 silly CHANGE node_modules/postgres-bytea
6491 silly CHANGE node_modules/postgres-date
6492 silly REMOVE node_modules/postgres
6493 silly CHANGE node_modules/postgres-array
6494 silly CHANGE node_modules/postcss
6495 silly CHANGE node_modules/pg-protocol
6496 silly CHANGE node_modules/picomatch
6497 silly CHANGE node_modules/pkg-types
6498 silly ADD node_modules/pkg-types/node_modules/confbox
6499 silly CHANGE node_modules/pluralize
6500 silly CHANGE node_modules/pgpass
6501 silly CHANGE node_modules/picocolors
6502 silly CHANGE node_modules/pg-cursor
6503 silly CHANGE node_modules/path-scurry
6504 silly CHANGE node_modules/pg-types
6505 silly CHANGE node_modules/pg-pool
6506 silly CHANGE node_modules/pg-int8
6507 silly CHANGE node_modules/pend
6508 silly CHANGE node_modules/pg-connection-string
6509 silly CHANGE node_modules/pg
6510 silly CHANGE node_modules/perfect-debounce
6511 silly CHANGE node_modules/pg-cloudflare
6512 silly CHANGE node_modules/path-key
6513 silly CHANGE node_modules/pathe
6514 silly CHANGE node_modules/path-expression-matcher
6515 silly REMOVE node_modules/pako
6516 silly CHANGE node_modules/parse-ms
6517 silly REMOVE node_modules/patch-console
6518 silly CHANGE node_modules/openapi-typescript-helpers
6519 silly CHANGE node_modules/obug
6520 silly CHANGE node_modules/package-manager-detector
6521 silly CHANGE node_modules/p-retry
6522 silly CHANGE node_modules/open
6523 silly CHANGE node_modules/openapi-fetch
6524 silly CHANGE node_modules/ohash
6525 silly REMOVE node_modules/onetime
6526 silly CHANGE node_modules/npm-run-path
6527 silly CHANGE node_modules/npm-run-path/node_modules/path-key
6528 silly CHANGE node_modules/nopt
6529 silly CHANGE node_modules/nanoid
6530 silly REMOVE node_modules/node-gyp-build-optional-packages
6531 silly CHANGE node_modules/node-addon-api
6532 silly CHANGE node_modules/giget
6533 silly CHANGE node_modules/node-domexception
6534 silly CHANGE node_modules/node-gyp-build
6535 silly REMOVE node_modules/mysql2
6536 silly REMOVE node_modules/mysql2/node_modules/long
6537 silly REMOVE node_modules/msgpackr-extract
6538 silly REMOVE node_modules/msgpackr
6539 silly REMOVE node_modules/named-placeholders
6540 silly CHANGE node_modules/modern-tar
6541 silly CHANGE node_modules/minizlib
6542 silly CHANGE node_modules/ms
6543 silly CHANGE node_modules/lru-cache
6544 silly CHANGE node_modules/minipass
6545 silly REMOVE node_modules/mimic-fn
6546 silly REMOVE node_modules/merge2
6547 silly CHANGE node_modules/magicast
6548 silly REMOVE node_modules/lru.min
6549 silly REMOVE node_modules/micromatch
6550 silly REMOVE node_modules/micromatch/node_modules/picomatch
6551 silly CHANGE node_modules/long
6552 silly CHANGE node_modules/magic-string
6553 silly CHANGE node_modules/lodash.isstring
6554 silly CHANGE node_modules/lodash.isplainobject
6555 silly CHANGE node_modules/lodash.isinteger
6556 silly CHANGE node_modules/lodash
6557 silly CHANGE node_modules/lodash.once
6558 silly CHANGE node_modules/lodash.includes
6559 silly CHANGE node_modules/lodash.isboolean
6560 silly CHANGE node_modules/lodash.isnumber
6561 silly CHANGE node_modules/lightningcss
6562 silly REMOVE node_modules/lie
6563 silly CHANGE node_modules/lightningcss-darwin-arm64
6564 silly CHANGE node_modules/lilconfig
6565 silly CHANGE node_modules/jws
6566 silly CHANGE node_modules/jsonwebtoken
6567 silly CHANGE node_modules/libsodium-wrappers
6568 silly CHANGE node_modules/libsql
6569 silly CHANGE node_modules/libsql/node_modules/detect-libc
6570 silly CHANGE node_modules/libsodium
6571 silly REMOVE node_modules/jszip
6572 silly CHANGE node_modules/json-with-bigint
6573 silly CHANGE node_modules/jsonc-parser
6574 silly CHANGE node_modules/jwa
6575 silly REMOVE node_modules/json-schema-traverse
6576 silly CHANGE node_modules/js-base64
6577 silly CHANGE node_modules/is-stream
6578 silly CHANGE node_modules/isexe
6579 silly CHANGE node_modules/json-bigint
6580 silly CHANGE node_modules/jju
6581 silly CHANGE node_modules/jiti
6582 silly CHANGE node_modules/is-unsafe
6583 silly REMOVE node_modules/isarray
6584 silly REMOVE node_modules/is-property
6585 silly CHANGE node_modules/is-wsl
6586 silly CHANGE node_modules/is-plain-obj
6587 silly CHANGE node_modules/is-in-ssh
6588 silly CHANGE node_modules/is-unicode-supported
6589 silly CHANGE node_modules/is-inside-container
6590 silly REMOVE node_modules/is-number
6591 silly REMOVE node_modules/ink
6592 silly REMOVE node_modules/ink/node_modules/scheduler
6593 silly REMOVE node_modules/ink/node_modules/signal-exit
6594 silly REMOVE node_modules/ink/node_modules/ansi-styles
6595 silly REMOVE node_modules/ink/node_modules/chalk
6596 silly REMOVE node_modules/ink/node_modules/wrap-ansi
6597 silly REMOVE node_modules/ink/node_modules/wrap-ansi/node_modules/string-width
6598 silly REMOVE node_modules/ink/node_modules/wrap-ansi/node_modules/string-width/node_modules/emoji-regex
6599 silly REMOVE node_modules/ink/node_modules/string-width
6600 silly REMOVE node_modules/internmap
6601 silly REMOVE node_modules/is-in-ci
6602 silly REMOVE node_modules/is-glob
6603 silly REMOVE node_modules/is-extglob
6604 silly CHANGE node_modules/is-docker
6605 silly REMOVE node_modules/iconv-lite
6606 silly REMOVE node_modules/indent-string
6607 silly CHANGE node_modules/human-signals
6608 silly CHANGE node_modules/http-status-codes
6609 silly REMOVE node_modules/immediate
6610 silly CHANGE node_modules/hono
6611 silly CHANGE node_modules/https-proxy-agent
6612 silly CHANGE node_modules/hasown
6613 silly CHANGE node_modules/fast-string-truncated-width
6614 silly CHANGE node_modules/grammex
6615 silly REMOVE node_modules/glob-parent
6616 silly CHANGE node_modules/graphmatch
6617 silly CHANGE node_modules/graceful-fs
6618 silly CHANGE node_modules/google-auth-library
6619 silly REMOVE node_modules/find-my-way
6620 silly CHANGE node_modules/google-logging-utils
6621 silly CHANGE node_modules/get-stream
6622 silly CHANGE node_modules/get-port-please
6623 silly CHANGE node_modules/get-east-asian-width
6624 silly CHANGE node_modules/gaxios
6625 silly ADD node_modules/gaxios/node_modules/agent-base
6626 silly CHANGE node_modules/gaxios/node_modules/node-fetch
6627 silly CHANGE node_modules/gaxios/node_modules/https-proxy-agent
6628 silly REMOVE node_modules/gaxios/node_modules/https-proxy-agent/node_modules/agent-base
6629 silly CHANGE node_modules/gcp-metadata
6630 silly REMOVE node_modules/get-intrinsic/node_modules/hasown
6631 silly REMOVE node_modules/generate-function
6632 silly CHANGE node_modules/fsevents
6633 silly CHANGE node_modules/foreground-child
6634 silly CHANGE node_modules/formdata-polyfill
6635 silly CHANGE node_modules/follow-redirects
6636 silly REMOVE node_modules/fill-range
6637 silly CHANGE node_modules/form-data
6638 silly CHANGE node_modules/file-uri-to-path
6639 silly REMOVE node_modules/fastq
6640 silly CHANGE node_modules/fdir
6641 silly CHANGE node_modules/figures
6642 silly CHANGE node_modules/fast-xml-parser
6643 silly CHANGE node_modules/fetch-blob
6644 silly REMOVE node_modules/fast-uri
6645 silly CHANGE node_modules/fast-wrap-ansi
6646 silly REMOVE node_modules/fast-glob
6647 silly CHANGE node_modules/fast-xml-builder
6648 silly CHANGE node_modules/fast-string-width
6649 silly REMOVE node_modules/fast-querystring
6650 silly REMOVE node_modules/fast-decode-uri-component
6651 silly CHANGE node_modules/fast-fifo
6652 silly CHANGE node_modules/extend
6653 silly REMOVE node_modules/fast-deep-equal
6654 silly REMOVE node_modules/fast-check
6655 silly CHANGE node_modules/exsolve
6656 silly CHANGE node_modules/execa
6657 silly CHANGE node_modules/events-universal
6658 silly CHANGE node_modules/expect-type
6659 silly CHANGE node_modules/esbuild
6660 silly CHANGE node_modules/estree-walker
6661 silly REMOVE node_modules/es-toolkit
6662 silly REMOVE node_modules/escape-string-regexp
6663 silly CHANGE node_modules/es-module-lexer
6664 silly REMOVE node_modules/es-set-tostringtag/node_modules/hasown
6665 silly CHANGE node_modules/effect
6666 silly REMOVE node_modules/env-paths
6667 silly REMOVE node_modules/empathic
6668 silly REMOVE node_modules/environment
6669 silly CHANGE node_modules/ecdsa-sig-formatter
6670 silly REMOVE node_modules/elkjs
6671 silly CHANGE node_modules/dotenv
6672 silly CHANGE node_modules/destr
6673 silly CHANGE node_modules/detect-libc
6674 silly REMOVE node_modules/denque
6675 silly REMOVE node_modules/delaunator
6676 silly CHANGE node_modules/define-lazy-prop
6677 silly CHANGE node_modules/defu
6678 silly CHANGE node_modules/default-browser-id
6679 silly CHANGE node_modules/default-browser
6680 silly REMOVE node_modules/d3-scale
6681 silly REMOVE node_modules/d3-time-format
6682 silly CHANGE node_modules/debug
6683 silly REMOVE node_modules/deepmerge-ts
6684 silly CHANGE node_modules/data-uri-to-buffer
6685 silly REMOVE node_modules/d3-time
6686 silly REMOVE node_modules/d3-interpolate
6687 silly REMOVE node_modules/d3-shape
6688 silly REMOVE node_modules/d3-format
6689 silly REMOVE node_modules/d3-geo
6690 silly REMOVE node_modules/d3-path
6691 silly REMOVE node_modules/d3-delaunay
6692 silly REMOVE node_modules/d3-color
6693 silly REMOVE node_modules/d3-array
6694 silly CHANGE node_modules/cross-spawn
6695 silly REMOVE node_modules/convert-to-spaces
6696 silly REMOVE node_modules/csstype
6697 silly CHANGE node_modules/confbox
6698 silly REMOVE node_modules/core-util-is
6699 silly CHANGE node_modules/content-type
6700 silly CHANGE node_modules/consola
6701 silly REMOVE node_modules/convert-source-map
6702 silly CHANGE node_modules/colorette
6703 silly REMOVE node_modules/code-excerpt
6704 silly CHANGE node_modules/closest-match
6705 silly REMOVE node_modules/classnames
6706 silly CHANGE node_modules/clipanion
6707 silly REMOVE node_modules/cliui/node_modules/wrap-ansi
6708 silly REMOVE node_modules/cliui/node_modules/strip-ansi
6709 silly REMOVE node_modules/cliui/node_modules/strip-ansi/node_modules/ansi-regex
6710 silly REMOVE node_modules/cliui/node_modules/string-width
6711 silly REMOVE node_modules/cli-truncate
6712 silly REMOVE node_modules/cli-truncate/node_modules/string-width
6713 silly CHANGE node_modules/ci-info
6714 silly CHANGE node_modules/chokidar
6715 silly REMOVE node_modules/cli-boxes
6716 silly REMOVE node_modules/cli-cursor
6717 silly CHANGE node_modules/chownr
6718 silly CHANGE node_modules/chevrotain
6719 silly CHANGE node_modules/chai
6720 silly CHANGE node_modules/c12
6721 silly CHANGE node_modules/capnweb
6722 silly REMOVE node_modules/capnp-es
6723 silly CHANGE node_modules/bowser
6724 silly CHANGE node_modules/bundle-name
6725 silly REMOVE node_modules/braces
6726 silly CHANGE node_modules/better-result
6727 silly CHANGE node_modules/buffer-equal-constant-time
6728 silly CHANGE node_modules/bindings
6729 silly CHANGE node_modules/base64-js
6730 silly CHANGE node_modules/bignumber.js
6731 silly CHANGE node_modules/before-after-hook
6732 silly CHANGE node_modules/bare-path
6733 silly CHANGE node_modules/bcrypt
6734 silly CHANGE node_modules/bare-stream
6735 silly CHANGE node_modules/bare-fs
6736 silly CHANGE node_modules/bare-url
6737 silly CHANGE node_modules/bare-events
6738 silly REMOVE node_modules/aws-ssl-profiles
6739 silly CHANGE node_modules/axios
6740 silly CHANGE node_modules/b4a
6741 silly CHANGE node_modules/aws4fetch
6742 silly CHANGE node_modules/async-sema
6743 silly CHANGE node_modules/arktype
6744 silly CHANGE node_modules/assertion-error
6745 silly CHANGE node_modules/anynum
6746 silly REMOVE node_modules/auto-bind
6747 silly CHANGE node_modules/arkregex
6748 silly REMOVE node_modules/alchemy
6749 silly REMOVE node_modules/alchemy/node_modules/@clack/prompts
6750 silly REMOVE node_modules/alchemy/node_modules/@clack/prompts/node_modules/@clack/core
6751 silly REMOVE node_modules/alchemy/node_modules/react
6752 silly REMOVE node_modules/alchemy/node_modules/rolldown
6753 silly REMOVE node_modules/alchemy/node_modules/rolldown/node_modules/@rolldown/binding-darwin-arm64
6754 silly REMOVE node_modules/alchemy/node_modules/rolldown/node_modules/@oxc-project/types
6755 silly REMOVE node_modules/ansi-escapes
6756 silly CHANGE node_modules/ansi-regex
6757 silly REMOVE node_modules/ajv
6758 silly CHANGE node_modules/abbrev
6759 silly CHANGE node_modules/acorn-import-attributes
6760 silly CHANGE node_modules/acorn
6761 silly CHANGE node_modules/agent-base
6762 verbose cwd /Users/nixonpaul/code/nlp resume analyzer/NLP-based-Resume-Analyzer
6763 verbose os Darwin 27.0.0
6764 verbose node v22.20.0
6765 verbose npm  v10.9.3
6766 notice
6766 notice New [31mmajor[39m version of npm available! [31m10.9.3[39m -> [34m12.2.0[39m
6766 notice Changelog: [34mhttps://github.com/npm/cli/releases/tag/v12.2.0[39m
6766 notice To update run: [4mnpm install -g npm@12.2.0[24m
6766 notice  { force: true, [Symbol(proc-log.meta)]: true }
6767 verbose exit 0
6768 info ok
